indicatorId;geoUnit;year;value;qualifier;magnitude
SCHBSP.2.WELEC;ABW;2010;100;;
SCHBSP.2.WELEC;ABW;2024;100;;
SCHBSP.2.WELEC;AFG;2016;16.54297065734863;;
SCHBSP.2.WELEC;AFG;2017;17.33871078491211;;
SCHBSP.2.WELEC;AFG;2018;19.41748046875;;
SCHBSP.2.WELEC;AFG;2019;20.49411964416504;;
SCHBSP.2.WELEC;AGO;2016;65.32618409294012;;
SCHBSP.2.WELEC;AIA;2010;100;;
SCHBSP.2.WELEC;AIA;2019;100;;
SCHBSP.2.WELEC;AIA;2020;100;;
SCHBSP.2.WELEC;AIA;2021;100;;
SCHBSP.2.WELEC;AIA;2022;100;;
SCHBSP.2.WELEC;AIA;2023;100;;
SCHBSP.2.WELEC;AIA;2024;100;;
SCHBSP.2.WELEC;AIA;2025;100;;
SCHBSP.2.WELEC;AIMS: Asia and the Pacific;2011;68.37045288085938;UIS_EST;
SCHBSP.2.WELEC;AIMS: Asia and the Pacific;2012;68.30924224853516;;
SCHBSP.2.WELEC;AIMS: Asia and the Pacific;2013;69.04736328125;UIS_EST;
SCHBSP.2.WELEC;AIMS: Asia and the Pacific;2014;69.91761016845703;UIS_EST;
SCHBSP.2.WELEC;AIMS: Asia and the Pacific;2015;70.90437316894531;UIS_EST;
SCHBSP.2.WELEC;AIMS: Asia and the Pacific;2016;72.01162719726562;;
SCHBSP.2.WELEC;AIMS: Asia and the Pacific;2017;73.45632934570312;;
SCHBSP.2.WELEC;AIMS: Asia and the Pacific;2018;75.12261962890625;;
SCHBSP.2.WELEC;AIMS: Asia and the Pacific;2019;81.24017333984375;;
SCHBSP.2.WELEC;AIMS: Asia and the Pacific;2020;86.32498168945312;;
SCHBSP.2.WELEC;AIMS: Asia and the Pacific;2021;86.39321899414062;;
SCHBSP.2.WELEC;AIMS: Asia and the Pacific;2022;88.81670379638672;;
SCHBSP.2.WELEC;AIMS: Asia and the Pacific;2023;89.5190200805664;;
SCHBSP.2.WELEC;AIMS: Asia and the Pacific;2024;89.55442810058594;;
SCHBSP.2.WELEC;AIMS: Central Asia;2016;99.84691619873047;UIS_EST;
SCHBSP.2.WELEC;AIMS: Central Asia;2017;99.86913299560547;;
SCHBSP.2.WELEC;AIMS: Central Asia;2018;99.89189147949219;;
SCHBSP.2.WELEC;AIMS: Central Asia;2019;99.91368103027344;;
SCHBSP.2.WELEC;AIMS: Central Asia;2020;99.93572235107422;;
SCHBSP.2.WELEC;AIMS: Central Asia;2021;99.9572982788086;UIS_EST;
SCHBSP.2.WELEC;AIMS: Central Asia;2022;99.97872924804688;UIS_EST;
SCHBSP.2.WELEC;AIMS: Central Asia;2023;100;UIS_EST;
SCHBSP.2.WELEC;AIMS: Central Asia;2024;100;UIS_EST;
SCHBSP.2.WELEC;AIMS: East Asia;2011;92.51744079589844;UIS_EST;
SCHBSP.2.WELEC;AIMS: East Asia;2012;92.64515686035156;UIS_EST;
SCHBSP.2.WELEC;AIMS: East Asia;2013;93.22731018066406;UIS_EST;
SCHBSP.2.WELEC;AIMS: East Asia;2014;94.00527954101562;UIS_EST;
SCHBSP.2.WELEC;AIMS: East Asia;2015;94.95851135253906;UIS_EST;
SCHBSP.2.WELEC;AIMS: East Asia;2016;96.00730895996094;UIS_EST;
SCHBSP.2.WELEC;AIMS: East Asia;2017;95.97248077392578;;
SCHBSP.2.WELEC;AIMS: East Asia;2018;96.46833801269531;;
SCHBSP.2.WELEC;AIMS: East Asia;2019;96.74874877929688;UIS_EST;
SCHBSP.2.WELEC;AIMS: East Asia;2020;96.99909210205078;UIS_EST;
SCHBSP.2.WELEC;AIMS: East Asia;2021;96.92574310302734;UIS_EST;
SCHBSP.2.WELEC;AIMS: East Asia;2022;97.13091278076172;UIS_EST;
SCHBSP.2.WELEC;AIMS: East Asia;2023;97.34385681152344;;
SCHBSP.2.WELEC;AIMS: East Asia;2024;97.4098892211914;;
SCHBSP.2.WELEC;AIMS: East Asia and the Pacific;2011;92.94660186767578;UIS_EST;
SCHBSP.2.WELEC;AIMS: East Asia and the Pacific;2012;93.06397247314453;UIS_EST;
SCHBSP.2.WELEC;AIMS: East Asia and the Pacific;2013;93.58907318115234;UIS_EST;
SCHBSP.2.WELEC;AIMS: East Asia and the Pacific;2014;94.30162048339844;UIS_EST;
SCHBSP.2.WELEC;AIMS: East Asia and the Pacific;2015;95.18256378173828;UIS_EST;
SCHBSP.2.WELEC;AIMS: East Asia and the Pacific;2016;96.1569595336914;UIS_EST;
SCHBSP.2.WELEC;AIMS: East Asia and the Pacific;2017;96.09709167480469;;
SCHBSP.2.WELEC;AIMS: East Asia and the Pacific;2018;96.55462646484375;;
SCHBSP.2.WELEC;AIMS: East Asia and the Pacific;2019;96.8189468383789;UIS_EST;
SCHBSP.2.WELEC;AIMS: East Asia and the Pacific;2020;97.03800201416016;UIS_EST;
SCHBSP.2.WELEC;AIMS: East Asia and the Pacific;2021;96.98928833007812;UIS_EST;
SCHBSP.2.WELEC;AIMS: East Asia and the Pacific;2022;97.20575714111328;UIS_EST;
SCHBSP.2.WELEC;AIMS: East Asia and the Pacific;2023;97.40927124023438;;
SCHBSP.2.WELEC;AIMS: East Asia and the Pacific;2024;97.46939086914062;;
SCHBSP.2.WELEC;AIMS: Pacific;2000;98.37550354003906;;
SCHBSP.2.WELEC;AIMS: Pacific;2001;98.37460327148438;;
SCHBSP.2.WELEC;AIMS: Pacific;2002;98.37570190429688;;
SCHBSP.2.WELEC;AIMS: Pacific;2003;98.37579345703125;;
SCHBSP.2.WELEC;AIMS: Pacific;2004;98.3773193359375;;
SCHBSP.2.WELEC;AIMS: Pacific;2005;98.37830352783203;;
SCHBSP.2.WELEC;AIMS: Pacific;2006;98.37825775146484;;
SCHBSP.2.WELEC;AIMS: Pacific;2007;98.37640380859375;;
SCHBSP.2.WELEC;AIMS: Pacific;2008;98.37567138671875;;
SCHBSP.2.WELEC;AIMS: Pacific;2009;98.37545013427734;;
SCHBSP.2.WELEC;AIMS: Pacific;2010;98.3861312866211;;
SCHBSP.2.WELEC;AIMS: Pacific;2011;98.37389373779297;;
SCHBSP.2.WELEC;AIMS: Pacific;2012;98.35958099365234;;
SCHBSP.2.WELEC;AIMS: Pacific;2013;98.35198211669922;;
SCHBSP.2.WELEC;AIMS: Pacific;2014;98.34696960449219;;
SCHBSP.2.WELEC;AIMS: Pacific;2015;98.34362030029297;;
SCHBSP.2.WELEC;AIMS: Pacific;2016;98.33989715576172;;
SCHBSP.2.WELEC;AIMS: Pacific;2017;97.9625015258789;;
SCHBSP.2.WELEC;AIMS: Pacific;2018;97.82942962646484;;
SCHBSP.2.WELEC;AIMS: Pacific;2019;97.83585357666016;;
SCHBSP.2.WELEC;AIMS: Pacific;2020;97.55864715576172;;
SCHBSP.2.WELEC;AIMS: Pacific;2021;97.83930969238281;;
SCHBSP.2.WELEC;AIMS: Pacific;2022;98.19979858398438;UIS_EST;
SCHBSP.2.WELEC;AIMS: South and West Asia;2011;61.47486114501953;UIS_EST;
SCHBSP.2.WELEC;AIMS: South and West Asia;2012;61.34333038330078;;
SCHBSP.2.WELEC;AIMS: South and West Asia;2013;61.57851028442383;UIS_EST;
SCHBSP.2.WELEC;AIMS: South and West Asia;2014;61.87422943115234;UIS_EST;
SCHBSP.2.WELEC;AIMS: South and West Asia;2015;62.20832061767578;UIS_EST;
SCHBSP.2.WELEC;AIMS: South and West Asia;2016;62.58821105957031;;
SCHBSP.2.WELEC;AIMS: South and West Asia;2017;64.64109802246094;;
SCHBSP.2.WELEC;AIMS: South and West Asia;2018;66.84203338623047;;
SCHBSP.2.WELEC;AIMS: South and West Asia;2019;75.26875305175781;;
SCHBSP.2.WELEC;AIMS: South and West Asia;2020;82.2571792602539;;
SCHBSP.2.WELEC;AIMS: South and West Asia;2021;82.39157104492188;;
SCHBSP.2.WELEC;AIMS: South and West Asia;2022;85.64875030517578;;
SCHBSP.2.WELEC;AIMS: South and West Asia;2023;86.55438995361328;;
SCHBSP.2.WELEC;AIMS: South and West Asia;2024;86.63288879394531;;
SCHBSP.2.WELEC;ALB;2018;95.68773234200744;;
SCHBSP.2.WELEC;ALB;2019;95.42947202521671;;
SCHBSP.2.WELEC;ALB;2020;100;;
SCHBSP.2.WELEC;ALB;2021;100;;
SCHBSP.2.WELEC;ALB;2022;100;;
SCHBSP.2.WELEC;ALB;2023;100;;
SCHBSP.2.WELEC;ALB;2024;100;;
SCHBSP.2.WELEC;ALECSO: Gulf countries;2015;100;UIS_EST;
SCHBSP.2.WELEC;ALECSO: Gulf countries;2016;100;;
SCHBSP.2.WELEC;ALECSO: Gulf countries;2018;100;;
SCHBSP.2.WELEC;ALECSO: Gulf countries;2019;100;;
SCHBSP.2.WELEC;ALECSO: Gulf countries;2020;100;;
SCHBSP.2.WELEC;ALECSO: Gulf countries;2021;100;;
SCHBSP.2.WELEC;ALECSO: Gulf countries;2022;100;;
SCHBSP.2.WELEC;ALECSO: Gulf countries;2023;100;UIS_EST;
SCHBSP.2.WELEC;ALECSO: Gulf countries;2024;100;;
SCHBSP.2.WELEC;ALECSO: Least developed countries;2015;60.63880920410156;UIS_EST;
SCHBSP.2.WELEC;ALECSO: Least developed countries;2016;60.62583160400391;;
SCHBSP.2.WELEC;ALECSO: Least developed countries;2017;60.20845031738281;UIS_EST;
SCHBSP.2.WELEC;ALECSO: Maghreb countries;2017;96.40901184082031;UIS_EST;
SCHBSP.2.WELEC;ALECSO: Maghreb countries;2018;96.26722717285156;UIS_EST;
SCHBSP.2.WELEC;ALECSO: Maghreb countries;2019;96.5825424194336;UIS_EST;
SCHBSP.2.WELEC;ALECSO: Maghreb countries;2020;96.82546997070312;;
SCHBSP.2.WELEC;ALECSO: Maghreb countries;2021;90.9985580444336;UIS_EST;
SCHBSP.2.WELEC;ALECSO: Maghreb countries;2022;86.84274291992188;UIS_EST;
SCHBSP.2.WELEC;ALECSO: Maghreb countries;2023;84.26280975341797;UIS_EST;
SCHBSP.2.WELEC;ALECSO: Maghreb countries;2024;97.0397720336914;;
SCHBSP.2.WELEC;ALECSO: Mashriq countries;2009;96.70606231689453;UIS_EST;
SCHBSP.2.WELEC;ALECSO: Mashriq countries;2010;96.72917938232422;UIS_EST;
SCHBSP.2.WELEC;ALECSO: Mashriq countries;2011;96.72975158691406;UIS_EST;
SCHBSP.2.WELEC;ALECSO: Mashriq countries;2012;96.89089965820312;UIS_EST;
SCHBSP.2.WELEC;ALECSO: Mashriq countries;2013;97.07843017578125;UIS_EST;
SCHBSP.2.WELEC;ALECSO: Mashriq countries;2014;97.2268295288086;UIS_EST;
SCHBSP.2.WELEC;ALECSO: Mashriq countries;2015;97.36196899414062;UIS_EST;
SCHBSP.2.WELEC;ALECSO: Mashriq countries;2016;97.48558807373047;;
SCHBSP.2.WELEC;ALECSO: Mashriq countries;2017;95.90570831298828;UIS_EST;
SCHBSP.2.WELEC;ALECSO: Mashriq countries;2018;94.34706115722656;UIS_EST;
SCHBSP.2.WELEC;ALECSO: Mashriq countries;2019;92.74575805664062;UIS_EST;
SCHBSP.2.WELEC;ALECSO: Mashriq countries;2020;91.13043212890625;UIS_EST;
SCHBSP.2.WELEC;ALECSO: Mashriq countries;2021;89.54373931884766;;
SCHBSP.2.WELEC;ALECSO: Mashriq countries;2022;89.3721694946289;UIS_EST;
SCHBSP.2.WELEC;ALECSO: Mashriq countries;2023;88.0905990600586;;
SCHBSP.2.WELEC;ALECSO: Mashriq countries;2024;88.69970703125;;
SCHBSP.2.WELEC;ALECSO: Member countries;2015;85.5987319946289;UIS_EST;
SCHBSP.2.WELEC;ALECSO: Member countries;2016;85.787109375;;
SCHBSP.2.WELEC;ALECSO: Member countries;2017;84.90384674072266;UIS_EST;
SCHBSP.2.WELEC;ALECSO: Member countries;2018;84.36041259765625;UIS_EST;
SCHBSP.2.WELEC;ALECSO: Member countries;2019;90.22399139404297;UIS_EST;
SCHBSP.2.WELEC;ALECSO: Member countries;2020;89.65254211425781;UIS_EST;
SCHBSP.2.WELEC;ALECSO: Member countries;2021;87.77587890625;UIS_EST;
SCHBSP.2.WELEC;ALECSO: Member countries;2022;86.49752807617188;UIS_EST;
SCHBSP.2.WELEC;ALECSO: Member countries;2023;85.39749908447266;UIS_EST;
SCHBSP.2.WELEC;ALECSO: Member countries;2024;88.90493774414062;;
SCHBSP.2.WELEC;AND;2016;100;;
SCHBSP.2.WELEC;AND;2017;100;;
SCHBSP.2.WELEC;AND;2018;100;;
SCHBSP.2.WELEC;AND;2019;100;;
SCHBSP.2.WELEC;AND;2020;100;;
SCHBSP.2.WELEC;AND;2021;100;;
SCHBSP.2.WELEC;AND;2022;100;;
SCHBSP.2.WELEC;AND;2023;100;;
SCHBSP.2.WELEC;AND;2024;100;;
SCHBSP.2.WELEC;ARE;2018;100;;
SCHBSP.2.WELEC;ARE;2019;100;;
SCHBSP.2.WELEC;ARE;2020;100;;
SCHBSP.2.WELEC;ARE;2021;100;;
SCHBSP.2.WELEC;ARE;2022;100;;
SCHBSP.2.WELEC;ARE;2023;100;;
SCHBSP.2.WELEC;ARE;2024;100;;
SCHBSP.2.WELEC;ARG;2009;97.81967163085938;;
SCHBSP.2.WELEC;ARG;2015;97.36244019138755;;
SCHBSP.2.WELEC;ARG;2016;97.15743872767194;;
SCHBSP.2.WELEC;ARG;2017;96.81159420289856;;
SCHBSP.2.WELEC;ARG;2018;95.98749041128222;;
SCHBSP.2.WELEC;ARG;2019;97.62880562060889;;
SCHBSP.2.WELEC;ARG;2020;98.04271521208877;;
SCHBSP.2.WELEC;ARG;2021;97.29314420803783;;
SCHBSP.2.WELEC;ARG;2022;92.61871702304916;;
SCHBSP.2.WELEC;ARG;2023;92.99356046012439;;
SCHBSP.2.WELEC;ARM;2018;100;;
SCHBSP.2.WELEC;ARM;2019;100;;
SCHBSP.2.WELEC;ARM;2020;100;;
SCHBSP.2.WELEC;ARM;2021;100;;
SCHBSP.2.WELEC;ARM;2022;100;;
SCHBSP.2.WELEC;ARM;2023;100;;
SCHBSP.2.WELEC;ARM;2024;100;;
SCHBSP.2.WELEC;ATG;2010;100;UIS_EST;
SCHBSP.2.WELEC;ATG;2017;100;;
SCHBSP.2.WELEC;ATG;2018;100;;
SCHBSP.2.WELEC;ATG;2023;100;;
SCHBSP.2.WELEC;AUS;2000;100;;
SCHBSP.2.WELEC;AUS;2001;100;;
SCHBSP.2.WELEC;AUS;2002;100;;
SCHBSP.2.WELEC;AUS;2003;100;;
SCHBSP.2.WELEC;AUS;2004;100;;
SCHBSP.2.WELEC;AUS;2005;100;;
SCHBSP.2.WELEC;AUS;2006;100;;
SCHBSP.2.WELEC;AUS;2007;100;;
SCHBSP.2.WELEC;AUS;2008;100;;
SCHBSP.2.WELEC;AUS;2009;100;;
SCHBSP.2.WELEC;AUS;2010;100;;
SCHBSP.2.WELEC;AUS;2011;100;;
SCHBSP.2.WELEC;AUS;2012;100;;
SCHBSP.2.WELEC;AUS;2013;100;;
SCHBSP.2.WELEC;AUS;2014;100;;
SCHBSP.2.WELEC;AUS;2015;100;;
SCHBSP.2.WELEC;AUS;2016;100;;
SCHBSP.2.WELEC;AUS;2017;100;;
SCHBSP.2.WELEC;AUS;2018;100;;
SCHBSP.2.WELEC;AUS;2019;100;;
SCHBSP.2.WELEC;AUS;2020;100;;
SCHBSP.2.WELEC;AUS;2021;100;;
SCHBSP.2.WELEC;AUT;2012;100;;
SCHBSP.2.WELEC;AUT;2013;100;;
SCHBSP.2.WELEC;AUT;2014;100;;
SCHBSP.2.WELEC;AUT;2015;100;;
SCHBSP.2.WELEC;AUT;2016;100;;
SCHBSP.2.WELEC;AUT;2017;100;;
SCHBSP.2.WELEC;AUT;2018;100;;
SCHBSP.2.WELEC;AUT;2019;100;;
SCHBSP.2.WELEC;AUT;2020;100;;
SCHBSP.2.WELEC;AUT;2021;100;;
SCHBSP.2.WELEC;AUT;2022;100;;
SCHBSP.2.WELEC;AZE;2016;100;;
SCHBSP.2.WELEC;AZE;2017;100;;
SCHBSP.2.WELEC;AZE;2018;100;;
SCHBSP.2.WELEC;AZE;2019;100;;
SCHBSP.2.WELEC;AZE;2020;100;;
SCHBSP.2.WELEC;AZE;2021;100;;
SCHBSP.2.WELEC;AZE;2022;100;;
SCHBSP.2.WELEC;AZE;2023;100;;
SCHBSP.2.WELEC;AZE;2024;100;;
SCHBSP.2.WELEC;BDI;2016;41.5065334358186;;
SCHBSP.2.WELEC;BDI;2017;41.89294026377037;;
SCHBSP.2.WELEC;BDI;2019;25.16069788797062;;
SCHBSP.2.WELEC;BEL;2003;100;;
SCHBSP.2.WELEC;BEL;2004;100;;
SCHBSP.2.WELEC;BEL;2005;100;;
SCHBSP.2.WELEC;BEL;2006;100;;
SCHBSP.2.WELEC;BEL;2007;100;;
SCHBSP.2.WELEC;BEL;2008;100;;
SCHBSP.2.WELEC;BEL;2009;100;;
SCHBSP.2.WELEC;BEL;2010;100;;
SCHBSP.2.WELEC;BEL;2011;100;;
SCHBSP.2.WELEC;BEL;2012;100;;
SCHBSP.2.WELEC;BEL;2013;100;;
SCHBSP.2.WELEC;BEL;2014;100;;
SCHBSP.2.WELEC;BEL;2015;100;;
SCHBSP.2.WELEC;BEL;2016;100;;
SCHBSP.2.WELEC;BEL;2017;100;;
SCHBSP.2.WELEC;BEL;2018;100;;
SCHBSP.2.WELEC;BEL;2019;100;;
SCHBSP.2.WELEC;BEL;2020;100;;
SCHBSP.2.WELEC;BEL;2021;100;;
SCHBSP.2.WELEC;BEL;2022;100;;
SCHBSP.2.WELEC;BEN;2016;68.4788589477539;;
SCHBSP.2.WELEC;BEN;2020;78.06282806396484;;
SCHBSP.2.WELEC;BEN;2022;81.01788330078125;;
SCHBSP.2.WELEC;BFA;2013;46.33182844243792;;
SCHBSP.2.WELEC;BFA;2016;29.4231388978408;;
SCHBSP.2.WELEC;BFA;2018;35.11904761904761;;
SCHBSP.2.WELEC;BFA;2019;34.2451874366768;;
SCHBSP.2.WELEC;BFA;2020;41.36363636363637;;
SCHBSP.2.WELEC;BFA;2021;41.84971098265896;;
SCHBSP.2.WELEC;BFA;2023;43.30708661417323;;
SCHBSP.2.WELEC;BFA;2024;44.54951405306015;;
SCHBSP.2.WELEC;BGD;2012;69.92890166673142;;
SCHBSP.2.WELEC;BGD;2016;94.07680968267515;;
SCHBSP.2.WELEC;BGD;2017;90.29878906384;;
SCHBSP.2.WELEC;BGD;2018;92.34545017677547;;
SCHBSP.2.WELEC;BGD;2019;93.24938205624959;;
SCHBSP.2.WELEC;BGD;2020;92.90380342872302;;
SCHBSP.2.WELEC;BGD;2021;98.22731365061624;;
SCHBSP.2.WELEC;BGD;2022;98.42860678049988;;
SCHBSP.2.WELEC;BGD;2023;98.74911202396763;;
SCHBSP.2.WELEC;BGD;2024;98.74977185617814;;
SCHBSP.2.WELEC;BHR;2016;100;;
SCHBSP.2.WELEC;BHR;2017;100;;
SCHBSP.2.WELEC;BHR;2018;100;;
SCHBSP.2.WELEC;BHR;2019;100;;
SCHBSP.2.WELEC;BHR;2020;100;;
SCHBSP.2.WELEC;BHR;2022;100;;
SCHBSP.2.WELEC;BHR;2023;100;;
SCHBSP.2.WELEC;BHR;2024;100;;
SCHBSP.2.WELEC;BHS;2009;100;;
SCHBSP.2.WELEC;BLR;2016;100;;
SCHBSP.2.WELEC;BLR;2017;100;;
SCHBSP.2.WELEC;BLR;2018;100;;
SCHBSP.2.WELEC;BLR;2019;100;;
SCHBSP.2.WELEC;BLR;2020;100;;
SCHBSP.2.WELEC;BLR;2021;100;;
SCHBSP.2.WELEC;BLR;2022;100;;
SCHBSP.2.WELEC;BLR;2023;100;;
SCHBSP.2.WELEC;BLR;2024;100;;
SCHBSP.2.WELEC;BLZ;2010;100;;
SCHBSP.2.WELEC;BMU;2016;100;;
SCHBSP.2.WELEC;BOL;2013;77.55162241887905;;
SCHBSP.2.WELEC;BRA;2010;97.47643280029297;;
SCHBSP.2.WELEC;BRA;2017;97.8315200805664;;
SCHBSP.2.WELEC;BRB;2009;100;;
SCHBSP.2.WELEC;BRB;2015;100;;
SCHBSP.2.WELEC;BRB;2016;100;;
SCHBSP.2.WELEC;BRB;2017;100;;
SCHBSP.2.WELEC;BRB;2018;100;;
SCHBSP.2.WELEC;BRB;2019;100;;
SCHBSP.2.WELEC;BRB;2020;100;;
SCHBSP.2.WELEC;BRB;2021;100;;
SCHBSP.2.WELEC;BRB;2022;100;;
SCHBSP.2.WELEC;BRB;2023;100;;
SCHBSP.2.WELEC;BRB;2024;100;;
SCHBSP.2.WELEC;BRN;2016;100;;
SCHBSP.2.WELEC;BRN;2017;100;;
SCHBSP.2.WELEC;BRN;2018;100;;
SCHBSP.2.WELEC;BRN;2019;100;;
SCHBSP.2.WELEC;BRN;2020;100;;
SCHBSP.2.WELEC;BTN;2011;86;;
SCHBSP.2.WELEC;BTN;2012;88.1578947368421;;
SCHBSP.2.WELEC;BTN;2017;90.97222222222221;;
SCHBSP.2.WELEC;BTN;2018;96.47887323943662;;
SCHBSP.2.WELEC;BTN;2020;100;;
SCHBSP.2.WELEC;BTN;2021;97.61904761904762;;
SCHBSP.2.WELEC;BTN;2022;100;;
SCHBSP.2.WELEC;BTN;2023;100;;
SCHBSP.2.WELEC;BTN;2024;100;;
SCHBSP.2.WELEC;BWA;2012;100;;
SCHBSP.2.WELEC;BWA;2022;100;;
SCHBSP.2.WELEC;CAF;2016;37.42330932617188;;
SCHBSP.2.WELEC;CECC-SICA;2009;89.58081817626953;UIS_EST;
SCHBSP.2.WELEC;CECC-SICA;2010;89.90367126464844;UIS_EST;
SCHBSP.2.WELEC;CECC-SICA;2011;89.09628295898438;UIS_EST;
SCHBSP.2.WELEC;CECC-SICA;2012;88.0576400756836;UIS_EST;
SCHBSP.2.WELEC;CECC-SICA;2013;87.4365463256836;UIS_EST;
SCHBSP.2.WELEC;CECC-SICA;2014;86.81092834472656;UIS_EST;
SCHBSP.2.WELEC;CECC-SICA;2018;83.10944366455078;UIS_EST;
SCHBSP.2.WELEC;CECC-SICA;2019;82.50163269042969;UIS_EST;
SCHBSP.2.WELEC;CECC-SICA;2020;82.43119049072266;UIS_EST;
SCHBSP.2.WELEC;CHE;2011;100;;
SCHBSP.2.WELEC;CHE;2012;100;;
SCHBSP.2.WELEC;CHE;2013;100;;
SCHBSP.2.WELEC;CHE;2014;100;;
SCHBSP.2.WELEC;CHE;2015;100;;
SCHBSP.2.WELEC;CHE;2016;100;;
SCHBSP.2.WELEC;CHE;2017;100;;
SCHBSP.2.WELEC;CHE;2018;100;;
SCHBSP.2.WELEC;CHE;2019;100;;
SCHBSP.2.WELEC;CHN;2017;99.39368356421966;;
SCHBSP.2.WELEC;CHN;2018;99.39299340964274;;
SCHBSP.2.WELEC;CHN;2019;99.41325843561233;;
SCHBSP.2.WELEC;CHN;2020;99.47534102833158;;
SCHBSP.2.WELEC;CHN;2021;99.59662910709213;;
SCHBSP.2.WELEC;CHN;2022;99.47419190104216;;
SCHBSP.2.WELEC;CHN;2023;99.4626524390244;;
SCHBSP.2.WELEC;CHN;2024;99.4058989837243;;
SCHBSP.2.WELEC;CIV;2016;100;;
SCHBSP.2.WELEC;CIV;2018;100;;
SCHBSP.2.WELEC;CIV;2019;89.64834076275385;;
SCHBSP.2.WELEC;CIV;2020;89.72235752557233;;
SCHBSP.2.WELEC;CIV;2021;90.290337934317;;
SCHBSP.2.WELEC;CIV;2022;90.77141504969238;;
SCHBSP.2.WELEC;CIV;2023;73.00291545189505;;
SCHBSP.2.WELEC;CIV;2024;85.56672250139586;;
SCHBSP.2.WELEC;CMR;2013;58.07940904893813;;
SCHBSP.2.WELEC;CMR;2016;53.09033280507131;;
SCHBSP.2.WELEC;CMR;2021;36.70647391577624;;
SCHBSP.2.WELEC;CMR;2022;36.67692307692308;;
SCHBSP.2.WELEC;CMR;2023;36.28428927680798;;
SCHBSP.2.WELEC;COD;2015;13.72486972808838;;
SCHBSP.2.WELEC;COD;2021;4.705180168151855;;
SCHBSP.2.WELEC;COD;2023;11.69040966033936;;
SCHBSP.2.WELEC;COG;2018;35.01514053344727;;
SCHBSP.2.WELEC;COK;2016;100;;
SCHBSP.2.WELEC;COK;2017;100;;
SCHBSP.2.WELEC;COK;2018;100;;
SCHBSP.2.WELEC;COK;2019;100;;
SCHBSP.2.WELEC;COK;2020;100;;
SCHBSP.2.WELEC;COK;2021;100;;
SCHBSP.2.WELEC;COK;2022;100;;
SCHBSP.2.WELEC;COK;2023;100;;
SCHBSP.2.WELEC;COK;2024;100;;
SCHBSP.2.WELEC;COL;2016;96.5431137084961;;
SCHBSP.2.WELEC;COL;2017;97.89363861083984;;
SCHBSP.2.WELEC;COL;2019;94.93575286865234;;
SCHBSP.2.WELEC;COL;2020;93.89512634277344;;
SCHBSP.2.WELEC;COL;2021;93.13490295410156;;
SCHBSP.2.WELEC;COL;2022;94.62667846679688;;
SCHBSP.2.WELEC;COM;2017;49.63503649635037;;
SCHBSP.2.WELEC;COM;2021;69.47368421052632;;
SCHBSP.2.WELEC;COM;2024;71.34670487106017;;
SCHBSP.2.WELEC;CPV;2016;100;;
SCHBSP.2.WELEC;CPV;2017;100;;
SCHBSP.2.WELEC;CPV;2019;100;;
SCHBSP.2.WELEC;CPV;2020;100;;
SCHBSP.2.WELEC;CPV;2021;100;;
SCHBSP.2.WELEC;CPV;2022;100;;
SCHBSP.2.WELEC;CRI;2010;89.08628845214844;;
SCHBSP.2.WELEC;CRI;2016;82.07817077636719;;
SCHBSP.2.WELEC;CRI;2017;73.13150024414062;;
SCHBSP.2.WELEC;CRI;2018;80.97927856445312;;
SCHBSP.2.WELEC;CRI;2019;93.72659301757812;;
SCHBSP.2.WELEC;CRI;2020;93.09056854248047;;
SCHBSP.2.WELEC;CUB;2010;100;;
SCHBSP.2.WELEC;CUB;2018;100;;
SCHBSP.2.WELEC;CUB;2019;100;;
SCHBSP.2.WELEC;CUB;2020;100;;
SCHBSP.2.WELEC;CUB;2021;100;;
SCHBSP.2.WELEC;CUB;2022;100;;
SCHBSP.2.WELEC;CUB;2023;100;;
SCHBSP.2.WELEC;CUB;2024;100;;
SCHBSP.2.WELEC;CUW;2010;100;;
SCHBSP.2.WELEC;CYM;2010;100;;
SCHBSP.2.WELEC;CYM;2018;100;;
SCHBSP.2.WELEC;CYM;2019;100;;
SCHBSP.2.WELEC;CYM;2020;100;;
SCHBSP.2.WELEC;CYM;2021;100;;
SCHBSP.2.WELEC;CYM;2022;100;;
SCHBSP.2.WELEC;CYM;2023;100;;
SCHBSP.2.WELEC;CYM;2024;100;;
SCHBSP.2.WELEC;CZE;2012;100;;
SCHBSP.2.WELEC;CZE;2013;100;;
SCHBSP.2.WELEC;CZE;2014;100;;
SCHBSP.2.WELEC;CZE;2015;100;;
SCHBSP.2.WELEC;CZE;2016;100;;
SCHBSP.2.WELEC;CZE;2017;100;;
SCHBSP.2.WELEC;CZE;2018;100;;
SCHBSP.2.WELEC;CZE;2019;100;;
SCHBSP.2.WELEC;CZE;2020;100;;
SCHBSP.2.WELEC;CZE;2021;100;;
SCHBSP.2.WELEC;CZE;2022;100;;
SCHBSP.2.WELEC;DEU;2000;100;;
SCHBSP.2.WELEC;DEU;2001;100;;
SCHBSP.2.WELEC;DEU;2002;100;;
SCHBSP.2.WELEC;DEU;2003;100;;
SCHBSP.2.WELEC;DEU;2004;100;;
SCHBSP.2.WELEC;DEU;2005;100;;
SCHBSP.2.WELEC;DEU;2006;100;;
SCHBSP.2.WELEC;DEU;2007;100;;
SCHBSP.2.WELEC;DEU;2008;100;;
SCHBSP.2.WELEC;DEU;2009;100;;
SCHBSP.2.WELEC;DEU;2010;100;;
SCHBSP.2.WELEC;DEU;2011;100;;
SCHBSP.2.WELEC;DEU;2012;100;;
SCHBSP.2.WELEC;DEU;2013;100;;
SCHBSP.2.WELEC;DEU;2014;100;;
SCHBSP.2.WELEC;DEU;2015;100;;
SCHBSP.2.WELEC;DEU;2016;100;;
SCHBSP.2.WELEC;DEU;2017;100;;
SCHBSP.2.WELEC;DEU;2018;100;;
SCHBSP.2.WELEC;DEU;2019;100;;
SCHBSP.2.WELEC;DEU;2020;100;;
SCHBSP.2.WELEC;DEU;2021;100;;
SCHBSP.2.WELEC;DEU;2022;100;;
SCHBSP.2.WELEC;DEU;2023;100;;
SCHBSP.2.WELEC;DEU;2024;100;;
SCHBSP.2.WELEC;DJI;2013;100;;
SCHBSP.2.WELEC;DJI;2017;87.9310302734375;;
SCHBSP.2.WELEC;DJI;2020;86.1111068725586;;
SCHBSP.2.WELEC;DJI;2021;90.90908813476562;;
SCHBSP.2.WELEC;DJI;2022;92.30769348144531;;
SCHBSP.2.WELEC;DJI;2023;95.1219482421875;;
SCHBSP.2.WELEC;DMA;2010;100;;
SCHBSP.2.WELEC;DMA;2016;100;;
SCHBSP.2.WELEC;DMA;2019;100;;
SCHBSP.2.WELEC;DMA;2020;100;;
SCHBSP.2.WELEC;DMA;2021;100;;
SCHBSP.2.WELEC;DMA;2022;100;;
SCHBSP.2.WELEC;DMA;2023;100;;
SCHBSP.2.WELEC;DNK;2001;100;;
SCHBSP.2.WELEC;DNK;2002;100;;
SCHBSP.2.WELEC;DNK;2003;100;;
SCHBSP.2.WELEC;DNK;2004;100;;
SCHBSP.2.WELEC;DNK;2005;100;;
SCHBSP.2.WELEC;DNK;2006;100;;
SCHBSP.2.WELEC;DNK;2007;100;;
SCHBSP.2.WELEC;DNK;2008;100;;
SCHBSP.2.WELEC;DNK;2009;100;;
SCHBSP.2.WELEC;DNK;2010;100;;
SCHBSP.2.WELEC;DNK;2011;100;;
SCHBSP.2.WELEC;DNK;2012;100;;
SCHBSP.2.WELEC;DNK;2013;100;;
SCHBSP.2.WELEC;DNK;2014;100;;
SCHBSP.2.WELEC;DNK;2015;100;;
SCHBSP.2.WELEC;DNK;2016;100;;
SCHBSP.2.WELEC;DNK;2017;100;;
SCHBSP.2.WELEC;DNK;2018;100;;
SCHBSP.2.WELEC;DNK;2019;100;;
SCHBSP.2.WELEC;DNK;2020;100;;
SCHBSP.2.WELEC;DNK;2021;100;;
SCHBSP.2.WELEC;DOM;2022;92.69102990033223;;
SCHBSP.2.WELEC;DOM;2023;95.08662311843227;;
SCHBSP.2.WELEC;DZA;2020;99.43539280529117;;
SCHBSP.2.WELEC;DZA;2023;99.96800994873047;;
SCHBSP.2.WELEC;DZA;2024;99.83220672607422;;
SCHBSP.2.WELEC;DZA;2025;99.91776315789474;;
SCHBSP.2.WELEC;ECA: AMU (UNSDCode:98111);2017;96.40901184082031;UIS_EST;
SCHBSP.2.WELEC;ECA: AMU (UNSDCode:98111);2018;96.26722717285156;UIS_EST;
SCHBSP.2.WELEC;ECA: AMU (UNSDCode:98111);2019;96.5825424194336;UIS_EST;
SCHBSP.2.WELEC;ECA: AMU (UNSDCode:98111);2020;96.82546997070312;;
SCHBSP.2.WELEC;ECA: AMU (UNSDCode:98111);2021;90.9985580444336;UIS_EST;
SCHBSP.2.WELEC;ECA: AMU (UNSDCode:98111);2022;86.84274291992188;UIS_EST;
SCHBSP.2.WELEC;ECA: AMU (UNSDCode:98111);2023;84.26280975341797;UIS_EST;
SCHBSP.2.WELEC;ECA: AMU (UNSDCode:98111);2024;97.0397720336914;;
SCHBSP.2.WELEC;ECA: African Union Commission (UNSDCode:98106);2015;56.16287994384766;UIS_EST;
SCHBSP.2.WELEC;ECA: African Union Commission (UNSDCode:98106);2016;55.82508087158203;UIS_EST;
SCHBSP.2.WELEC;ECA: African Union Commission (UNSDCode:98106);2017;55.30665969848633;UIS_EST;
SCHBSP.2.WELEC;ECA: African Union Commission (UNSDCode:98106);2018;54.58634185791016;UIS_EST;
SCHBSP.2.WELEC;ECA: African Union Commission (UNSDCode:98106);2019;54.31652069091797;UIS_EST;
SCHBSP.2.WELEC;ECA: African Union Commission (UNSDCode:98106);2020;55.05118179321289;UIS_EST;
SCHBSP.2.WELEC;ECA: African Union Commission (UNSDCode:98106);2021;53.96419906616211;UIS_EST;
SCHBSP.2.WELEC;ECA: African Union Commission (UNSDCode:98106);2022;53.94625091552734;UIS_EST;
SCHBSP.2.WELEC;ECA: African Union Commission (UNSDCode:98106);2023;55.23283004760742;UIS_EST;
SCHBSP.2.WELEC;ECA: African Union Commission (UNSDCode:98106);2024;55.7294807434082;UIS_EST;
SCHBSP.2.WELEC;ECA: All countries (UNSDCode:98100);2015;56.16287994384766;UIS_EST;
SCHBSP.2.WELEC;ECA: All countries (UNSDCode:98100);2016;55.82508087158203;UIS_EST;
SCHBSP.2.WELEC;ECA: All countries (UNSDCode:98100);2017;55.30665969848633;UIS_EST;
SCHBSP.2.WELEC;ECA: All countries (UNSDCode:98100);2018;54.58634185791016;UIS_EST;
SCHBSP.2.WELEC;ECA: All countries (UNSDCode:98100);2019;54.31652069091797;UIS_EST;
SCHBSP.2.WELEC;ECA: All countries (UNSDCode:98100);2020;55.05118179321289;UIS_EST;
SCHBSP.2.WELEC;ECA: All countries (UNSDCode:98100);2021;53.96419906616211;UIS_EST;
SCHBSP.2.WELEC;ECA: All countries (UNSDCode:98100);2022;53.94625091552734;UIS_EST;
SCHBSP.2.WELEC;ECA: All countries (UNSDCode:98100);2023;55.23283004760742;UIS_EST;
SCHBSP.2.WELEC;ECA: All countries (UNSDCode:98100);2024;55.7294807434082;UIS_EST;
SCHBSP.2.WELEC;ECA: CEN-SAD (UNSDCode:98112);2015;63.44216918945313;UIS_EST;
SCHBSP.2.WELEC;ECA: CEN-SAD (UNSDCode:98112);2016;63.25910949707031;UIS_EST;
SCHBSP.2.WELEC;ECA: CEN-SAD (UNSDCode:98112);2017;62.8247184753418;UIS_EST;
SCHBSP.2.WELEC;ECA: CEN-SAD (UNSDCode:98112);2018;62.18952178955078;UIS_EST;
SCHBSP.2.WELEC;ECA: CEN-SAD (UNSDCode:98112);2019;64.05973815917969;UIS_EST;
SCHBSP.2.WELEC;ECA: CEN-SAD (UNSDCode:98112);2020;65.82160949707031;UIS_EST;
SCHBSP.2.WELEC;ECA: CEN-SAD (UNSDCode:98112);2021;64.98993682861328;UIS_EST;
SCHBSP.2.WELEC;ECA: CEN-SAD (UNSDCode:98112);2022;64.54560852050781;UIS_EST;
SCHBSP.2.WELEC;ECA: CEN-SAD (UNSDCode:98112);2023;65.58872985839844;UIS_EST;
SCHBSP.2.WELEC;ECA: CEN-SAD (UNSDCode:98112);2024;67.02616119384766;UIS_EST;
SCHBSP.2.WELEC;ECA: COMESA (UNSDCode:98113);2014;52.96234130859375;UIS_EST;
SCHBSP.2.WELEC;ECA: COMESA (UNSDCode:98113);2015;52.7983512878418;UIS_EST;
SCHBSP.2.WELEC;ECA: COMESA (UNSDCode:98113);2016;52.42350006103516;UIS_EST;
SCHBSP.2.WELEC;ECA: COMESA (UNSDCode:98113);2017;51.26010131835938;UIS_EST;
SCHBSP.2.WELEC;ECA: COMESA (UNSDCode:98113);2018;49.99156188964844;UIS_EST;
SCHBSP.2.WELEC;ECA: COMESA (UNSDCode:98113);2019;46.72933959960938;UIS_EST;
SCHBSP.2.WELEC;ECA: COMESA (UNSDCode:98113);2020;45.46865081787109;UIS_EST;
SCHBSP.2.WELEC;ECA: COMESA (UNSDCode:98113);2021;43.06933975219727;;
SCHBSP.2.WELEC;ECA: COMESA (UNSDCode:98113);2022;42.23466873168945;UIS_EST;
SCHBSP.2.WELEC;ECA: COMESA (UNSDCode:98113);2023;45.22214126586914;;
SCHBSP.2.WELEC;ECA: COMESA (UNSDCode:98113);2024;45.5247917175293;UIS_EST;
SCHBSP.2.WELEC;ECA: Central Africa (UNSDCode:98101);2012;42.62461090087891;UIS_EST;
SCHBSP.2.WELEC;ECA: Central Africa (UNSDCode:98101);2013;42.14785003662109;UIS_EST;
SCHBSP.2.WELEC;ECA: Central Africa (UNSDCode:98101);2014;42.49197006225586;UIS_EST;
SCHBSP.2.WELEC;ECA: Central Africa (UNSDCode:98101);2015;42.46574020385742;UIS_EST;
SCHBSP.2.WELEC;ECA: Central Africa (UNSDCode:98101);2016;42.12525177001953;UIS_EST;
SCHBSP.2.WELEC;ECA: Central Africa (UNSDCode:98101);2017;39.16955184936523;UIS_EST;
SCHBSP.2.WELEC;ECA: Central Africa (UNSDCode:98101);2018;37.56008911132813;UIS_EST;
SCHBSP.2.WELEC;ECA: Central Africa (UNSDCode:98101);2019;35.33086013793945;UIS_EST;
SCHBSP.2.WELEC;ECA: Central Africa (UNSDCode:98101);2020;32.35290145874023;UIS_EST;
SCHBSP.2.WELEC;ECA: Central Africa (UNSDCode:98101);2021;29.75577926635742;UIS_EST;
SCHBSP.2.WELEC;ECA: Central Africa (UNSDCode:98101);2022;31.60124015808105;UIS_EST;
SCHBSP.2.WELEC;ECA: Central Africa (UNSDCode:98101);2023;33.40235137939453;UIS_EST;
SCHBSP.2.WELEC;ECA: Central Africa (UNSDCode:98101);2024;29.51936912536621;UIS_EST;
SCHBSP.2.WELEC;ECA: EAC (UNSDCode:98114);2014;31.46585083007813;UIS_EST;
SCHBSP.2.WELEC;ECA: EAC (UNSDCode:98114);2015;31.16641998291016;;
SCHBSP.2.WELEC;ECA: EAC (UNSDCode:98114);2016;30.17782020568848;UIS_EST;
SCHBSP.2.WELEC;ECA: EAC (UNSDCode:98114);2017;28.92703056335449;UIS_EST;
SCHBSP.2.WELEC;ECA: EAC (UNSDCode:98114);2018;28.17123985290527;UIS_EST;
SCHBSP.2.WELEC;ECA: EAC (UNSDCode:98114);2019;26.99114036560059;UIS_EST;
SCHBSP.2.WELEC;ECA: EAC (UNSDCode:98114);2020;25.8828296661377;UIS_EST;
SCHBSP.2.WELEC;ECA: EAC (UNSDCode:98114);2021;23.9594898223877;;
SCHBSP.2.WELEC;ECA: EAC (UNSDCode:98114);2022;26.27293014526367;UIS_EST;
SCHBSP.2.WELEC;ECA: EAC (UNSDCode:98114);2023;28.31368064880371;;
SCHBSP.2.WELEC;ECA: EAC (UNSDCode:98114);2024;28.57060050964355;UIS_EST;
SCHBSP.2.WELEC;ECA: ECA: Oil LDCs (UNSDCode:98122);2014;33.19100189208984;UIS_EST;
SCHBSP.2.WELEC;ECA: ECA: Oil LDCs (UNSDCode:98122);2015;33.00503921508789;UIS_EST;
SCHBSP.2.WELEC;ECA: ECA: Oil LDCs (UNSDCode:98122);2016;32.26900100708008;UIS_EST;
SCHBSP.2.WELEC;ECA: ECA: Oil LDCs (UNSDCode:98122);2017;31.79630088806152;UIS_EST;
SCHBSP.2.WELEC;ECA: ECA: Oil LDCs (UNSDCode:98122);2018;30.96327972412109;UIS_EST;
SCHBSP.2.WELEC;ECA: ECA: Oil LDCs (UNSDCode:98122);2019;21.43544006347656;UIS_EST;
SCHBSP.2.WELEC;ECA: ECA: Oil LDCs (UNSDCode:98122);2020;20.05742073059082;UIS_EST;
SCHBSP.2.WELEC;ECA: ECA: Oil LDCs (UNSDCode:98122);2021;17.89627075195313;;
SCHBSP.2.WELEC;ECA: ECA: Oil LDCs (UNSDCode:98122);2022;20.55843925476074;UIS_EST;
SCHBSP.2.WELEC;ECA: ECA: Oil LDCs (UNSDCode:98122);2023;23.29449081420898;;
SCHBSP.2.WELEC;ECA: ECA: Oil LDCs (UNSDCode:98122);2024;23.03974914550781;UIS_EST;
SCHBSP.2.WELEC;ECA: ECCAS (UNSDCode:98107);2014;23.92181968688965;UIS_EST;
SCHBSP.2.WELEC;ECA: ECCAS (UNSDCode:98107);2015;24.33617973327637;;
SCHBSP.2.WELEC;ECA: ECCAS (UNSDCode:98107);2016;23.79837989807129;UIS_EST;
SCHBSP.2.WELEC;ECA: ECCAS (UNSDCode:98107);2017;22.07670974731445;UIS_EST;
SCHBSP.2.WELEC;ECA: ECCAS (UNSDCode:98107);2018;21.07183074951172;UIS_EST;
SCHBSP.2.WELEC;ECA: ECCAS (UNSDCode:98107);2019;19.74138069152832;UIS_EST;
SCHBSP.2.WELEC;ECA: ECCAS (UNSDCode:98107);2020;18.52140998840332;UIS_EST;
SCHBSP.2.WELEC;ECA: ECCAS (UNSDCode:98107);2021;16.33083915710449;;
SCHBSP.2.WELEC;ECA: ECCAS (UNSDCode:98107);2022;19.21039009094238;UIS_EST;
SCHBSP.2.WELEC;ECA: ECCAS (UNSDCode:98107);2023;21.76178932189941;;
SCHBSP.2.WELEC;ECA: ECCAS (UNSDCode:98107);2024;21.45148086547852;UIS_EST;
SCHBSP.2.WELEC;ECA: ECOWAS (UNSDCode:98108);2017;53.36690902709961;UIS_EST;
SCHBSP.2.WELEC;ECA: ECOWAS (UNSDCode:98108);2018;53.19210052490234;UIS_EST;
SCHBSP.2.WELEC;ECA: ECOWAS (UNSDCode:98108);2019;55.2823600769043;UIS_EST;
SCHBSP.2.WELEC;ECA: ECOWAS (UNSDCode:98108);2020;58.50645065307617;UIS_EST;
SCHBSP.2.WELEC;ECA: ECOWAS (UNSDCode:98108);2021;58.53179931640625;UIS_EST;
SCHBSP.2.WELEC;ECA: ECOWAS (UNSDCode:98108);2022;59.3011589050293;UIS_EST;
SCHBSP.2.WELEC;ECA: East Africa (UNSDCode:98102);2014;37.19496917724609;UIS_EST;
SCHBSP.2.WELEC;ECA: East Africa (UNSDCode:98102);2015;36.73646926879883;UIS_EST;
SCHBSP.2.WELEC;ECA: East Africa (UNSDCode:98102);2016;35.82093811035156;UIS_EST;
SCHBSP.2.WELEC;ECA: East Africa (UNSDCode:98102);2017;34.85718154907227;UIS_EST;
SCHBSP.2.WELEC;ECA: East Africa (UNSDCode:98102);2018;33.9723014831543;UIS_EST;
SCHBSP.2.WELEC;ECA: East Africa (UNSDCode:98102);2019;32.34032821655273;UIS_EST;
SCHBSP.2.WELEC;ECA: East Africa (UNSDCode:98102);2020;31.20119094848633;UIS_EST;
SCHBSP.2.WELEC;ECA: East Africa (UNSDCode:98102);2021;29.13187980651855;;
SCHBSP.2.WELEC;ECA: East Africa (UNSDCode:98102);2022;31.13191032409668;UIS_EST;
SCHBSP.2.WELEC;ECA: East Africa (UNSDCode:98102);2023;33.03937911987305;UIS_EST;
SCHBSP.2.WELEC;ECA: East Africa (UNSDCode:98102);2024;33.59188842773438;UIS_EST;
SCHBSP.2.WELEC;ECA: IGAD (UNSDCode:98109);2015;57.92332077026367;UIS_EST;
SCHBSP.2.WELEC;ECA: IGAD (UNSDCode:98109);2016;57.95603179931641;UIS_EST;
SCHBSP.2.WELEC;ECA: IGAD (UNSDCode:98109);2017;57.68001174926758;UIS_EST;
SCHBSP.2.WELEC;ECA: Island economies (UNSDCode:98115);2015;39.3572998046875;UIS_EST;
SCHBSP.2.WELEC;ECA: Island economies (UNSDCode:98115);2016;39.17028045654297;;
SCHBSP.2.WELEC;ECA: Island economies (UNSDCode:98115);2017;40.30183029174805;;
SCHBSP.2.WELEC;ECA: Island economies (UNSDCode:98115);2018;39.46699142456055;;
SCHBSP.2.WELEC;ECA: Island economies (UNSDCode:98115);2019;36.05920028686523;;
SCHBSP.2.WELEC;ECA: Island economies (UNSDCode:98115);2020;40.40660095214844;UIS_EST;
SCHBSP.2.WELEC;ECA: Island economies (UNSDCode:98115);2021;65.95572662353516;UIS_EST;
SCHBSP.2.WELEC;ECA: Island economies (UNSDCode:98115);2022;44.60869979858398;UIS_EST;
SCHBSP.2.WELEC;ECA: Island economies (UNSDCode:98115);2023;42.90642929077148;UIS_EST;
SCHBSP.2.WELEC;ECA: Island economies (UNSDCode:98115);2024;43.16130065917969;;
SCHBSP.2.WELEC;ECA: Land-locked LDCs (UNSDCode:98117);2016;49.06840896606445;UIS_EST;
SCHBSP.2.WELEC;ECA: Land-locked LDCs (UNSDCode:98117);2017;48.86811065673828;UIS_EST;
SCHBSP.2.WELEC;ECA: Land-locked LDCs (UNSDCode:98117);2018;48.96006011962891;UIS_EST;
SCHBSP.2.WELEC;ECA: Land-locked LDCs (UNSDCode:98117);2019;48.82624053955078;UIS_EST;
SCHBSP.2.WELEC;ECA: Land-locked LDCs (UNSDCode:98117);2020;49.71485137939453;UIS_EST;
SCHBSP.2.WELEC;ECA: Land-locked LDCs (UNSDCode:98117);2021;50.39340972900391;UIS_EST;
SCHBSP.2.WELEC;ECA: Land-locked LDCs (UNSDCode:98117);2022;51.4865608215332;UIS_EST;
SCHBSP.2.WELEC;ECA: Land-locked LDCs (UNSDCode:98117);2023;52.447021484375;UIS_EST;
SCHBSP.2.WELEC;ECA: Land-locked LDCs (UNSDCode:98117);2024;52.29069137573242;UIS_EST;
SCHBSP.2.WELEC;ECA: Land-locked countries (UNSDCode:98116);2015;51.63121032714844;UIS_EST;
SCHBSP.2.WELEC;ECA: Land-locked countries (UNSDCode:98116);2016;50.75822067260742;UIS_EST;
SCHBSP.2.WELEC;ECA: Land-locked countries (UNSDCode:98116);2017;50.30664825439453;UIS_EST;
SCHBSP.2.WELEC;ECA: Land-locked countries (UNSDCode:98116);2018;50.43276977539063;UIS_EST;
SCHBSP.2.WELEC;ECA: Land-locked countries (UNSDCode:98116);2019;50.37276840209961;UIS_EST;
SCHBSP.2.WELEC;ECA: Land-locked countries (UNSDCode:98116);2020;51.06425094604492;UIS_EST;
SCHBSP.2.WELEC;ECA: Land-locked countries (UNSDCode:98116);2021;52.16482162475586;UIS_EST;
SCHBSP.2.WELEC;ECA: Land-locked countries (UNSDCode:98116);2022;53.72092056274414;UIS_EST;
SCHBSP.2.WELEC;ECA: Land-locked countries (UNSDCode:98116);2023;55.40079879760742;UIS_EST;
SCHBSP.2.WELEC;ECA: Land-locked countries (UNSDCode:98116);2024;55.24195098876953;UIS_EST;
SCHBSP.2.WELEC;ECA: Least developed countries (UNSDCode:98118);2015;42.67636108398438;UIS_EST;
SCHBSP.2.WELEC;ECA: Least developed countries (UNSDCode:98118);2016;42.07717132568359;UIS_EST;
SCHBSP.2.WELEC;ECA: Least developed countries (UNSDCode:98118);2017;41.61648178100586;UIS_EST;
SCHBSP.2.WELEC;ECA: Least developed countries (UNSDCode:98118);2018;40.99201965332031;UIS_EST;
SCHBSP.2.WELEC;ECA: Least developed countries (UNSDCode:98118);2019;37.99954986572266;UIS_EST;
SCHBSP.2.WELEC;ECA: Least developed countries (UNSDCode:98118);2020;37.94976043701172;UIS_EST;
SCHBSP.2.WELEC;ECA: Least developed countries (UNSDCode:98118);2021;37.19910049438477;UIS_EST;
SCHBSP.2.WELEC;ECA: Least developed countries (UNSDCode:98118);2022;38.90901184082031;UIS_EST;
SCHBSP.2.WELEC;ECA: Least developed countries (UNSDCode:98118);2023;40.51749038696289;UIS_EST;
SCHBSP.2.WELEC;ECA: Least developed countries (UNSDCode:98118);2024;40.1125602722168;UIS_EST;
SCHBSP.2.WELEC;ECA: Mineral-rich countries (UNSDCode:98119);2014;44.87313079833984;UIS_EST;
SCHBSP.2.WELEC;ECA: Mineral-rich countries (UNSDCode:98119);2015;44.41748046875;UIS_EST;
SCHBSP.2.WELEC;ECA: Mineral-rich countries (UNSDCode:98119);2016;43.73487091064453;UIS_EST;
SCHBSP.2.WELEC;ECA: Mineral-rich countries (UNSDCode:98119);2017;43.23548126220703;UIS_EST;
SCHBSP.2.WELEC;ECA: Mineral-rich countries (UNSDCode:98119);2018;42.56861114501953;UIS_EST;
SCHBSP.2.WELEC;ECA: Mineral-rich countries (UNSDCode:98119);2019;41.60953903198242;UIS_EST;
SCHBSP.2.WELEC;ECA: Mineral-rich countries (UNSDCode:98119);2020;43.04832077026367;UIS_EST;
SCHBSP.2.WELEC;ECA: Mineral-rich countries (UNSDCode:98119);2021;41.6580696105957;;
SCHBSP.2.WELEC;ECA: Mineral-rich countries (UNSDCode:98119);2022;43.11325836181641;UIS_EST;
SCHBSP.2.WELEC;ECA: Mineral-rich countries (UNSDCode:98119);2023;44.31829833984375;UIS_EST;
SCHBSP.2.WELEC;ECA: Mineral-rich countries (UNSDCode:98119);2024;44.18362045288086;UIS_EST;
SCHBSP.2.WELEC;ECA: Non-Oil LDCs (UNSDCode:98120);2015;53.4167594909668;UIS_EST;
SCHBSP.2.WELEC;ECA: Non-Oil LDCs (UNSDCode:98120);2016;52.90348815917969;UIS_EST;
SCHBSP.2.WELEC;ECA: Non-Oil LDCs (UNSDCode:98120);2017;52.90890884399414;UIS_EST;
SCHBSP.2.WELEC;ECA: Non-Oil LDCs (UNSDCode:98120);2018;52.21398162841797;UIS_EST;
SCHBSP.2.WELEC;ECA: Non-Oil LDCs (UNSDCode:98120);2019;52.09149169921875;UIS_EST;
SCHBSP.2.WELEC;ECA: Non-Oil LDCs (UNSDCode:98120);2020;54.53789901733398;UIS_EST;
SCHBSP.2.WELEC;ECA: Non-Oil LDCs (UNSDCode:98120);2021;57.07024002075195;UIS_EST;
SCHBSP.2.WELEC;ECA: Non-Oil LDCs (UNSDCode:98120);2022;56.74042129516602;UIS_EST;
SCHBSP.2.WELEC;ECA: Non-Oil LDCs (UNSDCode:98120);2023;56.68589019775391;UIS_EST;
SCHBSP.2.WELEC;ECA: Non-Oil LDCs (UNSDCode:98120);2024;57.37516021728516;UIS_EST;
SCHBSP.2.WELEC;ECA: Non-Oil Producing (UNSDCode:98121);2015;57.64048004150391;UIS_EST;
SCHBSP.2.WELEC;ECA: Non-Oil Producing (UNSDCode:98121);2016;57.20220184326172;UIS_EST;
SCHBSP.2.WELEC;ECA: Non-Oil Producing (UNSDCode:98121);2017;57.79354095458984;UIS_EST;
SCHBSP.2.WELEC;ECA: Non-Oil Producing (UNSDCode:98121);2018;57.23921966552734;UIS_EST;
SCHBSP.2.WELEC;ECA: Non-Oil Producing (UNSDCode:98121);2019;57.20476913452148;UIS_EST;
SCHBSP.2.WELEC;ECA: Non-Oil Producing (UNSDCode:98121);2020;59.38328170776367;UIS_EST;
SCHBSP.2.WELEC;ECA: Non-Oil Producing (UNSDCode:98121);2021;61.55504989624023;UIS_EST;
SCHBSP.2.WELEC;ECA: Non-Oil Producing (UNSDCode:98121);2022;61.37026977539063;UIS_EST;
SCHBSP.2.WELEC;ECA: Non-Oil Producing (UNSDCode:98121);2023;61.97792816162109;UIS_EST;
SCHBSP.2.WELEC;ECA: Non-Oil Producing (UNSDCode:98121);2024;62.91131973266602;UIS_EST;
SCHBSP.2.WELEC;ECA: North Africa (UNSDCode:98103);2015;81.09095764160156;UIS_EST;
SCHBSP.2.WELEC;ECA: North Africa (UNSDCode:98103);2016;81.43585205078125;;
SCHBSP.2.WELEC;ECA: North Africa (UNSDCode:98103);2017;80.36834716796875;UIS_EST;
SCHBSP.2.WELEC;ECA: North Africa (UNSDCode:98103);2018;79.61209106445312;UIS_EST;
SCHBSP.2.WELEC;ECA: North Africa (UNSDCode:98103);2019;88.77854919433594;UIS_EST;
SCHBSP.2.WELEC;ECA: North Africa (UNSDCode:98103);2020;87.6796875;UIS_EST;
SCHBSP.2.WELEC;ECA: North Africa (UNSDCode:98103);2021;84.40541076660156;UIS_EST;
SCHBSP.2.WELEC;ECA: North Africa (UNSDCode:98103);2022;82.03742218017578;UIS_EST;
SCHBSP.2.WELEC;ECA: North Africa (UNSDCode:98103);2023;80.76962280273438;;
SCHBSP.2.WELEC;ECA: North Africa (UNSDCode:98103);2024;86.174560546875;;
SCHBSP.2.WELEC;ECA: Oil producing economies (UNSDCode:98123);2014;55.58703994750977;UIS_EST;
SCHBSP.2.WELEC;ECA: Oil producing economies (UNSDCode:98123);2015;55.43666076660156;UIS_EST;
SCHBSP.2.WELEC;ECA: Oil producing economies (UNSDCode:98123);2016;55.15958023071289;UIS_EST;
SCHBSP.2.WELEC;ECA: Oil producing economies (UNSDCode:98123);2017;54.12297821044922;UIS_EST;
SCHBSP.2.WELEC;ECA: Oil producing economies (UNSDCode:98123);2018;53.31613159179688;UIS_EST;
SCHBSP.2.WELEC;ECA: Oil producing economies (UNSDCode:98123);2019;52.73331069946289;UIS_EST;
SCHBSP.2.WELEC;ECA: Oil producing economies (UNSDCode:98123);2020;52.80455017089844;UIS_EST;
SCHBSP.2.WELEC;ECA: Oil producing economies (UNSDCode:98123);2021;50.12704849243164;;
SCHBSP.2.WELEC;ECA: Oil producing economies (UNSDCode:98123);2022;49.84247970581055;UIS_EST;
SCHBSP.2.WELEC;ECA: Oil producing economies (UNSDCode:98123);2023;51.48096084594727;UIS_EST;
SCHBSP.2.WELEC;ECA: Oil producing economies (UNSDCode:98123);2024;51.95624160766602;UIS_EST;
SCHBSP.2.WELEC;ECA: SADC (UNSDCode:98110);2014;36.24676895141602;UIS_EST;
SCHBSP.2.WELEC;ECA: SADC (UNSDCode:98110);2015;35.96950912475586;UIS_EST;
SCHBSP.2.WELEC;ECA: SADC (UNSDCode:98110);2016;35.0494499206543;UIS_EST;
SCHBSP.2.WELEC;ECA: SADC (UNSDCode:98110);2017;34.02492141723633;UIS_EST;
SCHBSP.2.WELEC;ECA: SADC (UNSDCode:98110);2018;32.82892990112305;UIS_EST;
SCHBSP.2.WELEC;ECA: SADC (UNSDCode:98110);2019;31.5227108001709;UIS_EST;
SCHBSP.2.WELEC;ECA: SADC (UNSDCode:98110);2020;29.72417068481445;UIS_EST;
SCHBSP.2.WELEC;ECA: SADC (UNSDCode:98110);2021;27.72851943969727;;
SCHBSP.2.WELEC;ECA: SADC (UNSDCode:98110);2022;30.11891937255859;UIS_EST;
SCHBSP.2.WELEC;ECA: SADC (UNSDCode:98110);2023;32.12601852416992;;
SCHBSP.2.WELEC;ECA: SADC (UNSDCode:98110);2024;32.57963943481445;UIS_EST;
SCHBSP.2.WELEC;ECA: Sahel (UNSDCode:98124);2016;52.91133880615234;UIS_EST;
SCHBSP.2.WELEC;ECA: Sahel (UNSDCode:98124);2017;52.53849029541016;UIS_EST;
SCHBSP.2.WELEC;ECA: Sahel (UNSDCode:98124);2019;52.38291931152344;UIS_EST;
SCHBSP.2.WELEC;ECA: Sahel (UNSDCode:98124);2020;53.26581954956055;UIS_EST;
SCHBSP.2.WELEC;ECA: Sahel (UNSDCode:98124);2024;55.62820816040039;UIS_EST;
SCHBSP.2.WELEC;ECA: Small Island states (UNSDCode:98125);2012;78.26127624511719;UIS_EST;
SCHBSP.2.WELEC;ECA: Small Island states (UNSDCode:98125);2013;77.47679901123047;UIS_EST;
SCHBSP.2.WELEC;ECA: Small Island states (UNSDCode:98125);2014;76.74223327636719;UIS_EST;
SCHBSP.2.WELEC;ECA: Small Island states (UNSDCode:98125);2015;76.14546966552734;UIS_EST;
SCHBSP.2.WELEC;ECA: Small Island states (UNSDCode:98125);2016;75.35856628417969;UIS_EST;
SCHBSP.2.WELEC;ECA: Small Island states (UNSDCode:98125);2017;74.67890167236328;;
SCHBSP.2.WELEC;ECA: Small Island states (UNSDCode:98125);2018;74.90908813476562;UIS_EST;
SCHBSP.2.WELEC;ECA: Small Island states (UNSDCode:98125);2019;75.83187866210938;UIS_EST;
SCHBSP.2.WELEC;ECA: Small Island states (UNSDCode:98125);2020;75.87413024902344;UIS_EST;
SCHBSP.2.WELEC;ECA: Small Island states (UNSDCode:98125);2021;75.91622924804688;UIS_EST;
SCHBSP.2.WELEC;ECA: Small Island states (UNSDCode:98125);2022;75.8106918334961;UIS_EST;
SCHBSP.2.WELEC;ECA: Small Island states (UNSDCode:98125);2023;75.83187866210938;UIS_EST;
SCHBSP.2.WELEC;ECA: Small Island states (UNSDCode:98125);2024;75.661376953125;UIS_EST;
SCHBSP.2.WELEC;ECA: Southern Africa (UNSDCode:98104);2016;66.07441711425781;UIS_EST;
SCHBSP.2.WELEC;ECA: Southern Africa (UNSDCode:98104);2017;65.37850952148438;UIS_EST;
SCHBSP.2.WELEC;ECA: Southern Africa (UNSDCode:98104);2023;69.80979919433594;UIS_EST;
SCHBSP.2.WELEC;ECA: Southern Africa (UNSDCode:98104);2024;69.87101745605469;UIS_EST;
SCHBSP.2.WELEC;ECA: Sub-Saharan Africa (UNSDCode:98126);2015;48.28421020507813;UIS_EST;
SCHBSP.2.WELEC;ECA: Sub-Saharan Africa (UNSDCode:98126);2016;47.99187088012695;UIS_EST;
SCHBSP.2.WELEC;ECA: Sub-Saharan Africa (UNSDCode:98126);2017;47.56789016723633;UIS_EST;
SCHBSP.2.WELEC;ECA: Sub-Saharan Africa (UNSDCode:98126);2018;47.1426887512207;UIS_EST;
SCHBSP.2.WELEC;ECA: Sub-Saharan Africa (UNSDCode:98126);2019;46.78276062011719;UIS_EST;
SCHBSP.2.WELEC;ECA: Sub-Saharan Africa (UNSDCode:98126);2020;47.83411026000977;UIS_EST;
SCHBSP.2.WELEC;ECA: Sub-Saharan Africa (UNSDCode:98126);2021;46.97616958618164;UIS_EST;
SCHBSP.2.WELEC;ECA: Sub-Saharan Africa (UNSDCode:98126);2022;47.85549926757813;UIS_EST;
SCHBSP.2.WELEC;ECA: Sub-Saharan Africa (UNSDCode:98126);2023;48.70381164550781;UIS_EST;
SCHBSP.2.WELEC;ECA: Sub-Saharan Africa (UNSDCode:98126);2024;49.11444091796875;UIS_EST;
SCHBSP.2.WELEC;ECA: West Africa (UNSDCode:98105);2017;53.36690902709961;UIS_EST;
SCHBSP.2.WELEC;ECA: West Africa (UNSDCode:98105);2018;53.19210052490234;UIS_EST;
SCHBSP.2.WELEC;ECA: West Africa (UNSDCode:98105);2019;55.2823600769043;UIS_EST;
SCHBSP.2.WELEC;ECA: West Africa (UNSDCode:98105);2020;58.50645065307617;UIS_EST;
SCHBSP.2.WELEC;ECA: West Africa (UNSDCode:98105);2021;58.53179931640625;UIS_EST;
SCHBSP.2.WELEC;ECA: West Africa (UNSDCode:98105);2022;59.3011589050293;UIS_EST;
SCHBSP.2.WELEC;ECE: All countries (UNSDCode:98200);2014;99.9078598022461;UIS_EST;
SCHBSP.2.WELEC;ECE: All countries (UNSDCode:98200);2015;99.90717315673828;UIS_EST;
SCHBSP.2.WELEC;ECE: All countries (UNSDCode:98200);2016;99.90673065185547;UIS_EST;
SCHBSP.2.WELEC;ECE: All countries (UNSDCode:98200);2017;99.90886688232422;UIS_EST;
SCHBSP.2.WELEC;ECE: All countries (UNSDCode:98200);2018;99.91034698486328;UIS_EST;
SCHBSP.2.WELEC;ECE: All countries (UNSDCode:98200);2019;99.90814208984375;;
SCHBSP.2.WELEC;ECE: All countries (UNSDCode:98200);2020;99.99488067626953;UIS_EST;
SCHBSP.2.WELEC;ECE: All countries (UNSDCode:98200);2021;99.9965591430664;UIS_EST;
SCHBSP.2.WELEC;ECE: All countries (UNSDCode:98200);2022;99.97943878173828;UIS_EST;
SCHBSP.2.WELEC;ECE: CIS (CWG) (UNSDCode:98201);2016;99.78302001953125;UIS_EST;
SCHBSP.2.WELEC;ECE: CIS (CWG) (UNSDCode:98201);2017;99.78878784179688;UIS_EST;
SCHBSP.2.WELEC;ECE: CIS (CWG) (UNSDCode:98201);2018;99.79434967041016;UIS_EST;
SCHBSP.2.WELEC;ECE: CIS (CWG) (UNSDCode:98201);2019;99.79016876220703;UIS_EST;
SCHBSP.2.WELEC;ECE: CIS (CWG) (UNSDCode:98201);2020;99.97978973388672;UIS_EST;
SCHBSP.2.WELEC;ECE: CIS (CWG) (UNSDCode:98201);2021;99.98645782470703;UIS_EST;
SCHBSP.2.WELEC;ECE: Eastern Europe, Caucasus and Central Asia (CIS) (UNSDCode:98202);2016;99.78917694091797;UIS_EST;
SCHBSP.2.WELEC;ECE: Eastern Europe, Caucasus and Central Asia (CIS) (UNSDCode:98202);2017;99.79479217529297;UIS_EST;
SCHBSP.2.WELEC;ECE: Eastern Europe, Caucasus and Central Asia (CIS) (UNSDCode:98202);2018;99.80021667480469;UIS_EST;
SCHBSP.2.WELEC;ECE: Eastern Europe, Caucasus and Central Asia (CIS) (UNSDCode:98202);2019;99.79620361328125;UIS_EST;
SCHBSP.2.WELEC;ECE: Eastern Europe, Caucasus and Central Asia (CIS) (UNSDCode:98202);2020;99.9803695678711;UIS_EST;
SCHBSP.2.WELEC;ECE: Eastern Europe, Caucasus and Central Asia (CIS) (UNSDCode:98202);2021;99.98684692382812;UIS_EST;
SCHBSP.2.WELEC;ECE: Eastern Europe, Caucasus and Central Asia (CIS) (UNSDCode:98202);2023;99.8764419555664;UIS_EST;
SCHBSP.2.WELEC;ECE: Eastern Europe, Caucasus and Central Asia (CIS) (UNSDCode:98202);2024;99.82604217529297;UIS_EST;
SCHBSP.2.WELEC;ECE: Euro area (E25) (UNSDCode:98204);2001;100;;
SCHBSP.2.WELEC;ECE: Euro area (E25) (UNSDCode:98204);2004;100;;
SCHBSP.2.WELEC;ECE: Euro area (E25) (UNSDCode:98204);2005;100;;
SCHBSP.2.WELEC;ECE: Euro area (E25) (UNSDCode:98204);2009;100;;
SCHBSP.2.WELEC;ECE: Euro area (E25) (UNSDCode:98204);2010;100;;
SCHBSP.2.WELEC;ECE: Euro area (E25) (UNSDCode:98204);2012;100;;
SCHBSP.2.WELEC;ECE: Euro area (E25) (UNSDCode:98204);2014;100;;
SCHBSP.2.WELEC;ECE: Euro area (E25) (UNSDCode:98204);2019;100;;
SCHBSP.2.WELEC;ECE: Euro area (E25) (UNSDCode:98204);2020;100;;
SCHBSP.2.WELEC;ECE: Euro area (E25) (UNSDCode:98204);2021;100;;
SCHBSP.2.WELEC;ECE: Euro area (E25) (UNSDCode:98204);2022;100;UIS_EST;
SCHBSP.2.WELEC;ECE: Euro area (E25) (UNSDCode:98204);2023;100;UIS_EST;
SCHBSP.2.WELEC;ECE: European Union (EMU) (UNSDCode:98203);2000;99.96383666992188;UIS_EST;
SCHBSP.2.WELEC;ECE: European Union (EMU) (UNSDCode:98203);2001;99.9631576538086;;
SCHBSP.2.WELEC;ECE: European Union (EMU) (UNSDCode:98203);2002;99.9628677368164;;
SCHBSP.2.WELEC;ECE: European Union (EMU) (UNSDCode:98203);2003;99.96275329589844;;
SCHBSP.2.WELEC;ECE: European Union (EMU) (UNSDCode:98203);2004;99.96233367919922;;
SCHBSP.2.WELEC;ECE: European Union (EMU) (UNSDCode:98203);2005;99.96221160888672;;
SCHBSP.2.WELEC;ECE: European Union (EMU) (UNSDCode:98203);2006;99.96211242675781;;
SCHBSP.2.WELEC;ECE: European Union (EMU) (UNSDCode:98203);2007;99.96199798583984;;
SCHBSP.2.WELEC;ECE: European Union (EMU) (UNSDCode:98203);2008;99.96190643310547;;
SCHBSP.2.WELEC;ECE: European Union (EMU) (UNSDCode:98203);2009;99.96205139160156;;
SCHBSP.2.WELEC;ECE: European Union (EMU) (UNSDCode:98203);2010;99.96195983886719;;
SCHBSP.2.WELEC;ECE: European Union (EMU) (UNSDCode:98203);2011;99.96267700195312;;
SCHBSP.2.WELEC;ECE: European Union (EMU) (UNSDCode:98203);2012;99.96321868896484;;
SCHBSP.2.WELEC;ECE: European Union (EMU) (UNSDCode:98203);2013;99.96372985839844;;
SCHBSP.2.WELEC;ECE: European Union (EMU) (UNSDCode:98203);2014;99.96405792236328;;
SCHBSP.2.WELEC;ECE: European Union (EMU) (UNSDCode:98203);2015;99.96456909179688;;
SCHBSP.2.WELEC;ECE: European Union (EMU) (UNSDCode:98203);2016;99.96508026123047;;
SCHBSP.2.WELEC;ECE: European Union (EMU) (UNSDCode:98203);2017;99.96495819091797;;
SCHBSP.2.WELEC;ECE: European Union (EMU) (UNSDCode:98203);2018;99.96456146240234;UIS_EST;
SCHBSP.2.WELEC;ECE: European Union (EMU) (UNSDCode:98203);2019;99.96224975585938;;
SCHBSP.2.WELEC;ECE: European Union (EMU) (UNSDCode:98203);2020;100;UIS_EST;
SCHBSP.2.WELEC;ECE: European Union (EMU) (UNSDCode:98203);2021;100;UIS_EST;
SCHBSP.2.WELEC;ECE: European Union (EMU) (UNSDCode:98203);2022;99.99404907226562;UIS_EST;
SCHBSP.2.WELEC;ECE: European Union (EMU) (UNSDCode:98203);2023;99.98818969726562;UIS_EST;
SCHBSP.2.WELEC;ECLAC: All countries (UNSDCode:98300);2009;90.4050064086914;UIS_EST;
SCHBSP.2.WELEC;ECLAC: All countries (UNSDCode:98300);2010;90.13227844238281;UIS_EST;
SCHBSP.2.WELEC;ECLAC: All countries (UNSDCode:98300);2011;89.94535827636719;UIS_EST;
SCHBSP.2.WELEC;ECLAC: All countries (UNSDCode:98300);2012;89.75714111328125;UIS_EST;
SCHBSP.2.WELEC;ECLAC: All countries (UNSDCode:98300);2013;89.54805755615234;UIS_EST;
SCHBSP.2.WELEC;ECLAC: All countries (UNSDCode:98300);2014;89.32975006103516;UIS_EST;
SCHBSP.2.WELEC;ECLAC: All countries (UNSDCode:98300);2015;89.12687683105469;UIS_EST;
SCHBSP.2.WELEC;ECLAC: All countries (UNSDCode:98300);2016;88.89514923095703;UIS_EST;
SCHBSP.2.WELEC;ECLAC: All countries (UNSDCode:98300);2017;88.73773956298828;UIS_EST;
SCHBSP.2.WELEC;ECLAC: All countries (UNSDCode:98300);2018;88.45366668701172;UIS_EST;
SCHBSP.2.WELEC;ECLAC: All countries (UNSDCode:98300);2019;88.56803131103516;UIS_EST;
SCHBSP.2.WELEC;ECLAC: All countries (UNSDCode:98300);2020;88.1421127319336;UIS_EST;
SCHBSP.2.WELEC;ECLAC: All countries (UNSDCode:98300);2021;87.31965637207031;UIS_EST;
SCHBSP.2.WELEC;ECLAC: All countries (UNSDCode:98300);2022;86.949462890625;UIS_EST;
SCHBSP.2.WELEC;ECLAC: Carribean (UNSDCode:98301);2009;71.84996795654297;UIS_EST;
SCHBSP.2.WELEC;ECLAC: Carribean (UNSDCode:98301);2010;72.02996063232422;UIS_EST;
SCHBSP.2.WELEC;ECLAC: Carribean (UNSDCode:98301);2011;70.72203826904297;UIS_EST;
SCHBSP.2.WELEC;ECLAC: Carribean (UNSDCode:98301);2022;59.57925033569336;UIS_EST;
SCHBSP.2.WELEC;ECLAC: Carribean (UNSDCode:98301);2023;60.31066131591797;UIS_EST;
SCHBSP.2.WELEC;ECLAC: Carribean (UNSDCode:98301);2024;60.22544097900391;UIS_EST;
SCHBSP.2.WELEC;ECLAC: Latin America (UNSDCode:98302);2009;90.62290954589844;UIS_EST;
SCHBSP.2.WELEC;ECLAC: Latin America (UNSDCode:98302);2010;90.33373260498047;UIS_EST;
SCHBSP.2.WELEC;ECLAC: Latin America (UNSDCode:98302);2011;90.15531158447266;UIS_EST;
SCHBSP.2.WELEC;ECLAC: Latin America (UNSDCode:98302);2012;89.97794342041016;UIS_EST;
SCHBSP.2.WELEC;ECLAC: Latin America (UNSDCode:98302);2013;89.7662124633789;UIS_EST;
SCHBSP.2.WELEC;ECLAC: Latin America (UNSDCode:98302);2014;89.54515838623047;UIS_EST;
SCHBSP.2.WELEC;ECLAC: Latin America (UNSDCode:98302);2015;89.34002685546875;UIS_EST;
SCHBSP.2.WELEC;ECLAC: Latin America (UNSDCode:98302);2016;89.10601806640625;UIS_EST;
SCHBSP.2.WELEC;ECLAC: Latin America (UNSDCode:98302);2017;88.94390106201172;UIS_EST;
SCHBSP.2.WELEC;ECLAC: Latin America (UNSDCode:98302);2018;88.68537139892578;UIS_EST;
SCHBSP.2.WELEC;ECLAC: Latin America (UNSDCode:98302);2019;88.82687377929688;UIS_EST;
SCHBSP.2.WELEC;ECLAC: Latin America (UNSDCode:98302);2020;88.38404083251953;UIS_EST;
SCHBSP.2.WELEC;ECLAC: Latin America (UNSDCode:98302);2021;87.54817199707031;UIS_EST;
SCHBSP.2.WELEC;ECLAC: Latin America (UNSDCode:98302);2022;87.19048309326172;UIS_EST;
SCHBSP.2.WELEC;ECU;2009;81.06617736816406;;
SCHBSP.2.WELEC;ECU;2016;84.56156716417911;;
SCHBSP.2.WELEC;ECU;2017;86.2014772905862;;
SCHBSP.2.WELEC;ECU;2018;87.39614359617495;;
SCHBSP.2.WELEC;ECU;2019;83.28353514703569;;
SCHBSP.2.WELEC;ECU;2020;84.30842607313195;;
SCHBSP.2.WELEC;ECU;2021;84.78260869565217;;
SCHBSP.2.WELEC;ECU;2022;84.96311411081463;;
SCHBSP.2.WELEC;ECU;2023;91.0993952550783;;
SCHBSP.2.WELEC;ECU;2024;95.89272030651341;;
SCHBSP.2.WELEC;EGY;2010;100;;
SCHBSP.2.WELEC;EGY;2016;100;;
SCHBSP.2.WELEC;EGY;2021;85.69556151325588;;
SCHBSP.2.WELEC;EGY;2023;82.9194669096708;;
SCHBSP.2.WELEC;EGY;2024;83.70907882346424;;
SCHBSP.2.WELEC;ERI;2017;44.47438812255859;;
SCHBSP.2.WELEC;ERI;2018;43.19372177124023;;
SCHBSP.2.WELEC;ERI;2022;45.47563934326172;;
SCHBSP.2.WELEC;ESCAP: ASEAN (ASEAN) (UNSDCode:98406);2011;87.98548126220703;UIS_EST;
SCHBSP.2.WELEC;ESCAP: ASEAN (ASEAN) (UNSDCode:98406);2012;88.226806640625;UIS_EST;
SCHBSP.2.WELEC;ESCAP: ASEAN (ASEAN) (UNSDCode:98406);2013;89.45675659179688;UIS_EST;
SCHBSP.2.WELEC;ESCAP: ASEAN (ASEAN) (UNSDCode:98406);2014;90.95694732666016;UIS_EST;
SCHBSP.2.WELEC;ESCAP: ASEAN (ASEAN) (UNSDCode:98406);2015;92.68128204345703;UIS_EST;
SCHBSP.2.WELEC;ESCAP: ASEAN (ASEAN) (UNSDCode:98406);2016;94.4971694946289;;
SCHBSP.2.WELEC;ESCAP: ASEAN (ASEAN) (UNSDCode:98406);2017;94.46772766113281;;
SCHBSP.2.WELEC;ESCAP: ASEAN (ASEAN) (UNSDCode:98406);2018;95.1875991821289;;
SCHBSP.2.WELEC;ESCAP: ASEAN (ASEAN) (UNSDCode:98406);2019;95.55313110351562;UIS_EST;
SCHBSP.2.WELEC;ESCAP: ASEAN (ASEAN) (UNSDCode:98406);2020;95.8189468383789;UIS_EST;
SCHBSP.2.WELEC;ESCAP: ASEAN (ASEAN) (UNSDCode:98406);2021;95.6003189086914;UIS_EST;
SCHBSP.2.WELEC;ESCAP: ASEAN (ASEAN) (UNSDCode:98406);2022;95.91290283203125;UIS_EST;
SCHBSP.2.WELEC;ESCAP: ASEAN (ASEAN) (UNSDCode:98406);2023;96.19535827636719;;
SCHBSP.2.WELEC;ESCAP: ASEAN (ASEAN) (UNSDCode:98406);2024;96.32926940917969;;
SCHBSP.2.WELEC;ESCAP: Africa (AFR) (UNSDCode:98405);2015;56.16287994384766;UIS_EST;
SCHBSP.2.WELEC;ESCAP: Africa (AFR) (UNSDCode:98405);2016;55.82508087158203;UIS_EST;
SCHBSP.2.WELEC;ESCAP: Africa (AFR) (UNSDCode:98405);2017;55.30665969848633;UIS_EST;
SCHBSP.2.WELEC;ESCAP: Africa (AFR) (UNSDCode:98405);2018;54.58634185791016;UIS_EST;
SCHBSP.2.WELEC;ESCAP: Africa (AFR) (UNSDCode:98405);2019;54.31652069091797;UIS_EST;
SCHBSP.2.WELEC;ESCAP: Africa (AFR) (UNSDCode:98405);2020;55.05118179321289;UIS_EST;
SCHBSP.2.WELEC;ESCAP: Africa (AFR) (UNSDCode:98405);2021;53.96419906616211;UIS_EST;
SCHBSP.2.WELEC;ESCAP: Africa (AFR) (UNSDCode:98405);2022;53.94625091552734;UIS_EST;
SCHBSP.2.WELEC;ESCAP: Africa (AFR) (UNSDCode:98405);2023;55.23283004760742;UIS_EST;
SCHBSP.2.WELEC;ESCAP: Africa (AFR) (UNSDCode:98405);2024;55.7294807434082;UIS_EST;
SCHBSP.2.WELEC;ESCAP: All countries (UNSDCode:98400);2011;70.56558227539062;UIS_EST;
SCHBSP.2.WELEC;ESCAP: All countries (UNSDCode:98400);2012;70.51402282714844;;
SCHBSP.2.WELEC;ESCAP: All countries (UNSDCode:98400);2013;71.26875305175781;UIS_EST;
SCHBSP.2.WELEC;ESCAP: All countries (UNSDCode:98400);2014;72.14733123779297;UIS_EST;
SCHBSP.2.WELEC;ESCAP: All countries (UNSDCode:98400);2015;73.13462829589844;UIS_EST;
SCHBSP.2.WELEC;ESCAP: All countries (UNSDCode:98400);2016;74.24424743652344;;
SCHBSP.2.WELEC;ESCAP: All countries (UNSDCode:98400);2017;75.51296997070312;;
SCHBSP.2.WELEC;ESCAP: All countries (UNSDCode:98400);2018;77.05126953125;;
SCHBSP.2.WELEC;ESCAP: All countries (UNSDCode:98400);2019;82.69627380371094;;
SCHBSP.2.WELEC;ESCAP: All countries (UNSDCode:98400);2020;87.4020004272461;;
SCHBSP.2.WELEC;ESCAP: All countries (UNSDCode:98400);2021;87.45610809326172;;
SCHBSP.2.WELEC;ESCAP: All countries (UNSDCode:98400);2022;89.69093322753906;;
SCHBSP.2.WELEC;ESCAP: All countries (UNSDCode:98400);2023;90.33984375;;
SCHBSP.2.WELEC;ESCAP: All countries (UNSDCode:98400);2024;90.36460876464844;;
SCHBSP.2.WELEC;ESCAP: Countries with Special Needs (CSN) (UNSDCode:98434);2011;70.33737182617188;UIS_EST;
SCHBSP.2.WELEC;ESCAP: Countries with Special Needs (CSN) (UNSDCode:98434);2012;70.41896057128906;UIS_EST;
SCHBSP.2.WELEC;ESCAP: Countries with Special Needs (CSN) (UNSDCode:98434);2013;73.19673919677734;UIS_EST;
SCHBSP.2.WELEC;ESCAP: Countries with Special Needs (CSN) (UNSDCode:98434);2014;76.28777313232422;UIS_EST;
SCHBSP.2.WELEC;ESCAP: Countries with Special Needs (CSN) (UNSDCode:98434);2015;79.39778900146484;UIS_EST;
SCHBSP.2.WELEC;ESCAP: Countries with Special Needs (CSN) (UNSDCode:98434);2016;82.5259017944336;UIS_EST;
SCHBSP.2.WELEC;ESCAP: Countries with Special Needs (CSN) (UNSDCode:98434);2017;82.50404357910156;;
SCHBSP.2.WELEC;ESCAP: Countries with Special Needs (CSN) (UNSDCode:98434);2018;84.94532775878906;;
SCHBSP.2.WELEC;ESCAP: Countries with Special Needs (CSN) (UNSDCode:98434);2019;86.56085968017578;;
SCHBSP.2.WELEC;ESCAP: Countries with Special Needs (CSN) (UNSDCode:98434);2020;87.67489624023438;;
SCHBSP.2.WELEC;ESCAP: Countries with Special Needs (CSN) (UNSDCode:98434);2021;87.95954895019531;UIS_EST;
SCHBSP.2.WELEC;ESCAP: Countries with Special Needs (CSN) (UNSDCode:98434);2022;88.24182891845703;UIS_EST;
SCHBSP.2.WELEC;ESCAP: Countries with Special Needs (CSN) (UNSDCode:98434);2023;88.5051498413086;UIS_EST;
SCHBSP.2.WELEC;ESCAP: Countries with Special Needs (CSN) (UNSDCode:98434);2024;88.81916046142578;;
SCHBSP.2.WELEC;ESCAP: ECO (ECO) (UNSDCode:98407);2012;70.26899719238281;UIS_EST;
SCHBSP.2.WELEC;ESCAP: ECO (ECO) (UNSDCode:98407);2013;69.85202026367188;UIS_EST;
SCHBSP.2.WELEC;ESCAP: ECO (ECO) (UNSDCode:98407);2016;68.74343872070312;UIS_EST;
SCHBSP.2.WELEC;ESCAP: ECO (ECO) (UNSDCode:98407);2017;67.81781005859375;UIS_EST;
SCHBSP.2.WELEC;ESCAP: ECO (ECO) (UNSDCode:98407);2018;68.94243621826172;UIS_EST;
SCHBSP.2.WELEC;ESCAP: ECO (ECO) (UNSDCode:98407);2019;68.75572204589844;UIS_EST;
SCHBSP.2.WELEC;ESCAP: ECO (ECO) (UNSDCode:98407);2020;69.08767700195312;UIS_EST;
SCHBSP.2.WELEC;ESCAP: ECO (ECO) (UNSDCode:98407);2021;68.9964599609375;UIS_EST;
SCHBSP.2.WELEC;ESCAP: ECO (ECO) (UNSDCode:98407);2023;68.7924575805664;UIS_EST;
SCHBSP.2.WELEC;ESCAP: ECO (ECO) (UNSDCode:98407);2024;68.64128112792969;UIS_EST;
SCHBSP.2.WELEC;ESCAP: East and North-East Asia (ENEA) (UNSDCode:98408);2016;98.08743286132812;UIS_EST;
SCHBSP.2.WELEC;ESCAP: East and North-East Asia (ENEA) (UNSDCode:98408);2017;98.2171401977539;;
SCHBSP.2.WELEC;ESCAP: East and North-East Asia (ENEA) (UNSDCode:98408);2018;98.40904998779297;;
SCHBSP.2.WELEC;ESCAP: East and North-East Asia (ENEA) (UNSDCode:98408);2019;98.53231048583984;;
SCHBSP.2.WELEC;ESCAP: East and North-East Asia (ENEA) (UNSDCode:98408);2020;98.69815063476562;;
SCHBSP.2.WELEC;ESCAP: East and North-East Asia (ENEA) (UNSDCode:98408);2021;98.80223083496094;;
SCHBSP.2.WELEC;ESCAP: East and North-East Asia (ENEA) (UNSDCode:98408);2022;98.80439758300781;;
SCHBSP.2.WELEC;ESCAP: East and North-East Asia (ENEA) (UNSDCode:98408);2023;98.88231658935547;;
SCHBSP.2.WELEC;ESCAP: East and North-East Asia (ENEA) (UNSDCode:98408);2024;98.84635925292969;;
SCHBSP.2.WELEC;ESCAP: Europe (Europe) (UNSDCode:98423);2000;99.92623901367188;UIS_EST;
SCHBSP.2.WELEC;ESCAP: Europe (Europe) (UNSDCode:98423);2001;99.92523956298828;UIS_EST;
SCHBSP.2.WELEC;ESCAP: Europe (Europe) (UNSDCode:98423);2002;99.92491912841797;UIS_EST;
SCHBSP.2.WELEC;ESCAP: Europe (Europe) (UNSDCode:98423);2003;99.92424011230469;UIS_EST;
SCHBSP.2.WELEC;ESCAP: Europe (Europe) (UNSDCode:98423);2004;99.92339324951172;UIS_EST;
SCHBSP.2.WELEC;ESCAP: Europe (Europe) (UNSDCode:98423);2005;99.92317199707031;UIS_EST;
SCHBSP.2.WELEC;ESCAP: Europe (Europe) (UNSDCode:98423);2006;99.92301177978516;UIS_EST;
SCHBSP.2.WELEC;ESCAP: Europe (Europe) (UNSDCode:98423);2007;99.92262268066406;UIS_EST;
SCHBSP.2.WELEC;ESCAP: Europe (Europe) (UNSDCode:98423);2008;99.92240905761719;UIS_EST;
SCHBSP.2.WELEC;ESCAP: Europe (Europe) (UNSDCode:98423);2009;99.92256164550781;UIS_EST;
SCHBSP.2.WELEC;ESCAP: Europe (Europe) (UNSDCode:98423);2010;99.92233276367188;UIS_EST;
SCHBSP.2.WELEC;ESCAP: Europe (Europe) (UNSDCode:98423);2011;99.92176818847656;UIS_EST;
SCHBSP.2.WELEC;ESCAP: Europe (Europe) (UNSDCode:98423);2012;99.92180633544922;UIS_EST;
SCHBSP.2.WELEC;ESCAP: Europe (Europe) (UNSDCode:98423);2013;99.92037200927734;UIS_EST;
SCHBSP.2.WELEC;ESCAP: Europe (Europe) (UNSDCode:98423);2014;99.91876220703125;UIS_EST;
SCHBSP.2.WELEC;ESCAP: Europe (Europe) (UNSDCode:98423);2015;99.91738891601562;UIS_EST;
SCHBSP.2.WELEC;ESCAP: Europe (Europe) (UNSDCode:98423);2016;99.91618347167969;UIS_EST;
SCHBSP.2.WELEC;ESCAP: Europe (Europe) (UNSDCode:98423);2017;99.91668701171875;UIS_EST;
SCHBSP.2.WELEC;ESCAP: Europe (Europe) (UNSDCode:98423);2018;99.9157485961914;UIS_EST;
SCHBSP.2.WELEC;ESCAP: Europe (Europe) (UNSDCode:98423);2019;99.91266632080078;UIS_EST;
SCHBSP.2.WELEC;ESCAP: Europe (Europe) (UNSDCode:98423);2020;100;UIS_EST;
SCHBSP.2.WELEC;ESCAP: Europe (Europe) (UNSDCode:98423);2021;100;UIS_EST;
SCHBSP.2.WELEC;ESCAP: Europe (Europe) (UNSDCode:98423);2022;99.97384643554688;UIS_EST;
SCHBSP.2.WELEC;ESCAP: Europe (Europe) (UNSDCode:98423);2023;99.94709014892578;UIS_EST;
SCHBSP.2.WELEC;ESCAP: LDC (LDC_E) (UNSDCode:98411);2011;51.90449905395508;UIS_EST;
SCHBSP.2.WELEC;ESCAP: LDC (LDC_E) (UNSDCode:98411);2012;51.4888801574707;UIS_EST;
SCHBSP.2.WELEC;ESCAP: LDC (LDC_E) (UNSDCode:98411);2013;56.54264068603516;UIS_EST;
SCHBSP.2.WELEC;ESCAP: LDC (LDC_E) (UNSDCode:98411);2014;61.84682083129883;UIS_EST;
SCHBSP.2.WELEC;ESCAP: LDC (LDC_E) (UNSDCode:98411);2015;67.1086196899414;UIS_EST;
SCHBSP.2.WELEC;ESCAP: LDC (LDC_E) (UNSDCode:98411);2016;72.3299789428711;;
SCHBSP.2.WELEC;ESCAP: LDC (LDC_E) (UNSDCode:98411);2017;73.59967041015625;UIS_EST;
SCHBSP.2.WELEC;ESCAP: LDC (LDC_E) (UNSDCode:98411);2018;77.43151092529297;;
SCHBSP.2.WELEC;ESCAP: LDC (LDC_E) (UNSDCode:98411);2019;80.0125732421875;UIS_EST;
SCHBSP.2.WELEC;ESCAP: LDC (LDC_E) (UNSDCode:98411);2020;81.79116821289062;;
SCHBSP.2.WELEC;ESCAP: LDC (LDC_E) (UNSDCode:98411);2021;82.20075988769531;UIS_EST;
SCHBSP.2.WELEC;ESCAP: LDC (LDC_E) (UNSDCode:98411);2022;82.58245086669922;UIS_EST;
SCHBSP.2.WELEC;ESCAP: LDC (LDC_E) (UNSDCode:98411);2023;82.93609619140625;UIS_EST;
SCHBSP.2.WELEC;ESCAP: LDC (LDC_E) (UNSDCode:98411);2024;83.39820861816406;;
SCHBSP.2.WELEC;ESCAP: LLDC (LLDC_E) (UNSDCode:98412);2016;77.09661865234375;UIS_EST;
SCHBSP.2.WELEC;ESCAP: LLDC (LLDC_E) (UNSDCode:98412);2017;79.26766204833984;UIS_EST;
SCHBSP.2.WELEC;ESCAP: LLDC (LLDC_E) (UNSDCode:98412);2018;81.55641174316406;UIS_EST;
SCHBSP.2.WELEC;ESCAP: LLDC (LLDC_E) (UNSDCode:98412);2019;83.80072021484375;UIS_EST;
SCHBSP.2.WELEC;ESCAP: LLDC (LLDC_E) (UNSDCode:98412);2020;85.94467163085938;;
SCHBSP.2.WELEC;ESCAP: LLDC (LLDC_E) (UNSDCode:98412);2021;85.52117156982422;UIS_EST;
SCHBSP.2.WELEC;ESCAP: LLDC (LLDC_E) (UNSDCode:98412);2022;85.10098266601562;UIS_EST;
SCHBSP.2.WELEC;ESCAP: LLDC (LLDC_E) (UNSDCode:98412);2023;84.73338317871094;UIS_EST;
SCHBSP.2.WELEC;ESCAP: LLDC (LLDC_E) (UNSDCode:98412);2024;84.39061737060547;;
SCHBSP.2.WELEC;ESCAP: Latin America (LAC) (UNSDCode:98424);2009;90.4050064086914;UIS_EST;
SCHBSP.2.WELEC;ESCAP: Latin America (LAC) (UNSDCode:98424);2010;90.13227844238281;UIS_EST;
SCHBSP.2.WELEC;ESCAP: Latin America (LAC) (UNSDCode:98424);2011;89.94535827636719;UIS_EST;
SCHBSP.2.WELEC;ESCAP: Latin America (LAC) (UNSDCode:98424);2012;89.75714111328125;UIS_EST;
SCHBSP.2.WELEC;ESCAP: Latin America (LAC) (UNSDCode:98424);2013;89.54805755615234;UIS_EST;
SCHBSP.2.WELEC;ESCAP: Latin America (LAC) (UNSDCode:98424);2014;89.32975006103516;UIS_EST;
SCHBSP.2.WELEC;ESCAP: Latin America (LAC) (UNSDCode:98424);2015;89.12687683105469;UIS_EST;
SCHBSP.2.WELEC;ESCAP: Latin America (LAC) (UNSDCode:98424);2016;88.89514923095703;UIS_EST;
SCHBSP.2.WELEC;ESCAP: Latin America (LAC) (UNSDCode:98424);2017;88.73773956298828;UIS_EST;
SCHBSP.2.WELEC;ESCAP: Latin America (LAC) (UNSDCode:98424);2018;88.45366668701172;UIS_EST;
SCHBSP.2.WELEC;ESCAP: Latin America (LAC) (UNSDCode:98424);2019;88.56803131103516;UIS_EST;
SCHBSP.2.WELEC;ESCAP: Latin America (LAC) (UNSDCode:98424);2020;88.1421127319336;UIS_EST;
SCHBSP.2.WELEC;ESCAP: Latin America (LAC) (UNSDCode:98424);2021;87.31965637207031;UIS_EST;
SCHBSP.2.WELEC;ESCAP: Latin America (LAC) (UNSDCode:98424);2022;86.949462890625;UIS_EST;
SCHBSP.2.WELEC;ESCAP: North America (NAM) (UNSDCode:98425);2014;100;UIS_EST;
SCHBSP.2.WELEC;ESCAP: North America (NAM) (UNSDCode:98425);2015;100;;
SCHBSP.2.WELEC;ESCAP: North America (NAM) (UNSDCode:98425);2016;100;UIS_EST;
SCHBSP.2.WELEC;ESCAP: North America (NAM) (UNSDCode:98425);2017;100;UIS_EST;
SCHBSP.2.WELEC;ESCAP: North America (NAM) (UNSDCode:98425);2019;100;;
SCHBSP.2.WELEC;ESCAP: North America (NAM) (UNSDCode:98425);2020;100;UIS_EST;
SCHBSP.2.WELEC;ESCAP: North and Central Asia (NCA) (UNSDCode:98417);2016;99.76390838623047;UIS_EST;
SCHBSP.2.WELEC;ESCAP: North and Central Asia (NCA) (UNSDCode:98417);2017;99.77123260498047;UIS_EST;
SCHBSP.2.WELEC;ESCAP: North and Central Asia (NCA) (UNSDCode:98417);2018;99.77838897705078;UIS_EST;
SCHBSP.2.WELEC;ESCAP: North and Central Asia (NCA) (UNSDCode:98417);2019;99.77440643310547;UIS_EST;
SCHBSP.2.WELEC;ESCAP: North and Central Asia (NCA) (UNSDCode:98417);2020;99.97833251953125;UIS_EST;
SCHBSP.2.WELEC;ESCAP: North and Central Asia (NCA) (UNSDCode:98417);2021;99.9854736328125;UIS_EST;
SCHBSP.2.WELEC;ESCAP: Other Area (OTH_REGION) (UNSDCode:98426);2015;96.5378189086914;UIS_EST;
SCHBSP.2.WELEC;ESCAP: Other Area (OTH_REGION) (UNSDCode:98426);2016;96.58618927001953;UIS_EST;
SCHBSP.2.WELEC;ESCAP: Other Area (OTH_REGION) (UNSDCode:98426);2017;96.51875305175781;;
SCHBSP.2.WELEC;ESCAP: Other Area (OTH_REGION) (UNSDCode:98426);2018;96.49330139160156;;
SCHBSP.2.WELEC;ESCAP: Other Area (OTH_REGION) (UNSDCode:98426);2019;96.4592514038086;;
SCHBSP.2.WELEC;ESCAP: Other Area (OTH_REGION) (UNSDCode:98426);2020;96.44445037841797;;
SCHBSP.2.WELEC;ESCAP: Other Area (OTH_REGION) (UNSDCode:98426);2021;96.53852081298828;;
SCHBSP.2.WELEC;ESCAP: Other Area (OTH_REGION) (UNSDCode:98426);2022;96.53772735595703;;
SCHBSP.2.WELEC;ESCAP: Other Area (OTH_REGION) (UNSDCode:98426);2023;96.76583862304688;UIS_EST;
SCHBSP.2.WELEC;ESCAP: Other Area (OTH_REGION) (UNSDCode:98426);2024;97.1047134399414;;
SCHBSP.2.WELEC;ESCAP: PACIFIC (PAC) (UNSDCode:98418);2000;98.3750991821289;;
SCHBSP.2.WELEC;ESCAP: PACIFIC (PAC) (UNSDCode:98418);2001;98.37419128417969;;
SCHBSP.2.WELEC;ESCAP: PACIFIC (PAC) (UNSDCode:98418);2002;98.37528991699219;;
SCHBSP.2.WELEC;ESCAP: PACIFIC (PAC) (UNSDCode:98418);2003;98.3753890991211;;
SCHBSP.2.WELEC;ESCAP: PACIFIC (PAC) (UNSDCode:98418);2004;98.37690734863281;;
SCHBSP.2.WELEC;ESCAP: PACIFIC (PAC) (UNSDCode:98418);2005;98.37789916992188;;
SCHBSP.2.WELEC;ESCAP: PACIFIC (PAC) (UNSDCode:98418);2006;98.37785339355469;;
SCHBSP.2.WELEC;ESCAP: PACIFIC (PAC) (UNSDCode:98418);2007;98.37599182128906;;
SCHBSP.2.WELEC;ESCAP: PACIFIC (PAC) (UNSDCode:98418);2008;98.37525939941406;;
SCHBSP.2.WELEC;ESCAP: PACIFIC (PAC) (UNSDCode:98418);2009;98.37503814697266;;
SCHBSP.2.WELEC;ESCAP: PACIFIC (PAC) (UNSDCode:98418);2010;98.3857192993164;;
SCHBSP.2.WELEC;ESCAP: PACIFIC (PAC) (UNSDCode:98418);2011;98.37346649169922;;
SCHBSP.2.WELEC;ESCAP: PACIFIC (PAC) (UNSDCode:98418);2012;98.35916137695312;;
SCHBSP.2.WELEC;ESCAP: PACIFIC (PAC) (UNSDCode:98418);2013;98.3515625;;
SCHBSP.2.WELEC;ESCAP: PACIFIC (PAC) (UNSDCode:98418);2014;98.34654235839844;;
SCHBSP.2.WELEC;ESCAP: PACIFIC (PAC) (UNSDCode:98418);2015;98.34319305419922;;
SCHBSP.2.WELEC;ESCAP: PACIFIC (PAC) (UNSDCode:98418);2016;98.3394775390625;;
SCHBSP.2.WELEC;ESCAP: PACIFIC (PAC) (UNSDCode:98418);2017;97.96198272705078;;
SCHBSP.2.WELEC;ESCAP: PACIFIC (PAC) (UNSDCode:98418);2018;97.82888793945312;;
SCHBSP.2.WELEC;ESCAP: PACIFIC (PAC) (UNSDCode:98418);2019;97.83531951904297;;
SCHBSP.2.WELEC;ESCAP: PACIFIC (PAC) (UNSDCode:98418);2020;97.55809020996094;;
SCHBSP.2.WELEC;ESCAP: PACIFIC (PAC) (UNSDCode:98418);2021;97.83881378173828;;
SCHBSP.2.WELEC;ESCAP: PACIFIC (PAC) (UNSDCode:98418);2022;98.19937896728516;UIS_EST;
SCHBSP.2.WELEC;ESCAP: SAARC (SAARC) (UNSDCode:98428);2011;59.9034309387207;UIS_EST;
SCHBSP.2.WELEC;ESCAP: SAARC (SAARC) (UNSDCode:98428);2012;59.84873962402344;;
SCHBSP.2.WELEC;ESCAP: SAARC (SAARC) (UNSDCode:98428);2013;60.01834869384766;UIS_EST;
SCHBSP.2.WELEC;ESCAP: SAARC (SAARC) (UNSDCode:98428);2014;60.24203872680664;UIS_EST;
SCHBSP.2.WELEC;ESCAP: SAARC (SAARC) (UNSDCode:98428);2015;60.49660873413086;UIS_EST;
SCHBSP.2.WELEC;ESCAP: SAARC (SAARC) (UNSDCode:98428);2016;60.7883186340332;;
SCHBSP.2.WELEC;ESCAP: SAARC (SAARC) (UNSDCode:98428);2017;62.978759765625;;
SCHBSP.2.WELEC;ESCAP: SAARC (SAARC) (UNSDCode:98428);2018;65.30845642089844;;
SCHBSP.2.WELEC;ESCAP: SAARC (SAARC) (UNSDCode:98428);2019;74.13307189941406;;
SCHBSP.2.WELEC;ESCAP: SAARC (SAARC) (UNSDCode:98428);2020;81.42186737060547;;
SCHBSP.2.WELEC;ESCAP: SAARC (SAARC) (UNSDCode:98428);2021;81.5631332397461;;
SCHBSP.2.WELEC;ESCAP: SAARC (SAARC) (UNSDCode:98428);2022;84.9669418334961;;
SCHBSP.2.WELEC;ESCAP: SAARC (SAARC) (UNSDCode:98428);2023;85.90727233886719;;
SCHBSP.2.WELEC;ESCAP: SAARC (SAARC) (UNSDCode:98428);2024;85.99810028076172;;
SCHBSP.2.WELEC;ESCAP: Small Islands Developing States (SIDS) (UNSDCode:98435);2017;87.9876480102539;UIS_EST;
SCHBSP.2.WELEC;ESCAP: Small Islands Developing States (SIDS) (UNSDCode:98435);2018;88.00119018554688;UIS_EST;
SCHBSP.2.WELEC;ESCAP: Small Islands Developing States (SIDS) (UNSDCode:98435);2019;88.8556900024414;UIS_EST;
SCHBSP.2.WELEC;ESCAP: Small Islands Developing States (SIDS) (UNSDCode:98435);2020;90.72836303710938;UIS_EST;
SCHBSP.2.WELEC;ESCAP: Small Islands Developing States (SIDS) (UNSDCode:98435);2021;92.16911315917969;UIS_EST;
SCHBSP.2.WELEC;ESCAP: Small Islands Developing States (SIDS) (UNSDCode:98435);2022;93.48210144042969;UIS_EST;
SCHBSP.2.WELEC;ESCAP: South and South-West Asia (SSWA) (UNSDCode:98420);2011;62.40774917602539;UIS_EST;
SCHBSP.2.WELEC;ESCAP: South and South-West Asia (SSWA) (UNSDCode:98420);2012;62.28285980224609;;
SCHBSP.2.WELEC;ESCAP: South and South-West Asia (SSWA) (UNSDCode:98420);2013;62.56085968017578;UIS_EST;
SCHBSP.2.WELEC;ESCAP: South and South-West Asia (SSWA) (UNSDCode:98420);2014;62.90216827392578;UIS_EST;
SCHBSP.2.WELEC;ESCAP: South and South-West Asia (SSWA) (UNSDCode:98420);2015;63.28725051879883;UIS_EST;
SCHBSP.2.WELEC;ESCAP: South and South-West Asia (SSWA) (UNSDCode:98420);2016;63.74736022949219;;
SCHBSP.2.WELEC;ESCAP: South and South-West Asia (SSWA) (UNSDCode:98420);2017;65.72637939453125;;
SCHBSP.2.WELEC;ESCAP: South and South-West Asia (SSWA) (UNSDCode:98420);2018;67.89602661132812;;
SCHBSP.2.WELEC;ESCAP: South and South-West Asia (SSWA) (UNSDCode:98420);2019;76.06146240234375;;
SCHBSP.2.WELEC;ESCAP: South and South-West Asia (SSWA) (UNSDCode:98420);2020;82.83206176757812;;
SCHBSP.2.WELEC;ESCAP: South and South-West Asia (SSWA) (UNSDCode:98420);2021;82.95481872558594;;
SCHBSP.2.WELEC;ESCAP: South and South-West Asia (SSWA) (UNSDCode:98420);2022;86.1104507446289;;
SCHBSP.2.WELEC;ESCAP: South and South-West Asia (SSWA) (UNSDCode:98420);2023;86.99237060546875;;
SCHBSP.2.WELEC;ESCAP: South and South-West Asia (SSWA) (UNSDCode:98420);2024;87.06298065185547;;
SCHBSP.2.WELEC;ESCAP: South-East Asia (SEA) (UNSDCode:98419);2011;87.98548126220703;UIS_EST;
SCHBSP.2.WELEC;ESCAP: South-East Asia (SEA) (UNSDCode:98419);2012;88.226806640625;UIS_EST;
SCHBSP.2.WELEC;ESCAP: South-East Asia (SEA) (UNSDCode:98419);2013;89.45675659179688;UIS_EST;
SCHBSP.2.WELEC;ESCAP: South-East Asia (SEA) (UNSDCode:98419);2014;90.95694732666016;UIS_EST;
SCHBSP.2.WELEC;ESCAP: South-East Asia (SEA) (UNSDCode:98419);2015;92.68128204345703;UIS_EST;
SCHBSP.2.WELEC;ESCAP: South-East Asia (SEA) (UNSDCode:98419);2016;94.4971694946289;;
SCHBSP.2.WELEC;ESCAP: South-East Asia (SEA) (UNSDCode:98419);2017;94.46772766113281;;
SCHBSP.2.WELEC;ESCAP: South-East Asia (SEA) (UNSDCode:98419);2018;95.1875991821289;;
SCHBSP.2.WELEC;ESCAP: South-East Asia (SEA) (UNSDCode:98419);2019;95.55313110351562;UIS_EST;
SCHBSP.2.WELEC;ESCAP: South-East Asia (SEA) (UNSDCode:98419);2020;95.8189468383789;UIS_EST;
SCHBSP.2.WELEC;ESCAP: South-East Asia (SEA) (UNSDCode:98419);2021;95.6003189086914;UIS_EST;
SCHBSP.2.WELEC;ESCAP: South-East Asia (SEA) (UNSDCode:98419);2022;95.91290283203125;UIS_EST;
SCHBSP.2.WELEC;ESCAP: South-East Asia (SEA) (UNSDCode:98419);2023;96.19535827636719;;
SCHBSP.2.WELEC;ESCAP: South-East Asia (SEA) (UNSDCode:98419);2024;96.32926940917969;;
SCHBSP.2.WELEC;ESCAP: WB High Income Economies (WB_HIGH) (UNSDCode:98436);2000;96.0538101196289;UIS_EST;
SCHBSP.2.WELEC;ESCAP: WB High Income Economies (WB_HIGH) (UNSDCode:98436);2001;96.04251098632812;UIS_EST;
SCHBSP.2.WELEC;ESCAP: WB High Income Economies (WB_HIGH) (UNSDCode:98436);2002;96.07827758789062;UIS_EST;
SCHBSP.2.WELEC;ESCAP: WB High Income Economies (WB_HIGH) (UNSDCode:98436);2003;96.07408905029297;UIS_EST;
SCHBSP.2.WELEC;ESCAP: WB High Income Economies (WB_HIGH) (UNSDCode:98436);2004;96.06951141357422;UIS_EST;
SCHBSP.2.WELEC;ESCAP: WB High Income Economies (WB_HIGH) (UNSDCode:98436);2005;96.06661987304688;UIS_EST;
SCHBSP.2.WELEC;ESCAP: WB High Income Economies (WB_HIGH) (UNSDCode:98436);2006;96.05828094482422;UIS_EST;
SCHBSP.2.WELEC;ESCAP: WB High Income Economies (WB_HIGH) (UNSDCode:98436);2007;96.0613784790039;UIS_EST;
SCHBSP.2.WELEC;ESCAP: WB High Income Economies (WB_HIGH) (UNSDCode:98436);2008;96.06497955322266;UIS_EST;
SCHBSP.2.WELEC;ESCAP: WB High Income Economies (WB_HIGH) (UNSDCode:98436);2009;96.05831909179688;UIS_EST;
SCHBSP.2.WELEC;ESCAP: WB High Income Economies (WB_HIGH) (UNSDCode:98436);2010;96.04955291748047;UIS_EST;
SCHBSP.2.WELEC;ESCAP: WB High Income Economies (WB_HIGH) (UNSDCode:98436);2011;96.04753875732422;UIS_EST;
SCHBSP.2.WELEC;ESCAP: WB High Income Economies (WB_HIGH) (UNSDCode:98436);2012;96.04817962646484;UIS_EST;
SCHBSP.2.WELEC;ESCAP: WB High Income Economies (WB_HIGH) (UNSDCode:98436);2013;96.26438903808594;UIS_EST;
SCHBSP.2.WELEC;ESCAP: WB High Income Economies (WB_HIGH) (UNSDCode:98436);2014;96.50160217285156;UIS_EST;
SCHBSP.2.WELEC;ESCAP: WB High Income Economies (WB_HIGH) (UNSDCode:98436);2015;96.75531768798828;UIS_EST;
SCHBSP.2.WELEC;ESCAP: WB High Income Economies (WB_HIGH) (UNSDCode:98436);2016;96.99949645996094;UIS_EST;
SCHBSP.2.WELEC;ESCAP: WB High Income Economies (WB_HIGH) (UNSDCode:98436);2017;97.20828247070312;UIS_EST;
SCHBSP.2.WELEC;ESCAP: WB High Income Economies (WB_HIGH) (UNSDCode:98436);2018;97.56546020507812;UIS_EST;
SCHBSP.2.WELEC;ESCAP: WB High Income Economies (WB_HIGH) (UNSDCode:98436);2019;97.75930786132812;UIS_EST;
SCHBSP.2.WELEC;ESCAP: WB High Income Economies (WB_HIGH) (UNSDCode:98436);2020;97.96788787841797;UIS_EST;
SCHBSP.2.WELEC;ESCAP: WB High Income Economies (WB_HIGH) (UNSDCode:98436);2021;98.01083374023438;UIS_EST;
SCHBSP.2.WELEC;ESCAP: WB High Income Economies (WB_HIGH) (UNSDCode:98436);2022;98.22501373291016;UIS_EST;
SCHBSP.2.WELEC;ESCAP: WB Low Income Economies (WB_LOW) (UNSDCode:98439);2015;43.79719161987305;UIS_EST;
SCHBSP.2.WELEC;ESCAP: WB Low Income Economies (WB_LOW) (UNSDCode:98439);2016;43.05141067504883;UIS_EST;
SCHBSP.2.WELEC;ESCAP: WB Low Income Economies (WB_LOW) (UNSDCode:98439);2017;42.44604110717773;UIS_EST;
SCHBSP.2.WELEC;ESCAP: WB Low Income Economies (WB_LOW) (UNSDCode:98439);2018;41.72713851928711;UIS_EST;
SCHBSP.2.WELEC;ESCAP: WB Low Income Economies (WB_LOW) (UNSDCode:98439);2019;38.74409103393555;UIS_EST;
SCHBSP.2.WELEC;ESCAP: WB Low Income Economies (WB_LOW) (UNSDCode:98439);2020;38.49150848388672;UIS_EST;
SCHBSP.2.WELEC;ESCAP: WB Low Income Economies (WB_LOW) (UNSDCode:98439);2021;36.86376190185547;UIS_EST;
SCHBSP.2.WELEC;ESCAP: WB Low Income Economies (WB_LOW) (UNSDCode:98439);2022;38.19314956665039;UIS_EST;
SCHBSP.2.WELEC;ESCAP: WB Low Income Economies (WB_LOW) (UNSDCode:98439);2023;39.77120971679688;UIS_EST;
SCHBSP.2.WELEC;ESCAP: WB Low Income Economies (WB_LOW) (UNSDCode:98439);2024;40.02283096313477;UIS_EST;
SCHBSP.2.WELEC;ESCAP: WB Lower Middle Income Economies (WB_LOWER_MID) (UNSDCode:98438);2011;65.62669372558594;UIS_EST;
SCHBSP.2.WELEC;ESCAP: WB Lower Middle Income Economies (WB_LOWER_MID) (UNSDCode:98438);2012;65.47531127929688;;
SCHBSP.2.WELEC;ESCAP: WB Lower Middle Income Economies (WB_LOWER_MID) (UNSDCode:98438);2013;65.78398895263672;UIS_EST;
SCHBSP.2.WELEC;ESCAP: WB Lower Middle Income Economies (WB_LOWER_MID) (UNSDCode:98438);2014;66.14408111572266;UIS_EST;
SCHBSP.2.WELEC;ESCAP: WB Lower Middle Income Economies (WB_LOWER_MID) (UNSDCode:98438);2015;66.53431701660156;UIS_EST;
SCHBSP.2.WELEC;ESCAP: WB Lower Middle Income Economies (WB_LOWER_MID) (UNSDCode:98438);2016;66.9614486694336;;
SCHBSP.2.WELEC;ESCAP: WB Lower Middle Income Economies (WB_LOWER_MID) (UNSDCode:98438);2017;68.33251190185547;;
SCHBSP.2.WELEC;ESCAP: WB Lower Middle Income Economies (WB_LOWER_MID) (UNSDCode:98438);2018;69.97679901123047;;
SCHBSP.2.WELEC;ESCAP: WB Lower Middle Income Economies (WB_LOWER_MID) (UNSDCode:98438);2019;76.55732727050781;;
SCHBSP.2.WELEC;ESCAP: WB Lower Middle Income Economies (WB_LOWER_MID) (UNSDCode:98438);2020;82.16220092773438;;
SCHBSP.2.WELEC;ESCAP: WB Lower Middle Income Economies (WB_LOWER_MID) (UNSDCode:98438);2021;82.01640319824219;;
SCHBSP.2.WELEC;ESCAP: WB Lower Middle Income Economies (WB_LOWER_MID) (UNSDCode:98438);2022;84.40838623046875;;
SCHBSP.2.WELEC;ESCAP: WB Lower Middle Income Economies (WB_LOWER_MID) (UNSDCode:98438);2023;84.9961166381836;;
SCHBSP.2.WELEC;ESCAP: WB Lower Middle Income Economies (WB_LOWER_MID) (UNSDCode:98438);2024;85.4683609008789;;
SCHBSP.2.WELEC;ESCAP: WB Upper Middle Income Economies (WB_UPPER_MID) (UNSDCode:98437);2012;95.7547378540039;UIS_EST;
SCHBSP.2.WELEC;ESCAP: WB Upper Middle Income Economies (WB_UPPER_MID) (UNSDCode:98437);2013;96.14691925048828;UIS_EST;
SCHBSP.2.WELEC;ESCAP: WB Upper Middle Income Economies (WB_UPPER_MID) (UNSDCode:98437);2014;96.7028579711914;UIS_EST;
SCHBSP.2.WELEC;ESCAP: WB Upper Middle Income Economies (WB_UPPER_MID) (UNSDCode:98437);2015;97.41053009033203;UIS_EST;
SCHBSP.2.WELEC;ESCAP: WB Upper Middle Income Economies (WB_UPPER_MID) (UNSDCode:98437);2016;98.26180267333984;UIS_EST;
SCHBSP.2.WELEC;ESCAP: WB Upper Middle Income Economies (WB_UPPER_MID) (UNSDCode:98437);2017;98.80259704589844;;
SCHBSP.2.WELEC;ESCAP: WB Upper Middle Income Economies (WB_UPPER_MID) (UNSDCode:98437);2018;98.80177307128906;;
SCHBSP.2.WELEC;ESCAP: WB Upper Middle Income Economies (WB_UPPER_MID) (UNSDCode:98437);2019;98.94612884521484;UIS_EST;
SCHBSP.2.WELEC;ESCAP: WB Upper Middle Income Economies (WB_UPPER_MID) (UNSDCode:98437);2020;99.16989135742188;UIS_EST;
SCHBSP.2.WELEC;ESCAP: WB Upper Middle Income Economies (WB_UPPER_MID) (UNSDCode:98437);2021;99.34573364257812;UIS_EST;
SCHBSP.2.WELEC;ESCAP: WB Upper Middle Income Economies (WB_UPPER_MID) (UNSDCode:98437);2022;99.4329833984375;UIS_EST;
SCHBSP.2.WELEC;ESCAP: WB Upper Middle Income Economies (WB_UPPER_MID) (UNSDCode:98437);2023;99.53167724609375;UIS_EST;
SCHBSP.2.WELEC;ESCAP: WB Upper Middle Income Economies (WB_UPPER_MID) (UNSDCode:98437);2024;99.60183715820312;;
SCHBSP.2.WELEC;ESCWA: All countries (UNSDCode:98500);2015;85.58116149902344;UIS_EST;
SCHBSP.2.WELEC;ESCWA: All countries (UNSDCode:98500);2016;85.854248046875;;
SCHBSP.2.WELEC;ESCWA: All countries (UNSDCode:98500);2017;84.91136932373047;UIS_EST;
SCHBSP.2.WELEC;ESCWA: All countries (UNSDCode:98500);2018;84.35687255859375;UIS_EST;
SCHBSP.2.WELEC;ESCWA: All countries (UNSDCode:98500);2019;91.2931137084961;UIS_EST;
SCHBSP.2.WELEC;ESCWA: All countries (UNSDCode:98500);2020;90.57330322265625;UIS_EST;
SCHBSP.2.WELEC;ESCWA: All countries (UNSDCode:98500);2021;88.36219024658203;;
SCHBSP.2.WELEC;ESCWA: All countries (UNSDCode:98500);2022;86.82440948486328;UIS_EST;
SCHBSP.2.WELEC;ESCWA: All countries (UNSDCode:98500);2023;85.49783325195312;UIS_EST;
SCHBSP.2.WELEC;ESCWA: All countries (UNSDCode:98500);2024;89.5806884765625;;
SCHBSP.2.WELEC;ESCWA: Arab LDCs subregion (UNSDCode:98505);2015;60.59405899047852;UIS_EST;
SCHBSP.2.WELEC;ESCWA: Arab LDCs subregion (UNSDCode:98505);2016;60.57960891723633;;
SCHBSP.2.WELEC;ESCWA: Arab LDCs subregion (UNSDCode:98505);2017;60.14286041259766;UIS_EST;
SCHBSP.2.WELEC;ESCWA: Arab Low-Income Countries (LICs) (UNSDCode:98509);2015;62.59867858886719;UIS_EST;
SCHBSP.2.WELEC;ESCWA: Arab Low-Income Countries (LICs) (UNSDCode:98509);2016;62.56967163085938;;
SCHBSP.2.WELEC;ESCWA: Arab Low-Income Countries (LICs) (UNSDCode:98509);2017;62.0854606628418;UIS_EST;
SCHBSP.2.WELEC;ESCWA: Arab Middle-Income Countries (MICs) (UNSDCode:98508);2010;97.73210144042969;UIS_EST;
SCHBSP.2.WELEC;ESCWA: Arab Middle-Income Countries (MICs) (UNSDCode:98508);2011;97.7438735961914;UIS_EST;
SCHBSP.2.WELEC;ESCWA: Arab Middle-Income Countries (MICs) (UNSDCode:98508);2012;97.72685241699219;UIS_EST;
SCHBSP.2.WELEC;ESCWA: Arab Middle-Income Countries (MICs) (UNSDCode:98508);2013;97.7701187133789;UIS_EST;
SCHBSP.2.WELEC;ESCWA: Arab Middle-Income Countries (MICs) (UNSDCode:98508);2014;97.7742919921875;UIS_EST;
SCHBSP.2.WELEC;ESCWA: Arab Middle-Income Countries (MICs) (UNSDCode:98508);2015;97.77770233154297;UIS_EST;
SCHBSP.2.WELEC;ESCWA: Arab Middle-Income Countries (MICs) (UNSDCode:98508);2016;97.78045654296875;UIS_EST;
SCHBSP.2.WELEC;ESCWA: Arab Middle-Income Countries (MICs) (UNSDCode:98508);2017;96.68119812011719;UIS_EST;
SCHBSP.2.WELEC;ESCWA: Arab Middle-Income Countries (MICs) (UNSDCode:98508);2018;95.55551147460938;UIS_EST;
SCHBSP.2.WELEC;ESCWA: Arab Middle-Income Countries (MICs) (UNSDCode:98508);2019;94.540771484375;UIS_EST;
SCHBSP.2.WELEC;ESCWA: Arab Middle-Income Countries (MICs) (UNSDCode:98508);2020;93.50724792480469;UIS_EST;
SCHBSP.2.WELEC;ESCWA: Arab Middle-Income Countries (MICs) (UNSDCode:98508);2021;90.31629943847656;;
SCHBSP.2.WELEC;ESCWA: Arab Middle-Income Countries (MICs) (UNSDCode:98508);2022;88.3897705078125;UIS_EST;
SCHBSP.2.WELEC;ESCWA: Arab Middle-Income Countries (MICs) (UNSDCode:98508);2023;86.32768249511719;;
SCHBSP.2.WELEC;ESCWA: Arab Middle-Income Countries (MICs) (UNSDCode:98508);2024;91.74579620361328;;
SCHBSP.2.WELEC;ESCWA: Arab countries (UNSDCode:98501);2015;85.5987319946289;UIS_EST;
SCHBSP.2.WELEC;ESCWA: Arab countries (UNSDCode:98501);2016;85.787109375;;
SCHBSP.2.WELEC;ESCWA: Arab countries (UNSDCode:98501);2017;84.90384674072266;UIS_EST;
SCHBSP.2.WELEC;ESCWA: Arab countries (UNSDCode:98501);2018;84.36041259765625;UIS_EST;
SCHBSP.2.WELEC;ESCWA: Arab countries (UNSDCode:98501);2019;90.22399139404297;UIS_EST;
SCHBSP.2.WELEC;ESCWA: Arab countries (UNSDCode:98501);2020;89.65254211425781;UIS_EST;
SCHBSP.2.WELEC;ESCWA: Arab countries (UNSDCode:98501);2021;87.77587890625;UIS_EST;
SCHBSP.2.WELEC;ESCWA: Arab countries (UNSDCode:98501);2022;86.49752807617188;UIS_EST;
SCHBSP.2.WELEC;ESCWA: Arab countries (UNSDCode:98501);2023;85.39749908447266;UIS_EST;
SCHBSP.2.WELEC;ESCWA: Arab countries (UNSDCode:98501);2024;88.90493774414062;;
SCHBSP.2.WELEC;ESCWA: Arab countries in-conflict (UNSDCode:98506);2015;70.69715118408203;UIS_EST;
SCHBSP.2.WELEC;ESCWA: Arab countries in-conflict (UNSDCode:98506);2016;70.90589141845703;UIS_EST;
SCHBSP.2.WELEC;ESCWA: Arab countries in-conflict (UNSDCode:98506);2017;70.0210189819336;UIS_EST;
SCHBSP.2.WELEC;ESCWA: Arab non-conflict and non-LDC middle income countries (UNSDCode:98507);2009;99.43486785888672;UIS_EST;
SCHBSP.2.WELEC;ESCWA: Arab non-conflict and non-LDC middle income countries (UNSDCode:98507);2010;99.43498229980469;UIS_EST;
SCHBSP.2.WELEC;ESCWA: Arab non-conflict and non-LDC middle income countries (UNSDCode:98507);2011;99.43202209472656;UIS_EST;
SCHBSP.2.WELEC;ESCWA: Arab non-conflict and non-LDC middle income countries (UNSDCode:98507);2012;99.46000671386719;UIS_EST;
SCHBSP.2.WELEC;ESCWA: Arab non-conflict and non-LDC middle income countries (UNSDCode:98507);2013;99.48689270019531;UIS_EST;
SCHBSP.2.WELEC;ESCWA: Arab non-conflict and non-LDC middle income countries (UNSDCode:98507);2014;99.51239013671875;UIS_EST;
SCHBSP.2.WELEC;ESCWA: Arab non-conflict and non-LDC middle income countries (UNSDCode:98507);2015;99.53663635253906;UIS_EST;
SCHBSP.2.WELEC;ESCWA: Arab non-conflict and non-LDC middle income countries (UNSDCode:98507);2016;99.55976867675781;;
SCHBSP.2.WELEC;ESCWA: Arab non-conflict and non-LDC middle income countries (UNSDCode:98507);2017;98.21748352050781;UIS_EST;
SCHBSP.2.WELEC;ESCWA: Arab non-conflict and non-LDC middle income countries (UNSDCode:98507);2018;96.8805923461914;UIS_EST;
SCHBSP.2.WELEC;ESCWA: Arab non-conflict and non-LDC middle income countries (UNSDCode:98507);2019;95.45292663574219;UIS_EST;
SCHBSP.2.WELEC;ESCWA: Arab non-conflict and non-LDC middle income countries (UNSDCode:98507);2020;94.14985656738281;UIS_EST;
SCHBSP.2.WELEC;ESCWA: Arab non-conflict and non-LDC middle income countries (UNSDCode:98507);2021;92.68743896484375;;
SCHBSP.2.WELEC;ESCWA: Arab non-conflict and non-LDC middle income countries (UNSDCode:98507);2022;93.02163696289062;UIS_EST;
SCHBSP.2.WELEC;ESCWA: Arab non-conflict and non-LDC middle income countries (UNSDCode:98507);2023;91.54180908203125;;
SCHBSP.2.WELEC;ESCWA: Arab non-conflict and non-LDC middle income countries (UNSDCode:98507);2024;91.92269134521484;;
SCHBSP.2.WELEC;ESCWA: Gulf Cooperation Council (GCC) (UNSDCode:98502);2015;100;UIS_EST;
SCHBSP.2.WELEC;ESCWA: Gulf Cooperation Council (GCC) (UNSDCode:98502);2016;100;;
SCHBSP.2.WELEC;ESCWA: Gulf Cooperation Council (GCC) (UNSDCode:98502);2018;100;;
SCHBSP.2.WELEC;ESCWA: Gulf Cooperation Council (GCC) (UNSDCode:98502);2019;100;;
SCHBSP.2.WELEC;ESCWA: Gulf Cooperation Council (GCC) (UNSDCode:98502);2020;100;;
SCHBSP.2.WELEC;ESCWA: Gulf Cooperation Council (GCC) (UNSDCode:98502);2021;100;;
SCHBSP.2.WELEC;ESCWA: Gulf Cooperation Council (GCC) (UNSDCode:98502);2022;100;;
SCHBSP.2.WELEC;ESCWA: Gulf Cooperation Council (GCC) (UNSDCode:98502);2023;100;UIS_EST;
SCHBSP.2.WELEC;ESCWA: Gulf Cooperation Council (GCC) (UNSDCode:98502);2024;100;;
SCHBSP.2.WELEC;ESCWA: Maghreb subregion (UNSDCode:98504);2017;97.29107666015625;UIS_EST;
SCHBSP.2.WELEC;ESCWA: Maghreb subregion (UNSDCode:98504);2018;97.34459686279297;UIS_EST;
SCHBSP.2.WELEC;ESCWA: Maghreb subregion (UNSDCode:98504);2019;97.49752807617188;UIS_EST;
SCHBSP.2.WELEC;ESCWA: Maghreb subregion (UNSDCode:98504);2020;97.73091888427734;;
SCHBSP.2.WELEC;ESCWA: Maghreb subregion (UNSDCode:98504);2021;97.6959228515625;UIS_EST;
SCHBSP.2.WELEC;ESCWA: Maghreb subregion (UNSDCode:98504);2022;97.8851089477539;UIS_EST;
SCHBSP.2.WELEC;ESCWA: Maghreb subregion (UNSDCode:98504);2023;97.89199829101562;;
SCHBSP.2.WELEC;ESCWA: Maghreb subregion (UNSDCode:98504);2024;97.99260711669922;;
SCHBSP.2.WELEC;ESCWA: Mashreq subregion (UNSDCode:98503);2009;96.70606231689453;UIS_EST;
SCHBSP.2.WELEC;ESCWA: Mashreq subregion (UNSDCode:98503);2010;96.72917938232422;UIS_EST;
SCHBSP.2.WELEC;ESCWA: Mashreq subregion (UNSDCode:98503);2011;96.72975158691406;UIS_EST;
SCHBSP.2.WELEC;ESCWA: Mashreq subregion (UNSDCode:98503);2012;96.89089965820312;UIS_EST;
SCHBSP.2.WELEC;ESCWA: Mashreq subregion (UNSDCode:98503);2013;97.07843017578125;UIS_EST;
SCHBSP.2.WELEC;ESCWA: Mashreq subregion (UNSDCode:98503);2014;97.2268295288086;UIS_EST;
SCHBSP.2.WELEC;ESCWA: Mashreq subregion (UNSDCode:98503);2015;97.36196899414062;UIS_EST;
SCHBSP.2.WELEC;ESCWA: Mashreq subregion (UNSDCode:98503);2016;97.48558807373047;;
SCHBSP.2.WELEC;ESCWA: Mashreq subregion (UNSDCode:98503);2017;95.90570831298828;UIS_EST;
SCHBSP.2.WELEC;ESCWA: Mashreq subregion (UNSDCode:98503);2018;94.34706115722656;UIS_EST;
SCHBSP.2.WELEC;ESCWA: Mashreq subregion (UNSDCode:98503);2019;92.74575805664062;UIS_EST;
SCHBSP.2.WELEC;ESCWA: Mashreq subregion (UNSDCode:98503);2020;91.13043212890625;UIS_EST;
SCHBSP.2.WELEC;ESCWA: Mashreq subregion (UNSDCode:98503);2021;89.54373931884766;;
SCHBSP.2.WELEC;ESCWA: Mashreq subregion (UNSDCode:98503);2022;89.3721694946289;UIS_EST;
SCHBSP.2.WELEC;ESCWA: Mashreq subregion (UNSDCode:98503);2023;88.0905990600586;;
SCHBSP.2.WELEC;ESCWA: Mashreq subregion (UNSDCode:98503);2024;88.69970703125;;
SCHBSP.2.WELEC;ESP;2000;100;;
SCHBSP.2.WELEC;ESP;2001;100;;
SCHBSP.2.WELEC;ESP;2002;100;;
SCHBSP.2.WELEC;ESP;2003;100;;
SCHBSP.2.WELEC;ESP;2004;100;;
SCHBSP.2.WELEC;ESP;2005;100;;
SCHBSP.2.WELEC;ESP;2006;100;;
SCHBSP.2.WELEC;ESP;2007;100;;
SCHBSP.2.WELEC;ESP;2008;100;;
SCHBSP.2.WELEC;ESP;2009;100;;
SCHBSP.2.WELEC;ESP;2010;100;;
SCHBSP.2.WELEC;ESP;2011;100;;
SCHBSP.2.WELEC;ESP;2012;100;;
SCHBSP.2.WELEC;ESP;2013;100;;
SCHBSP.2.WELEC;ESP;2014;100;;
SCHBSP.2.WELEC;ESP;2015;100;;
SCHBSP.2.WELEC;ESP;2016;100;;
SCHBSP.2.WELEC;ESP;2017;100;;
SCHBSP.2.WELEC;ESP;2018;100;;
SCHBSP.2.WELEC;ESP;2019;100;;
SCHBSP.2.WELEC;ESP;2020;100;;
SCHBSP.2.WELEC;ESP;2021;100;;
SCHBSP.2.WELEC;EST;2000;100;;
SCHBSP.2.WELEC;EST;2001;100;;
SCHBSP.2.WELEC;EST;2002;100;;
SCHBSP.2.WELEC;EST;2003;100;;
SCHBSP.2.WELEC;EST;2004;100;;
SCHBSP.2.WELEC;EST;2005;100;;
SCHBSP.2.WELEC;EST;2006;100;;
SCHBSP.2.WELEC;EST;2007;100;;
SCHBSP.2.WELEC;EST;2008;100;;
SCHBSP.2.WELEC;EST;2009;100;;
SCHBSP.2.WELEC;EST;2010;100;;
SCHBSP.2.WELEC;EST;2011;100;;
SCHBSP.2.WELEC;EST;2012;100;;
SCHBSP.2.WELEC;EST;2013;100;;
SCHBSP.2.WELEC;EST;2014;100;;
SCHBSP.2.WELEC;EST;2015;100;;
SCHBSP.2.WELEC;EST;2016;100;;
SCHBSP.2.WELEC;EST;2017;100;;
SCHBSP.2.WELEC;EST;2018;100;;
SCHBSP.2.WELEC;EST;2019;100;;
SCHBSP.2.WELEC;EST;2020;100;;
SCHBSP.2.WELEC;EST;2021;100;;
SCHBSP.2.WELEC;ETH;2020;70.44468546637745;;
SCHBSP.2.WELEC;ETH;2021;75.15081873024992;;
SCHBSP.2.WELEC;ETH;2022;69.00615692138672;;
SCHBSP.2.WELEC;FIN;2000;100;;
SCHBSP.2.WELEC;FIN;2001;100;;
SCHBSP.2.WELEC;FIN;2002;100;;
SCHBSP.2.WELEC;FIN;2003;100;;
SCHBSP.2.WELEC;FIN;2004;100;;
SCHBSP.2.WELEC;FIN;2005;100;;
SCHBSP.2.WELEC;FIN;2006;100;;
SCHBSP.2.WELEC;FIN;2007;100;;
SCHBSP.2.WELEC;FIN;2008;100;;
SCHBSP.2.WELEC;FIN;2009;100;;
SCHBSP.2.WELEC;FIN;2010;100;;
SCHBSP.2.WELEC;FIN;2011;100;;
SCHBSP.2.WELEC;FIN;2012;100;;
SCHBSP.2.WELEC;FIN;2013;100;;
SCHBSP.2.WELEC;FIN;2014;100;;
SCHBSP.2.WELEC;FIN;2015;100;;
SCHBSP.2.WELEC;FIN;2016;100;;
SCHBSP.2.WELEC;FIN;2017;100;;
SCHBSP.2.WELEC;FIN;2018;100;;
SCHBSP.2.WELEC;FIN;2019;100;;
SCHBSP.2.WELEC;FIN;2020;100;;
SCHBSP.2.WELEC;FIN;2021;100;;
SCHBSP.2.WELEC;FRA;2000;100;;
SCHBSP.2.WELEC;FRA;2001;100;;
SCHBSP.2.WELEC;FRA;2002;100;;
SCHBSP.2.WELEC;FRA;2003;100;;
SCHBSP.2.WELEC;FRA;2004;100;;
SCHBSP.2.WELEC;FRA;2005;100;;
SCHBSP.2.WELEC;FRA;2006;100;;
SCHBSP.2.WELEC;FRA;2007;100;;
SCHBSP.2.WELEC;FRA;2008;100;;
SCHBSP.2.WELEC;FRA;2009;100;;
SCHBSP.2.WELEC;FRA;2010;100;;
SCHBSP.2.WELEC;FRA;2011;100;;
SCHBSP.2.WELEC;FRA;2012;100;;
SCHBSP.2.WELEC;FRA;2013;100;;
SCHBSP.2.WELEC;FRA;2014;100;;
SCHBSP.2.WELEC;FRA;2015;100;;
SCHBSP.2.WELEC;FRA;2016;100;;
SCHBSP.2.WELEC;FRA;2017;100;;
SCHBSP.2.WELEC;FRA;2018;100;;
SCHBSP.2.WELEC;FRA;2019;100;;
SCHBSP.2.WELEC;FRA;2020;100;;
SCHBSP.2.WELEC;FRA;2021;100;;
SCHBSP.2.WELEC;FRA;2022;100;;
SCHBSP.2.WELEC;FSM;2018;33.57142857142857;;
SCHBSP.2.WELEC;FSM;2019;39.85507246376812;;
SCHBSP.2.WELEC;FSM;2020;77.94117647058823;;
SCHBSP.2.WELEC;FSM;2021;77.94117647058823;;
SCHBSP.2.WELEC;FSM;2022;77.94117647058823;;
SCHBSP.2.WELEC;FSM;2023;82.96296296296296;;
SCHBSP.2.WELEC;FSM;2024;82.96296296296296;;
SCHBSP.2.WELEC;GEO;2016;100;;
SCHBSP.2.WELEC;GEO;2017;100;;
SCHBSP.2.WELEC;GEO;2018;100;;
SCHBSP.2.WELEC;GEO;2019;100;;
SCHBSP.2.WELEC;GEO;2020;100;;
SCHBSP.2.WELEC;GEO;2021;100;;
SCHBSP.2.WELEC;GEO;2022;100;;
SCHBSP.2.WELEC;GEO;2023;100;;
SCHBSP.2.WELEC;GEO;2024;100;;
SCHBSP.2.WELEC;GHA;2017;5.625158187800556;;
SCHBSP.2.WELEC;GHA;2018;49.0326409495549;;
SCHBSP.2.WELEC;GHA;2020;67.39569130079084;;
SCHBSP.2.WELEC;GHA;2021;65.03341929372138;;
SCHBSP.2.WELEC;GIB;2016;100;;
SCHBSP.2.WELEC;GIB;2017;100;;
SCHBSP.2.WELEC;GIB;2019;100;;
SCHBSP.2.WELEC;GIB;2020;100;;
SCHBSP.2.WELEC;GIB;2021;100;;
SCHBSP.2.WELEC;GIB;2022;100;;
SCHBSP.2.WELEC;GIB;2023;100;;
SCHBSP.2.WELEC;GIB;2024;100;;
SCHBSP.2.WELEC;GIN;2013;40.77518844604492;;
SCHBSP.2.WELEC;GIN;2016;54.19313812255859;;
SCHBSP.2.WELEC;GMB;2014;44;;
SCHBSP.2.WELEC;GMB;2015;47.36842105263158;;
SCHBSP.2.WELEC;GMB;2016;48.2051282051282;;
SCHBSP.2.WELEC;GMB;2017;51.12781954887217;;
SCHBSP.2.WELEC;GMB;2019;54.85148514851485;;
SCHBSP.2.WELEC;GMB;2020;54.85148514851485;;
SCHBSP.2.WELEC;GMB;2021;57.82442748091603;;
SCHBSP.2.WELEC;GMB;2022;63.63636363636363;;
SCHBSP.2.WELEC;GMB;2023;66.14583333333334;;
SCHBSP.2.WELEC;GMB;2024;70.16393442622952;;
SCHBSP.2.WELEC;GMB;2025;73.49768875192603;;
SCHBSP.2.WELEC;GPE: East Asia & Pacific WB FY24, December 2024;2011;85.54975128173828;UIS_EST;
SCHBSP.2.WELEC;GPE: East Asia & Pacific WB FY24, December 2024;2012;85.82121276855469;UIS_EST;
SCHBSP.2.WELEC;GPE: East Asia & Pacific WB FY24, December 2024;2013;87.4242935180664;UIS_EST;
SCHBSP.2.WELEC;GPE: East Asia & Pacific WB FY24, December 2024;2014;89.29315185546875;UIS_EST;
SCHBSP.2.WELEC;GPE: East Asia & Pacific WB FY24, December 2024;2015;91.3766098022461;UIS_EST;
SCHBSP.2.WELEC;GPE: East Asia & Pacific WB FY24, December 2024;2016;93.52760314941406;;
SCHBSP.2.WELEC;GPE: East Asia & Pacific WB FY24, December 2024;2017;93.5417709350586;;
SCHBSP.2.WELEC;GPE: East Asia & Pacific WB FY24, December 2024;2018;94.38011932373047;;
SCHBSP.2.WELEC;GPE: East Asia & Pacific WB FY24, December 2024;2019;94.78192901611328;UIS_EST;
SCHBSP.2.WELEC;GPE: East Asia & Pacific WB FY24, December 2024;2020;95.08455657958984;UIS_EST;
SCHBSP.2.WELEC;GPE: East Asia & Pacific WB FY24, December 2024;2021;94.75334930419922;UIS_EST;
SCHBSP.2.WELEC;GPE: East Asia & Pacific WB FY24, December 2024;2022;95.11933135986328;UIS_EST;
SCHBSP.2.WELEC;GPE: East Asia & Pacific WB FY24, December 2024;2023;95.41654205322266;;
SCHBSP.2.WELEC;GPE: East Asia & Pacific WB FY24, December 2024;2024;95.64315032958984;;
SCHBSP.2.WELEC;GPE: Europe & Central Asia WB FY24, December 2024;2015;99.63934326171875;UIS_EST;
SCHBSP.2.WELEC;GPE: Europe & Central Asia WB FY24, December 2024;2016;99.60999298095703;UIS_EST;
SCHBSP.2.WELEC;GPE: Europe & Central Asia WB FY24, December 2024;2017;99.63218688964844;;
SCHBSP.2.WELEC;GPE: Europe & Central Asia WB FY24, December 2024;2018;99.65377807617188;;
SCHBSP.2.WELEC;GPE: Europe & Central Asia WB FY24, December 2024;2019;99.67041015625;;
SCHBSP.2.WELEC;GPE: Europe & Central Asia WB FY24, December 2024;2020;99.93489837646484;;
SCHBSP.2.WELEC;GPE: Europe & Central Asia WB FY24, December 2024;2021;99.95648956298828;;
SCHBSP.2.WELEC;GPE: Europe & Central Asia WB FY24, December 2024;2022;99.86904907226562;UIS_EST;
SCHBSP.2.WELEC;GPE: Europe & Central Asia WB FY24, December 2024;2023;99.7801284790039;UIS_EST;
SCHBSP.2.WELEC;GPE: Europe & Central Asia WB FY24, December 2024;2024;99.68839263916016;;
SCHBSP.2.WELEC;GPE: Fragile or Conflict-affected countries (FCAC) FY24, December 2024;2015;50.7507209777832;UIS_EST;
SCHBSP.2.WELEC;GPE: Fragile or Conflict-affected countries (FCAC) FY24, December 2024;2016;49.90428161621094;UIS_EST;
SCHBSP.2.WELEC;GPE: Fragile or Conflict-affected countries (FCAC) FY24, December 2024;2017;49.364990234375;UIS_EST;
SCHBSP.2.WELEC;GPE: Fragile or Conflict-affected countries (FCAC) FY24, December 2024;2018;49.68299865722656;UIS_EST;
SCHBSP.2.WELEC;GPE: Fragile or Conflict-affected countries (FCAC) FY24, December 2024;2019;48.51885986328125;UIS_EST;
SCHBSP.2.WELEC;GPE: Fragile or Conflict-affected countries (FCAC) FY24, December 2024;2020;47.93817138671875;UIS_EST;
SCHBSP.2.WELEC;GPE: Fragile or Conflict-affected countries (FCAC) FY24, December 2024;2021;46.65591049194336;UIS_EST;
SCHBSP.2.WELEC;GPE: Fragile or Conflict-affected countries (FCAC) FY24, December 2024;2022;46.51950073242188;UIS_EST;
SCHBSP.2.WELEC;GPE: Fragile or Conflict-affected countries (FCAC) FY24, December 2024;2023;47.74702072143555;UIS_EST;
SCHBSP.2.WELEC;GPE: Fragile or Conflict-affected countries (FCAC) FY24, December 2024;2024;47.88330078125;UIS_EST;
SCHBSP.2.WELEC;GPE: High income WB FY24, December 2024;2022;47.05881881713867;UIS_EST;
SCHBSP.2.WELEC;GPE: High income WB FY24, December 2024;2023;47.05881881713867;;
SCHBSP.2.WELEC;GPE: High income WB FY24, December 2024;2024;47.05881881713867;UIS_EST;
SCHBSP.2.WELEC;GPE: Latin America & Caribbean WB FY24, December 2024;2009;89.44004821777344;UIS_EST;
SCHBSP.2.WELEC;GPE: Latin America & Caribbean WB FY24, December 2024;2018;83.14054870605469;UIS_EST;
SCHBSP.2.WELEC;GPE: Latin America & Caribbean WB FY24, December 2024;2019;81.62896728515625;UIS_EST;
SCHBSP.2.WELEC;GPE: Low income WB FY24, December 2024;2015;39.99863815307617;UIS_EST;
SCHBSP.2.WELEC;GPE: Low income WB FY24, December 2024;2016;39.20962905883789;UIS_EST;
SCHBSP.2.WELEC;GPE: Low income WB FY24, December 2024;2017;38.63846969604492;UIS_EST;
SCHBSP.2.WELEC;GPE: Low income WB FY24, December 2024;2018;37.95127868652344;UIS_EST;
SCHBSP.2.WELEC;GPE: Low income WB FY24, December 2024;2019;34.15536880493164;UIS_EST;
SCHBSP.2.WELEC;GPE: Low income WB FY24, December 2024;2020;33.8803596496582;UIS_EST;
SCHBSP.2.WELEC;GPE: Low income WB FY24, December 2024;2021;32.30474090576172;UIS_EST;
SCHBSP.2.WELEC;GPE: Low income WB FY24, December 2024;2022;33.95832824707031;UIS_EST;
SCHBSP.2.WELEC;GPE: Low income WB FY24, December 2024;2023;35.75175094604492;UIS_EST;
SCHBSP.2.WELEC;GPE: Low income WB FY24, December 2024;2024;35.98170852661133;UIS_EST;
SCHBSP.2.WELEC;GPE: Lower middle Income WB FY24, December 2024;2015;68.09333038330078;UIS_EST;
SCHBSP.2.WELEC;GPE: Lower middle Income WB FY24, December 2024;2016;68.72958374023438;UIS_EST;
SCHBSP.2.WELEC;GPE: Lower middle Income WB FY24, December 2024;2017;68.16026306152344;UIS_EST;
SCHBSP.2.WELEC;GPE: Lower middle Income WB FY24, December 2024;2018;69.18830108642578;UIS_EST;
SCHBSP.2.WELEC;GPE: Lower middle Income WB FY24, December 2024;2019;70.0586166381836;UIS_EST;
SCHBSP.2.WELEC;GPE: Lower middle Income WB FY24, December 2024;2020;71.27188110351562;UIS_EST;
SCHBSP.2.WELEC;GPE: Lower middle Income WB FY24, December 2024;2021;70.8122787475586;UIS_EST;
SCHBSP.2.WELEC;GPE: Lower middle Income WB FY24, December 2024;2022;70.66094970703125;UIS_EST;
SCHBSP.2.WELEC;GPE: Lower middle Income WB FY24, December 2024;2023;70.92125701904297;UIS_EST;
SCHBSP.2.WELEC;GPE: Lower middle Income WB FY24, December 2024;2024;71.79254913330078;UIS_EST;
SCHBSP.2.WELEC;GPE: Middle East & North Africa WB FY24, December 2024;2009;98.7445297241211;UIS_EST;
SCHBSP.2.WELEC;GPE: Middle East & North Africa WB FY24, December 2024;2010;98.74497985839844;UIS_EST;
SCHBSP.2.WELEC;GPE: Middle East & North Africa WB FY24, December 2024;2011;98.67607116699219;UIS_EST;
SCHBSP.2.WELEC;GPE: Middle East & North Africa WB FY24, December 2024;2012;98.73454284667969;UIS_EST;
SCHBSP.2.WELEC;GPE: Middle East & North Africa WB FY24, December 2024;2013;98.80110931396484;UIS_EST;
SCHBSP.2.WELEC;GPE: Middle East & North Africa WB FY24, December 2024;2014;98.82530975341797;UIS_EST;
SCHBSP.2.WELEC;GPE: Middle East & North Africa WB FY24, December 2024;2015;98.84786987304688;UIS_EST;
SCHBSP.2.WELEC;GPE: Middle East & North Africa WB FY24, December 2024;2016;98.86901092529297;;
SCHBSP.2.WELEC;GPE: Middle East & North Africa WB FY24, December 2024;2017;97.05841064453125;UIS_EST;
SCHBSP.2.WELEC;GPE: Middle East & North Africa WB FY24, December 2024;2018;95.25267791748047;UIS_EST;
SCHBSP.2.WELEC;GPE: Middle East & North Africa WB FY24, December 2024;2019;93.46553802490234;UIS_EST;
SCHBSP.2.WELEC;GPE: Middle East & North Africa WB FY24, December 2024;2020;91.63294982910156;UIS_EST;
SCHBSP.2.WELEC;GPE: Middle East & North Africa WB FY24, December 2024;2021;89.8739013671875;;
SCHBSP.2.WELEC;GPE: Middle East & North Africa WB FY24, December 2024;2022;89.72289276123047;UIS_EST;
SCHBSP.2.WELEC;GPE: Middle East & North Africa WB FY24, December 2024;2023;88.0537109375;;
SCHBSP.2.WELEC;GPE: Middle East & North Africa WB FY24, December 2024;2024;88.61372375488281;;
SCHBSP.2.WELEC;GPE: Non Fragile & non Conflict-affected countries (NON-FCAC) FY24, December 2024;2011;73.53584289550781;UIS_EST;
SCHBSP.2.WELEC;GPE: Non Fragile & non Conflict-affected countries (NON-FCAC) FY24, December 2024;2012;73.37081146240234;UIS_EST;
SCHBSP.2.WELEC;GPE: Non Fragile & non Conflict-affected countries (NON-FCAC) FY24, December 2024;2013;75.39851379394531;UIS_EST;
SCHBSP.2.WELEC;GPE: Non Fragile & non Conflict-affected countries (NON-FCAC) FY24, December 2024;2014;77.59966278076172;UIS_EST;
SCHBSP.2.WELEC;GPE: Non Fragile & non Conflict-affected countries (NON-FCAC) FY24, December 2024;2015;79.79041290283203;UIS_EST;
SCHBSP.2.WELEC;GPE: Non Fragile & non Conflict-affected countries (NON-FCAC) FY24, December 2024;2016;82.02847290039062;UIS_EST;
SCHBSP.2.WELEC;GPE: Non Fragile & non Conflict-affected countries (NON-FCAC) FY24, December 2024;2017;82.66539001464844;UIS_EST;
SCHBSP.2.WELEC;GPE: Non Fragile & non Conflict-affected countries (NON-FCAC) FY24, December 2024;2018;82.88275909423828;;
SCHBSP.2.WELEC;GPE: Non Fragile & non Conflict-affected countries (NON-FCAC) FY24, December 2024;2019;83.79898071289062;UIS_EST;
SCHBSP.2.WELEC;GPE: Non Fragile & non Conflict-affected countries (NON-FCAC) FY24, December 2024;2020;85.66240692138672;UIS_EST;
SCHBSP.2.WELEC;GPE: Non Fragile & non Conflict-affected countries (NON-FCAC) FY24, December 2024;2021;85.49120330810547;UIS_EST;
SCHBSP.2.WELEC;GPE: Non Fragile & non Conflict-affected countries (NON-FCAC) FY24, December 2024;2022;84.7600326538086;UIS_EST;
SCHBSP.2.WELEC;GPE: Non Fragile & non Conflict-affected countries (NON-FCAC) FY24, December 2024;2023;84.32772827148438;UIS_EST;
SCHBSP.2.WELEC;GPE: Non Fragile & non Conflict-affected countries (NON-FCAC) FY24, December 2024;2024;85.45909118652344;UIS_EST;
SCHBSP.2.WELEC;GPE: Overall FY24, all 90 countries, December 2024;2014;64.74562072753906;UIS_EST;
SCHBSP.2.WELEC;GPE: Overall FY24, all 90 countries, December 2024;2015;65.57064819335938;UIS_EST;
SCHBSP.2.WELEC;GPE: Overall FY24, all 90 countries, December 2024;2016;66.39501190185547;UIS_EST;
SCHBSP.2.WELEC;GPE: Overall FY24, all 90 countries, December 2024;2017;66.19223022460938;UIS_EST;
SCHBSP.2.WELEC;GPE: Overall FY24, all 90 countries, December 2024;2018;66.4572982788086;UIS_EST;
SCHBSP.2.WELEC;GPE: Overall FY24, all 90 countries, December 2024;2019;66.76921081542969;UIS_EST;
SCHBSP.2.WELEC;GPE: Overall FY24, all 90 countries, December 2024;2020;67.26541900634766;UIS_EST;
SCHBSP.2.WELEC;GPE: Overall FY24, all 90 countries, December 2024;2021;66.1374282836914;UIS_EST;
SCHBSP.2.WELEC;GPE: Overall FY24, all 90 countries, December 2024;2022;65.82898712158203;UIS_EST;
SCHBSP.2.WELEC;GPE: Overall FY24, all 90 countries, December 2024;2023;66.37152099609375;UIS_EST;
SCHBSP.2.WELEC;GPE: Overall FY24, all 90 countries, December 2024;2024;66.58467102050781;UIS_EST;
SCHBSP.2.WELEC;GPE: Region 1;2015;66.78556823730469;UIS_EST;
SCHBSP.2.WELEC;GPE: Region 1;2016;67.10392761230469;;
SCHBSP.2.WELEC;GPE: Region 1;2017;66.3007583618164;UIS_EST;
SCHBSP.2.WELEC;GPE: Region 1;2018;65.53191375732422;UIS_EST;
SCHBSP.2.WELEC;GPE: Region 1;2019;67.6017837524414;UIS_EST;
SCHBSP.2.WELEC;GPE: Region 1;2020;69.08544158935547;UIS_EST;
SCHBSP.2.WELEC;GPE: Region 1;2021;71.32296752929688;UIS_EST;
SCHBSP.2.WELEC;GPE: Region 1;2022;69.02584075927734;UIS_EST;
SCHBSP.2.WELEC;GPE: Region 1;2023;69.14585876464844;UIS_EST;
SCHBSP.2.WELEC;GPE: Region 1;2024;68.78624725341797;UIS_EST;
SCHBSP.2.WELEC;GPE: Region 2;2014;42.36429977416992;UIS_EST;
SCHBSP.2.WELEC;GPE: Region 2;2015;42.40536880493164;UIS_EST;
SCHBSP.2.WELEC;GPE: Region 2;2016;42.16939926147461;UIS_EST;
SCHBSP.2.WELEC;GPE: Region 2;2017;41.64479064941406;UIS_EST;
SCHBSP.2.WELEC;GPE: Region 2;2018;41.31306076049805;UIS_EST;
SCHBSP.2.WELEC;GPE: Region 2;2019;41.78786087036133;UIS_EST;
SCHBSP.2.WELEC;GPE: Region 2;2020;42.85726928710938;UIS_EST;
SCHBSP.2.WELEC;GPE: Region 2;2021;41.16260147094727;UIS_EST;
SCHBSP.2.WELEC;GPE: Region 2;2022;42.41551971435547;UIS_EST;
SCHBSP.2.WELEC;GPE: Region 2;2023;43.66255187988281;UIS_EST;
SCHBSP.2.WELEC;GPE: Region 2;2024;43.72135925292969;UIS_EST;
SCHBSP.2.WELEC;GPE: Region 3;2011;70.17646026611328;UIS_EST;
SCHBSP.2.WELEC;GPE: Region 3;2012;69.80390930175781;UIS_EST;
SCHBSP.2.WELEC;GPE: Region 3;2013;71.25244903564453;UIS_EST;
SCHBSP.2.WELEC;GPE: Region 3;2014;72.91285705566406;UIS_EST;
SCHBSP.2.WELEC;GPE: Region 3;2015;74.67455291748047;UIS_EST;
SCHBSP.2.WELEC;GPE: Region 3;2016;76.50240325927734;UIS_EST;
SCHBSP.2.WELEC;GPE: Region 3;2017;76.47930908203125;UIS_EST;
SCHBSP.2.WELEC;GPE: Region 3;2018;77.98809051513672;UIS_EST;
SCHBSP.2.WELEC;GPE: Region 3;2019;78.32331085205078;UIS_EST;
SCHBSP.2.WELEC;GPE: Region 3;2020;78.72969818115234;UIS_EST;
SCHBSP.2.WELEC;GPE: Region 3;2021;78.31916046142578;UIS_EST;
SCHBSP.2.WELEC;GPE: Region 3;2022;78.2390365600586;UIS_EST;
SCHBSP.2.WELEC;GPE: Region 3;2023;78.63507080078125;UIS_EST;
SCHBSP.2.WELEC;GPE: Region 3;2024;78.62451934814453;;
SCHBSP.2.WELEC;GPE: Small island and landlocked developing states, December 2024;2015;93.08656311035156;UIS_EST;
SCHBSP.2.WELEC;GPE: Small island and landlocked developing states, December 2024;2016;92.84036254882812;;
SCHBSP.2.WELEC;GPE: Small island and landlocked developing states, December 2024;2017;93.78457641601562;;
SCHBSP.2.WELEC;GPE: Small island and landlocked developing states, December 2024;2018;94.33779907226562;;
SCHBSP.2.WELEC;GPE: Small island and landlocked developing states, December 2024;2019;94.56117248535156;;
SCHBSP.2.WELEC;GPE: Small island and landlocked developing states, December 2024;2020;95.12346649169922;UIS_EST;
SCHBSP.2.WELEC;GPE: Small island and landlocked developing states, December 2024;2021;96.29812622070312;UIS_EST;
SCHBSP.2.WELEC;GPE: Small island and landlocked developing states, December 2024;2022;96.8211898803711;;
SCHBSP.2.WELEC;GPE: Small island and landlocked developing states, December 2024;2023;97.21890258789062;;
SCHBSP.2.WELEC;GPE: Small island and landlocked developing states, December 2024;2024;97.22322845458984;UIS_EST;
SCHBSP.2.WELEC;GPE: South Asia WB FY24, December 2024;2011;42.51654052734375;UIS_EST;
SCHBSP.2.WELEC;GPE: South Asia WB FY24, December 2024;2012;41.91633987426758;UIS_EST;
SCHBSP.2.WELEC;GPE: South Asia WB FY24, December 2024;2013;44.35943984985352;UIS_EST;
SCHBSP.2.WELEC;GPE: South Asia WB FY24, December 2024;2014;46.88061141967773;UIS_EST;
SCHBSP.2.WELEC;GPE: South Asia WB FY24, December 2024;2015;49.37115097045898;UIS_EST;
SCHBSP.2.WELEC;GPE: South Asia WB FY24, December 2024;2016;51.83216094970703;UIS_EST;
SCHBSP.2.WELEC;GPE: South Asia WB FY24, December 2024;2017;52.40877151489258;UIS_EST;
SCHBSP.2.WELEC;GPE: South Asia WB FY24, December 2024;2018;54.86735153198242;UIS_EST;
SCHBSP.2.WELEC;GPE: South Asia WB FY24, December 2024;2019;56.37625885009766;UIS_EST;
SCHBSP.2.WELEC;GPE: South Asia WB FY24, December 2024;2020;57.68304824829102;UIS_EST;
SCHBSP.2.WELEC;GPE: South Asia WB FY24, December 2024;2021;58.09777069091797;UIS_EST;
SCHBSP.2.WELEC;GPE: South Asia WB FY24, December 2024;2022;58.51744079589844;UIS_EST;
SCHBSP.2.WELEC;GPE: South Asia WB FY24, December 2024;2023;58.76612091064453;UIS_EST;
SCHBSP.2.WELEC;GPE: South Asia WB FY24, December 2024;2024;59.03573989868164;;
SCHBSP.2.WELEC;GPE: Sub-Saharan Africa WB FY24, December 2024;2015;47.53866958618164;UIS_EST;
SCHBSP.2.WELEC;GPE: Sub-Saharan Africa WB FY24, December 2024;2016;47.26554107666016;UIS_EST;
SCHBSP.2.WELEC;GPE: Sub-Saharan Africa WB FY24, December 2024;2017;46.86320877075195;UIS_EST;
SCHBSP.2.WELEC;GPE: Sub-Saharan Africa WB FY24, December 2024;2018;46.47591018676758;UIS_EST;
SCHBSP.2.WELEC;GPE: Sub-Saharan Africa WB FY24, December 2024;2019;45.98447036743164;UIS_EST;
SCHBSP.2.WELEC;GPE: Sub-Saharan Africa WB FY24, December 2024;2020;47.12654876708984;UIS_EST;
SCHBSP.2.WELEC;GPE: Sub-Saharan Africa WB FY24, December 2024;2021;46.32157897949219;UIS_EST;
SCHBSP.2.WELEC;GPE: Sub-Saharan Africa WB FY24, December 2024;2022;47.32279968261719;UIS_EST;
SCHBSP.2.WELEC;GPE: Sub-Saharan Africa WB FY24, December 2024;2023;48.32880020141602;UIS_EST;
SCHBSP.2.WELEC;GPE: Sub-Saharan Africa WB FY24, December 2024;2024;48.58438873291016;UIS_EST;
SCHBSP.2.WELEC;GPE: Upper middle Income WB FY24, December 2024;2011;84.49053192138672;UIS_EST;
SCHBSP.2.WELEC;GPE: Upper middle Income WB FY24, December 2024;2012;84.42607879638672;;
SCHBSP.2.WELEC;GPE: Upper middle Income WB FY24, December 2024;2013;86.57424926757812;UIS_EST;
SCHBSP.2.WELEC;GPE: Upper middle Income WB FY24, December 2024;2014;88.93144226074219;UIS_EST;
SCHBSP.2.WELEC;GPE: Upper middle Income WB FY24, December 2024;2015;91.4510498046875;UIS_EST;
SCHBSP.2.WELEC;GPE: Upper middle Income WB FY24, December 2024;2016;94.09851837158203;;
SCHBSP.2.WELEC;GPE: Upper middle Income WB FY24, December 2024;2017;95.48326873779297;;
SCHBSP.2.WELEC;GPE: Upper middle Income WB FY24, December 2024;2018;95.53832244873047;;
SCHBSP.2.WELEC;GPE: Upper middle Income WB FY24, December 2024;2019;95.81549835205078;UIS_EST;
SCHBSP.2.WELEC;GPE: Upper middle Income WB FY24, December 2024;2020;96.0522689819336;UIS_EST;
SCHBSP.2.WELEC;GPE: Upper middle Income WB FY24, December 2024;2021;96.21705627441406;UIS_EST;
SCHBSP.2.WELEC;GPE: Upper middle Income WB FY24, December 2024;2022;96.35941314697266;UIS_EST;
SCHBSP.2.WELEC;GPE: Upper middle Income WB FY24, December 2024;2023;96.14456176757812;;
SCHBSP.2.WELEC;GPE: Upper middle Income WB FY24, December 2024;2024;97.63446807861328;;
SCHBSP.2.WELEC;GRD;2010;100;;
SCHBSP.2.WELEC;GRD;2016;100;;
SCHBSP.2.WELEC;GRD;2017;100;;
SCHBSP.2.WELEC;GRD;2018;100;;
SCHBSP.2.WELEC;GRD;2020;100;;
SCHBSP.2.WELEC;GRD;2022;100;;
SCHBSP.2.WELEC;GRD;2023;100;;
SCHBSP.2.WELEC;GRD;2024;100;;
SCHBSP.2.WELEC;GUY;2023;47.05881881713867;;
SCHBSP.2.WELEC;GUY;2024;76.92307692307693;;
SCHBSP.2.WELEC;HKG;2012;100;;
SCHBSP.2.WELEC;HKG;2016;100;;
SCHBSP.2.WELEC;HKG;2017;100;;
SCHBSP.2.WELEC;HKG;2018;100;;
SCHBSP.2.WELEC;HKG;2019;100;;
SCHBSP.2.WELEC;HKG;2020;100;;
SCHBSP.2.WELEC;HKG;2021;100;;
SCHBSP.2.WELEC;HKG;2022;100;;
SCHBSP.2.WELEC;HKG;2023;100;;
SCHBSP.2.WELEC;HKG;2024;100;;
SCHBSP.2.WELEC;HND;2019;100;;
SCHBSP.2.WELEC;HUN;2000;100;;
SCHBSP.2.WELEC;HUN;2001;100;;
SCHBSP.2.WELEC;HUN;2002;100;;
SCHBSP.2.WELEC;HUN;2003;100;;
SCHBSP.2.WELEC;HUN;2004;100;;
SCHBSP.2.WELEC;HUN;2005;100;;
SCHBSP.2.WELEC;HUN;2006;100;;
SCHBSP.2.WELEC;HUN;2007;100;;
SCHBSP.2.WELEC;HUN;2008;100;;
SCHBSP.2.WELEC;HUN;2009;100;;
SCHBSP.2.WELEC;HUN;2010;100;;
SCHBSP.2.WELEC;HUN;2011;100;;
SCHBSP.2.WELEC;HUN;2012;100;;
SCHBSP.2.WELEC;HUN;2013;100;;
SCHBSP.2.WELEC;HUN;2014;100;;
SCHBSP.2.WELEC;HUN;2015;100;;
SCHBSP.2.WELEC;HUN;2016;100;;
SCHBSP.2.WELEC;HUN;2019;100;;
SCHBSP.2.WELEC;IDN;2012;80.16848816029145;;
SCHBSP.2.WELEC;IDN;2016;94.71801619808366;;
SCHBSP.2.WELEC;IDN;2017;96.77712291447801;;
SCHBSP.2.WELEC;IDN;2018;96.79122924804688;;
SCHBSP.2.WELEC;IDN;2021;98.16242579500948;;
SCHBSP.2.WELEC;IDN;2022;98.96381817303512;;
SCHBSP.2.WELEC;IDN;2023;98.90352963561982;;
SCHBSP.2.WELEC;IDN;2024;99.32868577330235;;
SCHBSP.2.WELEC;IDN;2025;99.31638588278915;;
SCHBSP.2.WELEC;IND;2012;62.78664083095038;;
SCHBSP.2.WELEC;IND;2016;62.86908476029436;;
SCHBSP.2.WELEC;IND;2017;65.51544921857034;;
SCHBSP.2.WELEC;IND;2018;67.71295797322678;;
SCHBSP.2.WELEC;IND;2019;78.2963961705501;;
SCHBSP.2.WELEC;IND;2020;87.08015228460721;;
SCHBSP.2.WELEC;IND;2021;87.22072210381823;;
SCHBSP.2.WELEC;IND;2022;91.5118000022946;;
SCHBSP.2.WELEC;IND;2023;92.86731600818938;;
SCHBSP.2.WELEC;IND;2024;92.92880004440168;;
SCHBSP.2.WELEC;IRN;2012;99.8939208984375;;
SCHBSP.2.WELEC;ISR;2000;100;;
SCHBSP.2.WELEC;ISR;2001;100;;
SCHBSP.2.WELEC;ISR;2002;100;;
SCHBSP.2.WELEC;ISR;2003;100;;
SCHBSP.2.WELEC;ISR;2004;100;;
SCHBSP.2.WELEC;ISR;2005;100;;
SCHBSP.2.WELEC;ISR;2006;100;;
SCHBSP.2.WELEC;ISR;2007;100;;
SCHBSP.2.WELEC;ISR;2008;100;;
SCHBSP.2.WELEC;ISR;2009;100;;
SCHBSP.2.WELEC;ISR;2010;100;;
SCHBSP.2.WELEC;ISR;2011;100;;
SCHBSP.2.WELEC;ISR;2016;100;;
SCHBSP.2.WELEC;ISR;2017;100;;
SCHBSP.2.WELEC;ISR;2018;100;;
SCHBSP.2.WELEC;ISR;2019;100;;
SCHBSP.2.WELEC;ISR;2020;100;;
SCHBSP.2.WELEC;ITA;2000;100;;
SCHBSP.2.WELEC;ITA;2001;100;;
SCHBSP.2.WELEC;ITA;2002;100;;
SCHBSP.2.WELEC;ITA;2003;100;;
SCHBSP.2.WELEC;ITA;2004;100;;
SCHBSP.2.WELEC;ITA;2005;100;;
SCHBSP.2.WELEC;ITA;2006;100;;
SCHBSP.2.WELEC;ITA;2007;100;;
SCHBSP.2.WELEC;ITA;2008;100;;
SCHBSP.2.WELEC;ITA;2009;100;;
SCHBSP.2.WELEC;ITA;2010;100;;
SCHBSP.2.WELEC;ITA;2011;100;;
SCHBSP.2.WELEC;ITA;2012;100;;
SCHBSP.2.WELEC;ITA;2013;100;;
SCHBSP.2.WELEC;ITA;2014;100;;
SCHBSP.2.WELEC;ITA;2015;100;;
SCHBSP.2.WELEC;ITA;2016;100;;
SCHBSP.2.WELEC;JAM;2010;100;;
SCHBSP.2.WELEC;JAM;2016;92.94117647058823;;
SCHBSP.2.WELEC;JAM;2017;92.94117647058823;;
SCHBSP.2.WELEC;JOR;2011;99.52185792349727;;
SCHBSP.2.WELEC;JOR;2017;100;;
SCHBSP.2.WELEC;JOR;2018;100;;
SCHBSP.2.WELEC;JOR;2019;100;;
SCHBSP.2.WELEC;JOR;2020;100;;
SCHBSP.2.WELEC;JOR;2021;100;;
SCHBSP.2.WELEC;JOR;2022;100;;
SCHBSP.2.WELEC;JOR;2023;100;;
SCHBSP.2.WELEC;JOR;2024;100;;
SCHBSP.2.WELEC;KAZ;2017;100;;
SCHBSP.2.WELEC;KAZ;2018;100;;
SCHBSP.2.WELEC;KAZ;2019;100;;
SCHBSP.2.WELEC;KAZ;2020;100;;
SCHBSP.2.WELEC;KEN;2023;68.02724261790362;;
SCHBSP.2.WELEC;KGZ;2017;100;;
SCHBSP.2.WELEC;KHM;2021;75.36115569823436;;
SCHBSP.2.WELEC;KHM;2022;94.49321628092578;;
SCHBSP.2.WELEC;KHM;2023;95.83333333333334;;
SCHBSP.2.WELEC;KHM;2024;96.61835748792271;;
SCHBSP.2.WELEC;KIR;2020;96.875;;
SCHBSP.2.WELEC;KIR;2021;100;;
SCHBSP.2.WELEC;KIR;2022;100;;
SCHBSP.2.WELEC;KIR;2023;100;;
SCHBSP.2.WELEC;KIR;2024;77.41935483870968;;
SCHBSP.2.WELEC;KNA;2010;100;;
SCHBSP.2.WELEC;KNA;2014;100;;
SCHBSP.2.WELEC;KNA;2015;100;;
SCHBSP.2.WELEC;KNA;2016;100;;
SCHBSP.2.WELEC;KNA;2017;100;;
SCHBSP.2.WELEC;KNA;2018;100;;
SCHBSP.2.WELEC;KNA;2019;100;;
SCHBSP.2.WELEC;KNA;2020;100;;
SCHBSP.2.WELEC;KNA;2021;100;;
SCHBSP.2.WELEC;KNA;2022;100;;
SCHBSP.2.WELEC;KNA;2023;100;;
SCHBSP.2.WELEC;KNA;2024;100;;
SCHBSP.2.WELEC;KOR;2000;100;;
SCHBSP.2.WELEC;KOR;2001;100;;
SCHBSP.2.WELEC;KOR;2002;100;;
SCHBSP.2.WELEC;KOR;2003;100;;
SCHBSP.2.WELEC;KOR;2004;100;;
SCHBSP.2.WELEC;KOR;2005;100;;
SCHBSP.2.WELEC;KOR;2006;100;;
SCHBSP.2.WELEC;KOR;2007;100;;
SCHBSP.2.WELEC;KOR;2008;100;;
SCHBSP.2.WELEC;KOR;2009;100;;
SCHBSP.2.WELEC;KOR;2010;100;;
SCHBSP.2.WELEC;KOR;2011;100;;
SCHBSP.2.WELEC;KOR;2012;100;;
SCHBSP.2.WELEC;KOR;2013;100;;
SCHBSP.2.WELEC;KOR;2014;100;;
SCHBSP.2.WELEC;KOR;2015;100;;
SCHBSP.2.WELEC;KOR;2016;100;;
SCHBSP.2.WELEC;KOR;2017;100;;
SCHBSP.2.WELEC;KOR;2018;100;;
SCHBSP.2.WELEC;KOR;2019;100;;
SCHBSP.2.WELEC;KOR;2020;100;;
SCHBSP.2.WELEC;KOR;2021;100;;
SCHBSP.2.WELEC;KOR;2022;100;;
SCHBSP.2.WELEC;KWT;2016;100;;
SCHBSP.2.WELEC;KWT;2017;100;;
SCHBSP.2.WELEC;KWT;2018;100;;
SCHBSP.2.WELEC;KWT;2019;100;;
SCHBSP.2.WELEC;KWT;2020;100;;
SCHBSP.2.WELEC;KWT;2021;100;;
SCHBSP.2.WELEC;LAO;2012;39.18604651162791;;
SCHBSP.2.WELEC;LAO;2016;72.21217600964437;;
SCHBSP.2.WELEC;LAO;2019;81.38087153367289;;
SCHBSP.2.WELEC;LAO;2020;83.77021751254881;;
SCHBSP.2.WELEC;LAO;2021;86.8580894533407;;
SCHBSP.2.WELEC;LAO;2022;87.58314855875831;;
SCHBSP.2.WELEC;LBN;2016;100;;
SCHBSP.2.WELEC;LBN;2017;100;;
SCHBSP.2.WELEC;LBN;2018;100;;
SCHBSP.2.WELEC;LBN;2019;100;;
SCHBSP.2.WELEC;LBN;2020;100;;
SCHBSP.2.WELEC;LBN;2021;100;;
SCHBSP.2.WELEC;LBN;2022;100;;
SCHBSP.2.WELEC;LBN;2023;100;;
SCHBSP.2.WELEC;LBN;2024;100;;
SCHBSP.2.WELEC;LBR;2016;24.78166007995605;;
SCHBSP.2.WELEC;LBR;2017;19.27576601671309;;
SCHBSP.2.WELEC;LBR;2020;31.56831042845594;;
SCHBSP.2.WELEC;LBR;2021;36.23762376237624;;
SCHBSP.2.WELEC;LBR;2022;37.62414056531703;;
SCHBSP.2.WELEC;LCA;2010;100;;
SCHBSP.2.WELEC;LCA;2016;100;;
SCHBSP.2.WELEC;LCA;2017;100;;
SCHBSP.2.WELEC;LCA;2018;100;;
SCHBSP.2.WELEC;LCA;2019;100;;
SCHBSP.2.WELEC;LCA;2020;100;;
SCHBSP.2.WELEC;LCA;2022;12;;
SCHBSP.2.WELEC;LCA;2023;100;;
SCHBSP.2.WELEC;LKA;2016;95.67542787286064;;
SCHBSP.2.WELEC;LKA;2017;97.68496793367746;;
SCHBSP.2.WELEC;LKA;2018;98.71170463472113;;
SCHBSP.2.WELEC;LKA;2019;98.52178015411228;;
SCHBSP.2.WELEC;LKA;2020;98.63229052035844;;
SCHBSP.2.WELEC;LKA;2021;99.88995440968401;;
SCHBSP.2.WELEC;LKA;2022;99.92111076049227;;
SCHBSP.2.WELEC;LKA;2023;99.95261412099194;;
SCHBSP.2.WELEC;LTU;2017;100;;
SCHBSP.2.WELEC;LTU;2018;100;;
SCHBSP.2.WELEC;LTU;2019;100;;
SCHBSP.2.WELEC;LTU;2020;100;;
SCHBSP.2.WELEC;LTU;2021;100;;
SCHBSP.2.WELEC;LTU;2022;100;;
SCHBSP.2.WELEC;LTU;2023;100;;
SCHBSP.2.WELEC;LUX;2012;100;;
SCHBSP.2.WELEC;LUX;2013;100;;
SCHBSP.2.WELEC;LUX;2014;100;;
SCHBSP.2.WELEC;LUX;2015;100;;
SCHBSP.2.WELEC;LUX;2016;100;;
SCHBSP.2.WELEC;LUX;2017;100;;
SCHBSP.2.WELEC;LUX;2018;100;;
SCHBSP.2.WELEC;LUX;2019;100;;
SCHBSP.2.WELEC;LUX;2021;100;;
SCHBSP.2.WELEC;LVA;2016;100;;
SCHBSP.2.WELEC;MAC;2016;100;;
SCHBSP.2.WELEC;MAC;2017;100;;
SCHBSP.2.WELEC;MAC;2018;100;;
SCHBSP.2.WELEC;MAC;2019;100;;
SCHBSP.2.WELEC;MAC;2020;100;;
SCHBSP.2.WELEC;MAC;2021;100;;
SCHBSP.2.WELEC;MAC;2022;100;;
SCHBSP.2.WELEC;MAC;2023;100;;
SCHBSP.2.WELEC;MAC;2024;100;;
SCHBSP.2.WELEC;MAR;2016;97.00732250875518;;
SCHBSP.2.WELEC;MAR;2017;97.96348314606742;;
SCHBSP.2.WELEC;MAR;2018;98.43400447427292;;
SCHBSP.2.WELEC;MAR;2019;98.23199655023717;;
SCHBSP.2.WELEC;MAR;2020;99.10954648995651;;
SCHBSP.2.WELEC;MAR;2021;98.79178413209827;;
SCHBSP.2.WELEC;MAR;2022;98.98516783762685;;
SCHBSP.2.WELEC;MAR;2023;98.89029803424224;;
SCHBSP.2.WELEC;MAR;2024;98.73749037721325;;
SCHBSP.2.WELEC;MCO;2016;100;;
SCHBSP.2.WELEC;MCO;2017;100;;
SCHBSP.2.WELEC;MCO;2018;100;;
SCHBSP.2.WELEC;MCO;2019;100;;
SCHBSP.2.WELEC;MCO;2020;100;;
SCHBSP.2.WELEC;MCO;2021;100;;
SCHBSP.2.WELEC;MCO;2022;100;;
SCHBSP.2.WELEC;MCO;2023;100;;
SCHBSP.2.WELEC;MCO;2024;100;;
SCHBSP.2.WELEC;MDA;2016;100;;
SCHBSP.2.WELEC;MDA;2017;100;;
SCHBSP.2.WELEC;MDA;2018;100;;
SCHBSP.2.WELEC;MDA;2019;100;;
SCHBSP.2.WELEC;MDG;2016;35.35557184750733;;
SCHBSP.2.WELEC;MDG;2017;37.04347826086957;;
SCHBSP.2.WELEC;MDG;2018;36.28650677108827;;
SCHBSP.2.WELEC;MDG;2019;32.34717227852239;;
SCHBSP.2.WELEC;MDG;2022;40.45703250724171;;
SCHBSP.2.WELEC;MDG;2023;39.43879124267654;;
SCHBSP.2.WELEC;MDG;2024;40.47271666180333;;
SCHBSP.2.WELEC;MDG: Caribbean;2009;87.96296691894531;UIS_EST;
SCHBSP.2.WELEC;MDG: Caribbean;2010;88.0743179321289;UIS_EST;
SCHBSP.2.WELEC;MDG: Caribbean;2021;84.92696380615234;UIS_EST;
SCHBSP.2.WELEC;MDG: Caribbean;2022;84.77722930908203;;
SCHBSP.2.WELEC;MDG: Caribbean;2023;86.46961975097656;;
SCHBSP.2.WELEC;MDG: Caribbean;2024;86.33560943603516;UIS_EST;
SCHBSP.2.WELEC;MDG: Caucasus and Central Asia;2016;99.88477325439453;UIS_EST;
SCHBSP.2.WELEC;MDG: Caucasus and Central Asia;2017;99.90148162841797;;
SCHBSP.2.WELEC;MDG: Caucasus and Central Asia;2018;99.91809844970703;;
SCHBSP.2.WELEC;MDG: Caucasus and Central Asia;2019;99.93463897705078;;
SCHBSP.2.WELEC;MDG: Caucasus and Central Asia;2020;99.95111083984375;;
SCHBSP.2.WELEC;MDG: Caucasus and Central Asia;2021;99.96749114990234;;
SCHBSP.2.WELEC;MDG: Caucasus and Central Asia;2022;99.9837875366211;UIS_EST;
SCHBSP.2.WELEC;MDG: Caucasus and Central Asia;2023;100;UIS_EST;
SCHBSP.2.WELEC;MDG: Caucasus and Central Asia;2024;100;;
SCHBSP.2.WELEC;MDG: Developed regions;2014;99.61712646484375;UIS_EST;
SCHBSP.2.WELEC;MDG: Developed regions;2015;99.63217163085938;UIS_EST;
SCHBSP.2.WELEC;MDG: Developed regions;2016;99.64801025390625;UIS_EST;
SCHBSP.2.WELEC;MDG: Developed regions;2017;99.66178894042969;UIS_EST;
SCHBSP.2.WELEC;MDG: Developed regions;2018;99.689208984375;UIS_EST;
SCHBSP.2.WELEC;MDG: Developed regions;2019;99.70240783691406;UIS_EST;
SCHBSP.2.WELEC;MDG: Developed regions;2020;99.81697845458984;UIS_EST;
SCHBSP.2.WELEC;MDG: Developing regions;2011;71.3901596069336;UIS_EST;
SCHBSP.2.WELEC;MDG: Developing regions;2012;71.25518035888672;UIS_EST;
SCHBSP.2.WELEC;MDG: Developing regions;2013;71.68212890625;UIS_EST;
SCHBSP.2.WELEC;MDG: Developing regions;2014;72.15287780761719;UIS_EST;
SCHBSP.2.WELEC;MDG: Developing regions;2015;72.65786743164062;UIS_EST;
SCHBSP.2.WELEC;MDG: Developing regions;2016;73.19589233398438;UIS_EST;
SCHBSP.2.WELEC;MDG: Developing regions;2017;73.86578369140625;;
SCHBSP.2.WELEC;MDG: Developing regions;2018;74.64848327636719;;
SCHBSP.2.WELEC;MDG: Developing regions;2019;78.69161987304688;UIS_EST;
SCHBSP.2.WELEC;MDG: Developing regions;2020;81.95677185058594;;
SCHBSP.2.WELEC;MDG: Developing regions;2021;81.48741149902344;;
SCHBSP.2.WELEC;MDG: Developing regions;2022;82.77726745605469;UIS_EST;
SCHBSP.2.WELEC;MDG: Developing regions;2023;83.57306671142578;UIS_EST;
SCHBSP.2.WELEC;MDG: Developing regions;2024;83.9375228881836;;
SCHBSP.2.WELEC;MDG: Eastern Asia;2016;98.89717864990234;UIS_EST;
SCHBSP.2.WELEC;MDG: Eastern Asia;2017;98.97048950195312;;
SCHBSP.2.WELEC;MDG: Eastern Asia;2018;99.0525131225586;;
SCHBSP.2.WELEC;MDG: Eastern Asia;2019;99.11544036865234;;
SCHBSP.2.WELEC;MDG: Eastern Asia;2020;99.2158432006836;;
SCHBSP.2.WELEC;MDG: Eastern Asia;2021;99.33058166503906;;
SCHBSP.2.WELEC;MDG: Eastern Asia;2022;99.25935363769531;;
SCHBSP.2.WELEC;MDG: Eastern Asia;2023;99.27915954589844;;
SCHBSP.2.WELEC;MDG: Eastern Asia;2024;99.2317123413086;;
SCHBSP.2.WELEC;MDG: Eastern Asia (excluding China);2004;94.18096160888672;UIS_EST;
SCHBSP.2.WELEC;MDG: Eastern Asia (excluding China);2005;94.22760009765625;UIS_EST;
SCHBSP.2.WELEC;MDG: Eastern Asia (excluding China);2006;94.23821258544922;UIS_EST;
SCHBSP.2.WELEC;MDG: Eastern Asia (excluding China);2007;94.26619720458984;UIS_EST;
SCHBSP.2.WELEC;MDG: Eastern Asia (excluding China);2008;94.3036880493164;UIS_EST;
SCHBSP.2.WELEC;MDG: Eastern Asia (excluding China);2009;94.33106231689453;UIS_EST;
SCHBSP.2.WELEC;MDG: Eastern Asia (excluding China);2010;94.37468719482422;UIS_EST;
SCHBSP.2.WELEC;MDG: Eastern Asia (excluding China);2011;94.42256164550781;UIS_EST;
SCHBSP.2.WELEC;MDG: Eastern Asia (excluding China);2012;94.45552825927734;UIS_EST;
SCHBSP.2.WELEC;MDG: Eastern Asia (excluding China);2013;94.87474822998047;UIS_EST;
SCHBSP.2.WELEC;MDG: Eastern Asia (excluding China);2014;95.29022979736328;UIS_EST;
SCHBSP.2.WELEC;MDG: Eastern Asia (excluding China);2015;95.69700622558594;UIS_EST;
SCHBSP.2.WELEC;MDG: Eastern Asia (excluding China);2016;96.07174682617188;UIS_EST;
SCHBSP.2.WELEC;MDG: Eastern Asia (excluding China);2017;96.54122161865234;UIS_EST;
SCHBSP.2.WELEC;MDG: Eastern Asia (excluding China);2018;97.08019256591797;UIS_EST;
SCHBSP.2.WELEC;MDG: Eastern Asia (excluding China);2019;97.36815643310547;UIS_EST;
SCHBSP.2.WELEC;MDG: Eastern Asia (excluding China);2020;97.66790771484375;UIS_EST;
SCHBSP.2.WELEC;MDG: Eastern Asia (excluding China);2021;97.7229232788086;UIS_EST;
SCHBSP.2.WELEC;MDG: Eastern Asia (excluding China);2022;97.95004272460938;UIS_EST;
SCHBSP.2.WELEC;MDG: Eastern Asia (excluding China);2023;98.15894317626953;UIS_EST;
SCHBSP.2.WELEC;MDG: Latin America;2009;90.4845962524414;UIS_EST;
SCHBSP.2.WELEC;MDG: Latin America;2010;90.19325256347656;UIS_EST;
SCHBSP.2.WELEC;MDG: Latin America;2011;90.00482177734375;UIS_EST;
SCHBSP.2.WELEC;MDG: Latin America;2012;89.8314437866211;UIS_EST;
SCHBSP.2.WELEC;MDG: Latin America;2013;89.614013671875;UIS_EST;
SCHBSP.2.WELEC;MDG: Latin America;2014;89.38719940185547;UIS_EST;
SCHBSP.2.WELEC;MDG: Latin America;2015;89.17630767822266;UIS_EST;
SCHBSP.2.WELEC;MDG: Latin America;2016;88.93556213378906;UIS_EST;
SCHBSP.2.WELEC;MDG: Latin America;2017;88.76937866210938;UIS_EST;
SCHBSP.2.WELEC;MDG: Latin America;2018;88.51331329345703;UIS_EST;
SCHBSP.2.WELEC;MDG: Latin America;2019;88.6513671875;UIS_EST;
SCHBSP.2.WELEC;MDG: Latin America;2020;88.19634246826172;UIS_EST;
SCHBSP.2.WELEC;MDG: Latin America;2021;87.38687896728516;UIS_EST;
SCHBSP.2.WELEC;MDG: Latin America;2022;87.0138931274414;UIS_EST;
SCHBSP.2.WELEC;MDG: Latin America and the Caribbean;2009;90.4050064086914;UIS_EST;
SCHBSP.2.WELEC;MDG: Latin America and the Caribbean;2010;90.13227844238281;UIS_EST;
SCHBSP.2.WELEC;MDG: Latin America and the Caribbean;2011;89.94535827636719;UIS_EST;
SCHBSP.2.WELEC;MDG: Latin America and the Caribbean;2012;89.75714111328125;UIS_EST;
SCHBSP.2.WELEC;MDG: Latin America and the Caribbean;2013;89.54805755615234;UIS_EST;
SCHBSP.2.WELEC;MDG: Latin America and the Caribbean;2014;89.32975006103516;UIS_EST;
SCHBSP.2.WELEC;MDG: Latin America and the Caribbean;2015;89.12687683105469;UIS_EST;
SCHBSP.2.WELEC;MDG: Latin America and the Caribbean;2016;88.89514923095703;UIS_EST;
SCHBSP.2.WELEC;MDG: Latin America and the Caribbean;2017;88.73773956298828;UIS_EST;
SCHBSP.2.WELEC;MDG: Latin America and the Caribbean;2018;88.45366668701172;UIS_EST;
SCHBSP.2.WELEC;MDG: Latin America and the Caribbean;2019;88.56803131103516;UIS_EST;
SCHBSP.2.WELEC;MDG: Latin America and the Caribbean;2020;88.1421127319336;UIS_EST;
SCHBSP.2.WELEC;MDG: Latin America and the Caribbean;2021;87.31965637207031;UIS_EST;
SCHBSP.2.WELEC;MDG: Latin America and the Caribbean;2022;86.949462890625;UIS_EST;
SCHBSP.2.WELEC;MDG: Northern Africa;2009;98.50257873535156;UIS_EST;
SCHBSP.2.WELEC;MDG: Northern Africa;2010;98.50128936767578;UIS_EST;
SCHBSP.2.WELEC;MDG: Northern Africa;2011;98.55303955078125;UIS_EST;
SCHBSP.2.WELEC;MDG: Northern Africa;2012;98.5905990600586;UIS_EST;
SCHBSP.2.WELEC;MDG: Northern Africa;2013;98.62358856201172;UIS_EST;
SCHBSP.2.WELEC;MDG: Northern Africa;2014;98.63078308105469;UIS_EST;
SCHBSP.2.WELEC;MDG: Northern Africa;2015;98.6365966796875;UIS_EST;
SCHBSP.2.WELEC;MDG: Northern Africa;2016;98.64116668701172;;
SCHBSP.2.WELEC;MDG: Northern Africa;2017;97.2151107788086;UIS_EST;
SCHBSP.2.WELEC;MDG: Northern Africa;2018;95.80682373046875;UIS_EST;
SCHBSP.2.WELEC;MDG: Northern Africa;2019;94.3579330444336;UIS_EST;
SCHBSP.2.WELEC;MDG: Northern Africa;2020;92.97544860839844;UIS_EST;
SCHBSP.2.WELEC;MDG: Northern Africa;2021;91.44831848144531;;
SCHBSP.2.WELEC;MDG: Northern Africa;2022;91.66914367675781;UIS_EST;
SCHBSP.2.WELEC;MDG: Northern Africa;2023;90.35848999023438;;
SCHBSP.2.WELEC;MDG: Northern Africa;2024;90.73731994628906;;
SCHBSP.2.WELEC;MDG: South-eastern Asia;2011;87.98548126220703;UIS_EST;
SCHBSP.2.WELEC;MDG: South-eastern Asia;2012;88.226806640625;UIS_EST;
SCHBSP.2.WELEC;MDG: South-eastern Asia;2013;89.45675659179688;UIS_EST;
SCHBSP.2.WELEC;MDG: South-eastern Asia;2014;90.95694732666016;UIS_EST;
SCHBSP.2.WELEC;MDG: South-eastern Asia;2015;92.68128204345703;UIS_EST;
SCHBSP.2.WELEC;MDG: South-eastern Asia;2016;94.4971694946289;;
SCHBSP.2.WELEC;MDG: South-eastern Asia;2017;94.46772766113281;;
SCHBSP.2.WELEC;MDG: South-eastern Asia;2018;95.1875991821289;;
SCHBSP.2.WELEC;MDG: South-eastern Asia;2019;95.55313110351562;UIS_EST;
SCHBSP.2.WELEC;MDG: South-eastern Asia;2020;95.8189468383789;UIS_EST;
SCHBSP.2.WELEC;MDG: South-eastern Asia;2021;95.6003189086914;UIS_EST;
SCHBSP.2.WELEC;MDG: South-eastern Asia;2022;95.91290283203125;UIS_EST;
SCHBSP.2.WELEC;MDG: South-eastern Asia;2023;96.19535827636719;;
SCHBSP.2.WELEC;MDG: South-eastern Asia;2024;96.32926940917969;;
SCHBSP.2.WELEC;MDG: Southern Asia;2011;61.47486114501953;UIS_EST;
SCHBSP.2.WELEC;MDG: Southern Asia;2012;61.34333038330078;;
SCHBSP.2.WELEC;MDG: Southern Asia;2013;61.57851028442383;UIS_EST;
SCHBSP.2.WELEC;MDG: Southern Asia;2014;61.87422943115234;UIS_EST;
SCHBSP.2.WELEC;MDG: Southern Asia;2015;62.20832061767578;UIS_EST;
SCHBSP.2.WELEC;MDG: Southern Asia;2016;62.58821105957031;;
SCHBSP.2.WELEC;MDG: Southern Asia;2017;64.64109802246094;;
SCHBSP.2.WELEC;MDG: Southern Asia;2018;66.84203338623047;;
SCHBSP.2.WELEC;MDG: Southern Asia;2019;75.26875305175781;;
SCHBSP.2.WELEC;MDG: Southern Asia;2020;82.2571792602539;;
SCHBSP.2.WELEC;MDG: Southern Asia;2021;82.39157104492188;;
SCHBSP.2.WELEC;MDG: Southern Asia;2022;85.64875030517578;;
SCHBSP.2.WELEC;MDG: Southern Asia;2023;86.55438995361328;;
SCHBSP.2.WELEC;MDG: Southern Asia;2024;86.63288879394531;;
SCHBSP.2.WELEC;MDG: Southern Asia (excluding India);2011;55.33102035522461;UIS_EST;
SCHBSP.2.WELEC;MDG: Southern Asia (excluding India);2012;54.43603134155273;UIS_EST;
SCHBSP.2.WELEC;MDG: Southern Asia (excluding India);2013;56.14340972900391;UIS_EST;
SCHBSP.2.WELEC;MDG: Southern Asia (excluding India);2014;57.97816848754883;UIS_EST;
SCHBSP.2.WELEC;MDG: Southern Asia (excluding India);2015;59.80551147460938;UIS_EST;
SCHBSP.2.WELEC;MDG: Southern Asia (excluding India);2016;61.6256217956543;UIS_EST;
SCHBSP.2.WELEC;MDG: Southern Asia (excluding India);2017;61.71158981323242;UIS_EST;
SCHBSP.2.WELEC;MDG: Southern Asia (excluding India);2018;63.8114013671875;UIS_EST;
SCHBSP.2.WELEC;MDG: Southern Asia (excluding India);2019;64.87853240966797;UIS_EST;
SCHBSP.2.WELEC;MDG: Southern Asia (excluding India);2020;66.01856994628906;UIS_EST;
SCHBSP.2.WELEC;MDG: Southern Asia (excluding India);2021;66.28632354736328;UIS_EST;
SCHBSP.2.WELEC;MDG: Southern Asia (excluding India);2022;66.56036376953125;UIS_EST;
SCHBSP.2.WELEC;MDG: Southern Asia (excluding India);2023;66.66432189941406;UIS_EST;
SCHBSP.2.WELEC;MDG: Southern Asia (excluding India);2024;66.7860336303711;;
SCHBSP.2.WELEC;MDG: Sub-Saharan Africa;2015;48.30149078369141;UIS_EST;
SCHBSP.2.WELEC;MDG: Sub-Saharan Africa;2016;48.00967025756836;UIS_EST;
SCHBSP.2.WELEC;MDG: Sub-Saharan Africa;2017;47.58193969726563;UIS_EST;
SCHBSP.2.WELEC;MDG: Sub-Saharan Africa;2018;47.15480041503906;UIS_EST;
SCHBSP.2.WELEC;MDG: Sub-Saharan Africa;2019;46.79376983642578;UIS_EST;
SCHBSP.2.WELEC;MDG: Sub-Saharan Africa;2020;47.84304809570313;UIS_EST;
SCHBSP.2.WELEC;MDG: Sub-Saharan Africa;2021;47.06282043457031;UIS_EST;
SCHBSP.2.WELEC;MDG: Sub-Saharan Africa;2022;47.98669052124023;UIS_EST;
SCHBSP.2.WELEC;MDG: Sub-Saharan Africa;2023;48.85528182983398;UIS_EST;
SCHBSP.2.WELEC;MDG: Sub-Saharan Africa;2024;49.12139892578125;UIS_EST;
SCHBSP.2.WELEC;MDG: Western Asia;2012;97.73851013183594;UIS_EST;
SCHBSP.2.WELEC;MDG: Western Asia;2013;97.78144073486328;UIS_EST;
SCHBSP.2.WELEC;MDG: Western Asia;2014;97.79486846923828;UIS_EST;
SCHBSP.2.WELEC;MDG: Western Asia;2015;97.80918884277344;UIS_EST;
SCHBSP.2.WELEC;MDG: Western Asia;2016;97.84156036376953;;
SCHBSP.2.WELEC;MDG: Western Asia;2017;97.82218933105469;;
SCHBSP.2.WELEC;MDG: Western Asia;2018;97.8390121459961;;
SCHBSP.2.WELEC;MDG: Western Asia;2019;97.82491302490234;;
SCHBSP.2.WELEC;MDG: Western Asia;2020;97.8292236328125;;
SCHBSP.2.WELEC;MDG: Western Asia;2021;97.8768310546875;;
SCHBSP.2.WELEC;MDG: Western Asia;2022;97.87574005126953;;
SCHBSP.2.WELEC;MDG: Western Asia;2023;98.0093765258789;UIS_EST;
SCHBSP.2.WELEC;MDG: Western Asia;2024;98.22682189941406;UIS_EST;
SCHBSP.2.WELEC;MDG: World;2011;76.67318725585938;UIS_EST;
SCHBSP.2.WELEC;MDG: World;2012;76.5031967163086;UIS_EST;
SCHBSP.2.WELEC;MDG: World;2013;76.89386749267578;UIS_EST;
SCHBSP.2.WELEC;MDG: World;2014;77.3153305053711;UIS_EST;
SCHBSP.2.WELEC;MDG: World;2015;77.77422332763672;UIS_EST;
SCHBSP.2.WELEC;MDG: World;2016;78.27117156982422;UIS_EST;
SCHBSP.2.WELEC;MDG: World;2017;78.68853759765625;UIS_EST;
SCHBSP.2.WELEC;MDG: World;2018;79.22731018066406;UIS_EST;
SCHBSP.2.WELEC;MDG: World;2019;82.53954315185547;UIS_EST;
SCHBSP.2.WELEC;MDG: World;2020;85.22335815429688;UIS_EST;
SCHBSP.2.WELEC;MDG: World;2021;84.7953109741211;UIS_EST;
SCHBSP.2.WELEC;MDG: World;2022;85.84102630615234;UIS_EST;
SCHBSP.2.WELEC;MDG: World;2023;86.456298828125;UIS_EST;
SCHBSP.2.WELEC;MDG: World;2024;86.7574691772461;UIS_EST;
SCHBSP.2.WELEC;MDV;2012;100;;
SCHBSP.2.WELEC;MDV;2016;100;;
SCHBSP.2.WELEC;MDV;2017;100;;
SCHBSP.2.WELEC;MDV;2018;99.51455688476562;;
SCHBSP.2.WELEC;MDV;2019;100;;
SCHBSP.2.WELEC;MDV;2023;100;;
SCHBSP.2.WELEC;MDV;2024;100;;
SCHBSP.2.WELEC;MEX;2021;81.04237365722656;;
SCHBSP.2.WELEC;MHL;2021;73.91304347826086;;
SCHBSP.2.WELEC;MHL;2022;87.09677419354838;;
SCHBSP.2.WELEC;MHL;2023;85.71428571428571;;
SCHBSP.2.WELEC;MLI;2017;31.71428571428571;;
SCHBSP.2.WELEC;MLI;2023;38.71309881562666;;
SCHBSP.2.WELEC;MMR;2016;59.90248107910156;;
SCHBSP.2.WELEC;MMR;2018;75.5943603515625;;
SCHBSP.2.WELEC;MNG;2010;100;;
SCHBSP.2.WELEC;MNG;2011;100;;
SCHBSP.2.WELEC;MNG;2012;100;;
SCHBSP.2.WELEC;MNG;2014;100;;
SCHBSP.2.WELEC;MNG;2015;100;;
SCHBSP.2.WELEC;MNG;2016;100;;
SCHBSP.2.WELEC;MNG;2017;100;;
SCHBSP.2.WELEC;MNG;2018;100;;
SCHBSP.2.WELEC;MNG;2019;100;;
SCHBSP.2.WELEC;MNG;2020;100;;
SCHBSP.2.WELEC;MNG;2021;100;;
SCHBSP.2.WELEC;MNG;2022;100;;
SCHBSP.2.WELEC;MNG;2023;100;;
SCHBSP.2.WELEC;MNG;2024;100;;
SCHBSP.2.WELEC;MRT;2016;56.91823899371069;;
SCHBSP.2.WELEC;MRT;2018;52.60416666666666;;
SCHBSP.2.WELEC;MSR;2010;100;;
SCHBSP.2.WELEC;MSR;2012;100;;
SCHBSP.2.WELEC;MSR;2013;100;;
SCHBSP.2.WELEC;MSR;2014;100;;
SCHBSP.2.WELEC;MSR;2015;100;;
SCHBSP.2.WELEC;MSR;2016;100;;
SCHBSP.2.WELEC;MSR;2017;100;;
SCHBSP.2.WELEC;MSR;2018;100;;
SCHBSP.2.WELEC;MSR;2019;100;;
SCHBSP.2.WELEC;MSR;2020;100;;
SCHBSP.2.WELEC;MSR;2021;100;;
SCHBSP.2.WELEC;MSR;2022;100;;
SCHBSP.2.WELEC;MSR;2023;100;;
SCHBSP.2.WELEC;MSR;2024;100;;
SCHBSP.2.WELEC;MUS;2013;100;;
SCHBSP.2.WELEC;MUS;2014;100;;
SCHBSP.2.WELEC;MUS;2015;100;;
SCHBSP.2.WELEC;MUS;2016;100;;
SCHBSP.2.WELEC;MUS;2017;100;;
SCHBSP.2.WELEC;MUS;2018;100;;
SCHBSP.2.WELEC;MUS;2020;100;;
SCHBSP.2.WELEC;MUS;2021;100;;
SCHBSP.2.WELEC;MUS;2023;100;;
SCHBSP.2.WELEC;MUS;2024;100;;
SCHBSP.2.WELEC;MWI;2016;59.48446794448117;;
SCHBSP.2.WELEC;MWI;2017;74.69879518072288;;
SCHBSP.2.WELEC;MWI;2018;67.83310901749664;;
SCHBSP.2.WELEC;MWI;2019;68.93939393939394;;
SCHBSP.2.WELEC;MWI;2020;73.02543507362785;;
SCHBSP.2.WELEC;MWI;2021;72.44094488188976;;
SCHBSP.2.WELEC;MWI;2022;71.98757763975155;;
SCHBSP.2.WELEC;MWI;2023;82.01803833145435;;
SCHBSP.2.WELEC;MYS;2011;100;;
SCHBSP.2.WELEC;MYS;2016;100;;
SCHBSP.2.WELEC;MYS;2017;100;;
SCHBSP.2.WELEC;MYS;2018;100;;
SCHBSP.2.WELEC;MYS;2019;100;;
SCHBSP.2.WELEC;MYS;2020;100;;
SCHBSP.2.WELEC;MYS;2021;100;;
SCHBSP.2.WELEC;MYS;2022;100;;
SCHBSP.2.WELEC;MYS;2023;100;;
SCHBSP.2.WELEC;MYS;2024;100;;
SCHBSP.2.WELEC;NAM;2014;91.08108108108108;;
SCHBSP.2.WELEC;NAM;2015;92.80958721704394;;
SCHBSP.2.WELEC;NAM;2016;93.8382541720154;;
SCHBSP.2.WELEC;NAM;2017;95.13715710723191;;
SCHBSP.2.WELEC;NAM;2018;95.35452322738386;;
SCHBSP.2.WELEC;NAM;2019;96.35294117647058;;
SCHBSP.2.WELEC;NAM;2020;92.51461988304094;;
SCHBSP.2.WELEC;NAM;2021;94.65737514518003;;
SCHBSP.2.WELEC;NAM;2022;97.22222222222221;;
SCHBSP.2.WELEC;NAM;2023;98.30124575311439;;
SCHBSP.2.WELEC;NAM;2024;96.53631284916202;;
SCHBSP.2.WELEC;NER;2013;10.8433734939759;;
SCHBSP.2.WELEC;NER;2016;32.40816326530612;;
SCHBSP.2.WELEC;NER;2019;30.1781737193764;;
SCHBSP.2.WELEC;NER;2021;33.52510460251046;;
SCHBSP.2.WELEC;NER;2023;40.51724137931034;;
SCHBSP.2.WELEC;NER;2024;43.042071197411;;
SCHBSP.2.WELEC;NIC;2010;66.4295883178711;;
SCHBSP.2.WELEC;NIC;2022;9.258379936218262;;
SCHBSP.2.WELEC;NIU;2016;100;;
SCHBSP.2.WELEC;NIU;2019;100;;
SCHBSP.2.WELEC;NIU;2020;100;;
SCHBSP.2.WELEC;NIU;2021;100;;
SCHBSP.2.WELEC;NIU;2022;100;;
SCHBSP.2.WELEC;NIU;2023;100;;
SCHBSP.2.WELEC;NIU;2024;100;;
SCHBSP.2.WELEC;NIU;2025;100;;
SCHBSP.2.WELEC;NLD;2000;100;;
SCHBSP.2.WELEC;NLD;2001;100;;
SCHBSP.2.WELEC;NLD;2002;100;;
SCHBSP.2.WELEC;NLD;2003;100;;
SCHBSP.2.WELEC;NLD;2004;100;;
SCHBSP.2.WELEC;NLD;2005;100;;
SCHBSP.2.WELEC;NLD;2006;100;;
SCHBSP.2.WELEC;NLD;2007;100;;
SCHBSP.2.WELEC;NLD;2008;100;;
SCHBSP.2.WELEC;NLD;2009;100;;
SCHBSP.2.WELEC;NLD;2010;100;;
SCHBSP.2.WELEC;NLD;2011;100;;
SCHBSP.2.WELEC;NLD;2012;100;;
SCHBSP.2.WELEC;NLD;2013;100;;
SCHBSP.2.WELEC;NLD;2014;100;;
SCHBSP.2.WELEC;NLD;2015;100;;
SCHBSP.2.WELEC;NLD;2016;100;;
SCHBSP.2.WELEC;NLD;2017;100;;
SCHBSP.2.WELEC;NLD;2018;100;;
SCHBSP.2.WELEC;NLD;2019;100;;
SCHBSP.2.WELEC;NLD;2020;100;;
SCHBSP.2.WELEC;NLD;2021;100;;
SCHBSP.2.WELEC;NLD;2022;100;;
SCHBSP.2.WELEC;NOR;2000;100;;
SCHBSP.2.WELEC;NOR;2001;100;;
SCHBSP.2.WELEC;NOR;2002;100;;
SCHBSP.2.WELEC;NOR;2003;100;;
SCHBSP.2.WELEC;NOR;2004;100;;
SCHBSP.2.WELEC;NOR;2005;100;;
SCHBSP.2.WELEC;NOR;2006;100;;
SCHBSP.2.WELEC;NOR;2007;100;;
SCHBSP.2.WELEC;NOR;2008;100;;
SCHBSP.2.WELEC;NOR;2009;100;;
SCHBSP.2.WELEC;NOR;2010;100;;
SCHBSP.2.WELEC;NOR;2011;100;;
SCHBSP.2.WELEC;NOR;2012;100;;
SCHBSP.2.WELEC;NOR;2013;100;;
SCHBSP.2.WELEC;NOR;2014;100;;
SCHBSP.2.WELEC;NOR;2015;100;;
SCHBSP.2.WELEC;NOR;2016;100;;
SCHBSP.2.WELEC;NOR;2017;100;;
SCHBSP.2.WELEC;NOR;2018;100;;
SCHBSP.2.WELEC;NOR;2019;100;;
SCHBSP.2.WELEC;NOR;2020;100;;
SCHBSP.2.WELEC;NOR;2021;100;;
SCHBSP.2.WELEC;NOR;2022;100;;
SCHBSP.2.WELEC;NPL;2011;12.5219898223877;;
SCHBSP.2.WELEC;NPL;2020;77.71634674072266;;
SCHBSP.2.WELEC;NPL;2023;33.50188212820944;;
SCHBSP.2.WELEC;NPL;2024;72.61977123280101;;
SCHBSP.2.WELEC;NPL;2025;94.05918605296763;;
SCHBSP.2.WELEC;NRU;2019;100;;
SCHBSP.2.WELEC;NRU;2020;100;;
SCHBSP.2.WELEC;NRU;2022;100;;
SCHBSP.2.WELEC;NRU;2023;100;;
SCHBSP.2.WELEC;NRU;2024;100;;
SCHBSP.2.WELEC;NRU;2025;100;;
SCHBSP.2.WELEC;OMN;2011;100;;
SCHBSP.2.WELEC;OMN;2016;100;;
SCHBSP.2.WELEC;OMN;2017;100;;
SCHBSP.2.WELEC;OMN;2018;100;;
SCHBSP.2.WELEC;OMN;2019;100;;
SCHBSP.2.WELEC;OMN;2020;100;;
SCHBSP.2.WELEC;OMN;2021;100;;
SCHBSP.2.WELEC;OMN;2022;100;;
SCHBSP.2.WELEC;OMN;2023;100;;
SCHBSP.2.WELEC;OMN;2024;100;;
SCHBSP.2.WELEC;PAK;2021;26.45712347929295;;
SCHBSP.2.WELEC;PAK;2022;26.45853372924595;;
SCHBSP.2.WELEC;PAK;2023;22.59550743084563;;
SCHBSP.2.WELEC;PAK;2024;25.44286351291094;;
SCHBSP.2.WELEC;PAN;2019;78.13765182186235;;
SCHBSP.2.WELEC;PAN;2020;78.13765182186235;;
SCHBSP.2.WELEC;PAN;2021;78.13765182186235;;
SCHBSP.2.WELEC;PAN;2022;78.13765182186235;;
SCHBSP.2.WELEC;PAN;2023;61.50414276609305;;
SCHBSP.2.WELEC;PER;2016;89.07478332519531;;
SCHBSP.2.WELEC;PER;2017;88.90897369384766;;
SCHBSP.2.WELEC;PER;2018;90.14118957519531;;
SCHBSP.2.WELEC;PER;2019;95.492919921875;;
SCHBSP.2.WELEC;PER;2020;93.33052062988281;;
SCHBSP.2.WELEC;PER;2021;90.35688781738281;;
SCHBSP.2.WELEC;PER;2022;92.43464660644531;;
SCHBSP.2.WELEC;PER;2023;89.31922912597656;;
SCHBSP.2.WELEC;PER;2024;95.447021484375;;
SCHBSP.2.WELEC;PHL;2010;95.6581079928346;;
SCHBSP.2.WELEC;PHL;2011;100;;
SCHBSP.2.WELEC;PHL;2012;95.92674455320493;;
SCHBSP.2.WELEC;PHL;2013;96.72596227572458;;
SCHBSP.2.WELEC;PHL;2014;96.720571643475;;
SCHBSP.2.WELEC;PHL;2015;97.47165871121717;;
SCHBSP.2.WELEC;PHL;2016;96.72167378812435;;
SCHBSP.2.WELEC;PHL;2017;94.32344603470926;;
SCHBSP.2.WELEC;PHL;2018;96.46107865779106;;
SCHBSP.2.WELEC;PHL;2019;97.34748010610079;;
SCHBSP.2.WELEC;PHL;2020;97.51074613459934;;
SCHBSP.2.WELEC;PHL;2021;98.11261004496802;;
SCHBSP.2.WELEC;PHL;2022;97.29695907896382;;
SCHBSP.2.WELEC;PHL;2023;97.64961240310078;;
SCHBSP.2.WELEC;PHL;2024;97.19101123595506;;
SCHBSP.2.WELEC;PLW;2020;84.21052631578947;;
SCHBSP.2.WELEC;PLW;2021;100;;
SCHBSP.2.WELEC;PLW;2022;100;;
SCHBSP.2.WELEC;PLW;2023;100;;
SCHBSP.2.WELEC;PNG;2022;100;;
SCHBSP.2.WELEC;PNG;2023;100;;
SCHBSP.2.WELEC;POL;2000;100;;
SCHBSP.2.WELEC;POL;2001;100;;
SCHBSP.2.WELEC;POL;2002;100;;
SCHBSP.2.WELEC;POL;2003;100;;
SCHBSP.2.WELEC;POL;2004;100;;
SCHBSP.2.WELEC;POL;2005;100;;
SCHBSP.2.WELEC;POL;2006;100;;
SCHBSP.2.WELEC;POL;2007;100;;
SCHBSP.2.WELEC;POL;2008;100;;
SCHBSP.2.WELEC;POL;2009;100;;
SCHBSP.2.WELEC;POL;2010;100;;
SCHBSP.2.WELEC;POL;2011;100;;
SCHBSP.2.WELEC;POL;2012;100;;
SCHBSP.2.WELEC;POL;2013;100;;
SCHBSP.2.WELEC;POL;2014;100;;
SCHBSP.2.WELEC;POL;2015;100;;
SCHBSP.2.WELEC;POL;2016;100;;
SCHBSP.2.WELEC;POL;2017;100;;
SCHBSP.2.WELEC;POL;2018;100;;
SCHBSP.2.WELEC;POL;2019;100;;
SCHBSP.2.WELEC;POL;2020;100;;
SCHBSP.2.WELEC;POL;2021;100;;
SCHBSP.2.WELEC;PRI;2023;42.69520950317383;;
SCHBSP.2.WELEC;PRI;2024;100;;
SCHBSP.2.WELEC;PRT;2000;100;;
SCHBSP.2.WELEC;PRT;2001;100;;
SCHBSP.2.WELEC;PRT;2002;100;;
SCHBSP.2.WELEC;PRT;2003;100;;
SCHBSP.2.WELEC;PRT;2004;100;;
SCHBSP.2.WELEC;PRT;2005;100;;
SCHBSP.2.WELEC;PRT;2006;100;;
SCHBSP.2.WELEC;PRT;2007;100;;
SCHBSP.2.WELEC;PRT;2008;100;;
SCHBSP.2.WELEC;PRT;2009;100;;
SCHBSP.2.WELEC;PRT;2010;100;;
SCHBSP.2.WELEC;PRT;2011;100;;
SCHBSP.2.WELEC;PRT;2012;100;;
SCHBSP.2.WELEC;PRT;2013;100;;
SCHBSP.2.WELEC;PRT;2014;100;;
SCHBSP.2.WELEC;PRT;2015;100;;
SCHBSP.2.WELEC;PRT;2016;100;;
SCHBSP.2.WELEC;PRT;2017;100;;
SCHBSP.2.WELEC;PRT;2018;100;;
SCHBSP.2.WELEC;PRT;2019;100;;
SCHBSP.2.WELEC;PRT;2020;100;;
SCHBSP.2.WELEC;PRT;2021;100;;
SCHBSP.2.WELEC;PRY;2010;98.35045970795025;;
SCHBSP.2.WELEC;PRY;2016;97.45954083552878;;
SCHBSP.2.WELEC;PSE;2016;100;;
SCHBSP.2.WELEC;PSE;2017;100;;
SCHBSP.2.WELEC;PSE;2018;100;;
SCHBSP.2.WELEC;PSE;2019;100;;
SCHBSP.2.WELEC;PSE;2020;100;;
SCHBSP.2.WELEC;PSE;2021;100;;
SCHBSP.2.WELEC;PSE;2022;100;;
SCHBSP.2.WELEC;PSE;2023;100;;
SCHBSP.2.WELEC;QAT;2011;100;;
SCHBSP.2.WELEC;QAT;2016;100;;
SCHBSP.2.WELEC;QAT;2017;100;;
SCHBSP.2.WELEC;QAT;2018;100;;
SCHBSP.2.WELEC;QAT;2019;100;;
SCHBSP.2.WELEC;QAT;2020;100;;
SCHBSP.2.WELEC;QAT;2021;100;;
SCHBSP.2.WELEC;QAT;2022;100;;
SCHBSP.2.WELEC;QAT;2023;100;;
SCHBSP.2.WELEC;QAT;2024;100;;
SCHBSP.2.WELEC;RWA;2011;40.95890410958904;;
SCHBSP.2.WELEC;RWA;2012;41.20253164556962;;
SCHBSP.2.WELEC;RWA;2013;49.44920440636475;;
SCHBSP.2.WELEC;RWA;2014;53.98230088495575;;
SCHBSP.2.WELEC;RWA;2015;54.36668594563332;;
SCHBSP.2.WELEC;RWA;2016;56.21436716077537;;
SCHBSP.2.WELEC;RWA;2019;74.31578947368422;;
SCHBSP.2.WELEC;RWA;2021;77.99457994579946;;
SCHBSP.2.WELEC;RWA;2022;87.34650293646557;;
SCHBSP.2.WELEC;RWA;2023;86.50500790722194;;
SCHBSP.2.WELEC;RWA;2024;90.2938090241343;;
SCHBSP.2.WELEC;SAU;2016;100;;
SCHBSP.2.WELEC;SAU;2017;100;;
SCHBSP.2.WELEC;SAU;2018;100;;
SCHBSP.2.WELEC;SAU;2019;100;;
SCHBSP.2.WELEC;SAU;2020;100;;
SCHBSP.2.WELEC;SAU;2021;100;;
SCHBSP.2.WELEC;SAU;2022;100;;
SCHBSP.2.WELEC;SAU;2024;100;;
SCHBSP.2.WELEC;SDG: Australia and New Zealand;2000;99.56448364257812;;
SCHBSP.2.WELEC;SDG: Australia and New Zealand;2001;99.56436157226562;;
SCHBSP.2.WELEC;SDG: Australia and New Zealand;2002;99.56436920166016;;
SCHBSP.2.WELEC;SDG: Australia and New Zealand;2003;99.56427001953125;;
SCHBSP.2.WELEC;SDG: Australia and New Zealand;2004;99.56429290771484;;
SCHBSP.2.WELEC;SDG: Australia and New Zealand;2005;99.564208984375;;
SCHBSP.2.WELEC;SDG: Australia and New Zealand;2006;99.56416320800781;;
SCHBSP.2.WELEC;SDG: Australia and New Zealand;2007;99.56403350830078;;
SCHBSP.2.WELEC;SDG: Australia and New Zealand;2008;99.56391906738281;;
SCHBSP.2.WELEC;SDG: Australia and New Zealand;2009;99.56391143798828;;
SCHBSP.2.WELEC;SDG: Australia and New Zealand;2010;99.5649185180664;;
SCHBSP.2.WELEC;SDG: Australia and New Zealand;2011;99.5644302368164;;
SCHBSP.2.WELEC;SDG: Australia and New Zealand;2012;99.56392669677734;;
SCHBSP.2.WELEC;SDG: Australia and New Zealand;2013;99.56358337402344;;
SCHBSP.2.WELEC;SDG: Australia and New Zealand;2014;99.56334686279297;;
SCHBSP.2.WELEC;SDG: Australia and New Zealand;2015;99.56320190429688;;
SCHBSP.2.WELEC;SDG: Australia and New Zealand;2016;99.56304168701172;;
SCHBSP.2.WELEC;SDG: Australia and New Zealand;2017;99.51148223876953;;
SCHBSP.2.WELEC;SDG: Australia and New Zealand;2018;99.49585723876953;;
SCHBSP.2.WELEC;SDG: Australia and New Zealand;2019;99.49417114257812;;
SCHBSP.2.WELEC;SDG: Australia and New Zealand;2020;99.46453857421875;;
SCHBSP.2.WELEC;SDG: Australia and New Zealand;2021;99.54000854492188;;
SCHBSP.2.WELEC;SDG: Australia and New Zealand;2022;99.62608337402344;UIS_EST;
SCHBSP.2.WELEC;SDG: Central Asia;2016;99.84691619873047;UIS_EST;
SCHBSP.2.WELEC;SDG: Central Asia;2017;99.86913299560547;;
SCHBSP.2.WELEC;SDG: Central Asia;2018;99.89189147949219;;
SCHBSP.2.WELEC;SDG: Central Asia;2019;99.91368103027344;;
SCHBSP.2.WELEC;SDG: Central Asia;2020;99.93572235107422;;
SCHBSP.2.WELEC;SDG: Central Asia;2021;99.9572982788086;UIS_EST;
SCHBSP.2.WELEC;SDG: Central Asia;2022;99.97872924804688;UIS_EST;
SCHBSP.2.WELEC;SDG: Central Asia;2023;100;UIS_EST;
SCHBSP.2.WELEC;SDG: Central Asia;2024;100;UIS_EST;
SCHBSP.2.WELEC;SDG: Central and Southern Asia;2011;62.785888671875;UIS_EST;
SCHBSP.2.WELEC;SDG: Central and Southern Asia;2012;62.66207885742188;;
SCHBSP.2.WELEC;SDG: Central and Southern Asia;2013;62.95355987548828;UIS_EST;
SCHBSP.2.WELEC;SDG: Central and Southern Asia;2014;63.31174087524414;UIS_EST;
SCHBSP.2.WELEC;SDG: Central and Southern Asia;2015;63.71406173706055;UIS_EST;
SCHBSP.2.WELEC;SDG: Central and Southern Asia;2016;64.16871643066406;;
SCHBSP.2.WELEC;SDG: Central and Southern Asia;2017;66.07775115966797;;
SCHBSP.2.WELEC;SDG: Central and Southern Asia;2018;68.17987060546875;;
SCHBSP.2.WELEC;SDG: Central and Southern Asia;2021;83.10968017578125;;
SCHBSP.2.WELEC;SDG: Central and Southern Asia;2022;86.24405670166016;;
SCHBSP.2.WELEC;SDG: Central and Southern Asia;2023;87.12834930419922;;
SCHBSP.2.WELEC;SDG: Central and Southern Asia;2024;87.20552825927734;;
SCHBSP.2.WELEC;SDG: Eastern Asia;2016;98.08743286132812;UIS_EST;
SCHBSP.2.WELEC;SDG: Eastern Asia;2017;98.2171401977539;;
SCHBSP.2.WELEC;SDG: Eastern Asia;2018;98.40904998779297;;
SCHBSP.2.WELEC;SDG: Eastern Asia;2019;98.53231048583984;;
SCHBSP.2.WELEC;SDG: Eastern Asia;2020;98.69815063476562;;
SCHBSP.2.WELEC;SDG: Eastern Asia;2021;98.80223083496094;;
SCHBSP.2.WELEC;SDG: Eastern Asia;2022;98.80439758300781;;
SCHBSP.2.WELEC;SDG: Eastern Asia;2023;98.88231658935547;;
SCHBSP.2.WELEC;SDG: Eastern Asia;2024;98.84635925292969;;
SCHBSP.2.WELEC;SDG: Eastern and South-Eastern Asia;2011;92.5145263671875;UIS_EST;
SCHBSP.2.WELEC;SDG: Eastern and South-Eastern Asia;2012;92.64167022705078;UIS_EST;
SCHBSP.2.WELEC;SDG: Eastern and South-Eastern Asia;2013;93.2214126586914;UIS_EST;
SCHBSP.2.WELEC;SDG: Eastern and South-Eastern Asia;2014;93.99630737304688;UIS_EST;
SCHBSP.2.WELEC;SDG: Eastern and South-Eastern Asia;2015;94.94597625732422;UIS_EST;
SCHBSP.2.WELEC;SDG: Eastern and South-Eastern Asia;2016;95.99108123779297;UIS_EST;
SCHBSP.2.WELEC;SDG: Eastern and South-Eastern Asia;2017;95.96276092529297;;
SCHBSP.2.WELEC;SDG: Eastern and South-Eastern Asia;2018;96.46186828613281;;
SCHBSP.2.WELEC;SDG: Eastern and South-Eastern Asia;2019;96.74536895751953;UIS_EST;
SCHBSP.2.WELEC;SDG: Eastern and South-Eastern Asia;2020;96.99812316894531;UIS_EST;
SCHBSP.2.WELEC;SDG: Eastern and South-Eastern Asia;2021;96.92691802978516;UIS_EST;
SCHBSP.2.WELEC;SDG: Eastern and South-Eastern Asia;2022;97.1328125;UIS_EST;
SCHBSP.2.WELEC;SDG: Eastern and South-Eastern Asia;2023;97.34559631347656;;
SCHBSP.2.WELEC;SDG: Eastern and South-Eastern Asia;2024;97.41161346435547;;
SCHBSP.2.WELEC;SDG: Europe;2000;99.87487030029297;UIS_EST;
SCHBSP.2.WELEC;SDG: Europe;2001;99.87355041503906;UIS_EST;
SCHBSP.2.WELEC;SDG: Europe;2002;99.87310791015625;UIS_EST;
SCHBSP.2.WELEC;SDG: Europe;2003;99.87214660644531;UIS_EST;
SCHBSP.2.WELEC;SDG: Europe;2004;99.87098693847656;UIS_EST;
SCHBSP.2.WELEC;SDG: Europe;2005;99.87068939208984;UIS_EST;
SCHBSP.2.WELEC;SDG: Europe;2006;99.8704833984375;UIS_EST;
SCHBSP.2.WELEC;SDG: Europe;2007;99.8698501586914;UIS_EST;
SCHBSP.2.WELEC;SDG: Europe;2008;99.86953735351562;UIS_EST;
SCHBSP.2.WELEC;SDG: Europe;2009;99.86972045898438;UIS_EST;
SCHBSP.2.WELEC;SDG: Europe;2010;99.86937713623047;UIS_EST;
SCHBSP.2.WELEC;SDG: Europe;2011;99.868408203125;UIS_EST;
SCHBSP.2.WELEC;SDG: Europe;2012;99.8677978515625;UIS_EST;
SCHBSP.2.WELEC;SDG: Europe;2013;99.86605072021484;UIS_EST;
SCHBSP.2.WELEC;SDG: Europe;2014;99.86406707763672;UIS_EST;
SCHBSP.2.WELEC;SDG: Europe;2015;99.86241912841797;UIS_EST;
SCHBSP.2.WELEC;SDG: Europe;2016;99.86105346679688;UIS_EST;
SCHBSP.2.WELEC;SDG: Europe;2017;99.86125946044922;UIS_EST;
SCHBSP.2.WELEC;SDG: Europe;2018;99.85922241210938;UIS_EST;
SCHBSP.2.WELEC;SDG: Europe;2019;99.85186004638672;UIS_EST;
SCHBSP.2.WELEC;SDG: Europe;2020;100;UIS_EST;
SCHBSP.2.WELEC;SDG: Europe;2021;100;UIS_EST;
SCHBSP.2.WELEC;SDG: Europe;2022;99.9669418334961;UIS_EST;
SCHBSP.2.WELEC;SDG: Europe and Northern America;2014;99.90444946289062;UIS_EST;
SCHBSP.2.WELEC;SDG: Europe and Northern America;2015;99.9035873413086;UIS_EST;
SCHBSP.2.WELEC;SDG: Europe and Northern America;2016;99.90290069580078;UIS_EST;
SCHBSP.2.WELEC;SDG: Europe and Northern America;2017;99.90318298339844;UIS_EST;
SCHBSP.2.WELEC;SDG: Europe and Northern America;2018;99.90248107910156;UIS_EST;
SCHBSP.2.WELEC;SDG: Europe and Northern America;2019;99.89765167236328;UIS_EST;
SCHBSP.2.WELEC;SDG: Europe and Northern America;2020;100;UIS_EST;
SCHBSP.2.WELEC;SDG: Europe, Northern America, Australia and New Zealand;2014;99.89186096191406;UIS_EST;
SCHBSP.2.WELEC;SDG: Europe, Northern America, Australia and New Zealand;2015;99.89092254638672;UIS_EST;
SCHBSP.2.WELEC;SDG: Europe, Northern America, Australia and New Zealand;2016;99.89016723632812;UIS_EST;
SCHBSP.2.WELEC;SDG: Europe, Northern America, Australia and New Zealand;2017;99.88842010498047;UIS_EST;
SCHBSP.2.WELEC;SDG: Europe, Northern America, Australia and New Zealand;2018;99.8868637084961;UIS_EST;
SCHBSP.2.WELEC;SDG: Europe, Northern America, Australia and New Zealand;2019;99.88202667236328;UIS_EST;
SCHBSP.2.WELEC;SDG: Europe, Northern America, Australia and New Zealand;2020;99.97917175292969;UIS_EST;
SCHBSP.2.WELEC;SDG: Landlocked Developing Countries;2012;68.03849792480469;UIS_EST;
SCHBSP.2.WELEC;SDG: Landlocked Developing Countries;2013;68.78494262695312;UIS_EST;
SCHBSP.2.WELEC;SDG: Landlocked Developing Countries;2016;71.17794036865234;UIS_EST;
SCHBSP.2.WELEC;SDG: Landlocked Developing Countries;2017;72.1575927734375;UIS_EST;
SCHBSP.2.WELEC;SDG: Landlocked Developing Countries;2018;73.13240814208984;UIS_EST;
SCHBSP.2.WELEC;SDG: Landlocked Developing Countries;2019;74.02430725097656;UIS_EST;
SCHBSP.2.WELEC;SDG: Landlocked Developing Countries;2020;75.20115661621094;UIS_EST;
SCHBSP.2.WELEC;SDG: Landlocked Developing Countries;2021;75.00827026367188;UIS_EST;
SCHBSP.2.WELEC;SDG: Landlocked Developing Countries;2022;75.0825424194336;UIS_EST;
SCHBSP.2.WELEC;SDG: Landlocked Developing Countries;2023;75.28018951416016;UIS_EST;
SCHBSP.2.WELEC;SDG: Landlocked Developing Countries;2024;75.05397033691406;UIS_EST;
SCHBSP.2.WELEC;SDG: Latin America and the Caribbean;2009;90.4050064086914;UIS_EST;
SCHBSP.2.WELEC;SDG: Latin America and the Caribbean;2010;90.13227844238281;UIS_EST;
SCHBSP.2.WELEC;SDG: Latin America and the Caribbean;2011;89.94535827636719;UIS_EST;
SCHBSP.2.WELEC;SDG: Latin America and the Caribbean;2012;89.75714111328125;UIS_EST;
SCHBSP.2.WELEC;SDG: Latin America and the Caribbean;2013;89.54805755615234;UIS_EST;
SCHBSP.2.WELEC;SDG: Latin America and the Caribbean;2014;89.32975006103516;UIS_EST;
SCHBSP.2.WELEC;SDG: Latin America and the Caribbean;2015;89.12687683105469;UIS_EST;
SCHBSP.2.WELEC;SDG: Latin America and the Caribbean;2016;88.89514923095703;UIS_EST;
SCHBSP.2.WELEC;SDG: Latin America and the Caribbean;2017;88.73773956298828;UIS_EST;
SCHBSP.2.WELEC;SDG: Latin America and the Caribbean;2018;88.45366668701172;UIS_EST;
SCHBSP.2.WELEC;SDG: Latin America and the Caribbean;2019;88.56803131103516;UIS_EST;
SCHBSP.2.WELEC;SDG: Latin America and the Caribbean;2020;88.1421127319336;UIS_EST;
SCHBSP.2.WELEC;SDG: Latin America and the Caribbean;2021;87.31965637207031;UIS_EST;
SCHBSP.2.WELEC;SDG: Latin America and the Caribbean;2022;86.949462890625;UIS_EST;
SCHBSP.2.WELEC;SDG: Least Developed Countries;2014;50.90877151489258;UIS_EST;
SCHBSP.2.WELEC;SDG: Least Developed Countries;2015;52.33687973022461;UIS_EST;
SCHBSP.2.WELEC;SDG: Least Developed Countries;2016;53.57793045043945;UIS_EST;
SCHBSP.2.WELEC;SDG: Least Developed Countries;2017;54.37142944335938;UIS_EST;
SCHBSP.2.WELEC;SDG: Least Developed Countries;2018;55.11788940429688;UIS_EST;
SCHBSP.2.WELEC;SDG: Least Developed Countries;2019;55.33940124511719;UIS_EST;
SCHBSP.2.WELEC;SDG: Least Developed Countries;2020;55.96113967895508;UIS_EST;
SCHBSP.2.WELEC;SDG: Least Developed Countries;2021;54.93824005126953;UIS_EST;
SCHBSP.2.WELEC;SDG: Least Developed Countries;2022;55.40095138549805;UIS_EST;
SCHBSP.2.WELEC;SDG: Least Developed Countries;2023;55.96155166625977;UIS_EST;
SCHBSP.2.WELEC;SDG: Least Developed Countries;2024;56.35136032104492;UIS_EST;
SCHBSP.2.WELEC;SDG: Northern Africa;2015;81.25032806396484;UIS_EST;
SCHBSP.2.WELEC;SDG: Northern Africa;2016;81.60128021240234;;
SCHBSP.2.WELEC;SDG: Northern Africa;2017;80.53468322753906;UIS_EST;
SCHBSP.2.WELEC;SDG: Northern Africa;2018;79.8169937133789;UIS_EST;
SCHBSP.2.WELEC;SDG: Northern Africa;2019;89.09497833251953;UIS_EST;
SCHBSP.2.WELEC;SDG: Northern Africa;2020;87.98119354248047;UIS_EST;
SCHBSP.2.WELEC;SDG: Northern Africa;2021;86.72879028320312;;
SCHBSP.2.WELEC;SDG: Northern Africa;2022;86.47261810302734;UIS_EST;
SCHBSP.2.WELEC;SDG: Northern Africa;2023;86.08418273925781;;
SCHBSP.2.WELEC;SDG: Northern Africa;2024;86.48770141601562;;
SCHBSP.2.WELEC;SDG: Northern Africa and Western Asia;2012;89.86786651611328;UIS_EST;
SCHBSP.2.WELEC;SDG: Northern Africa and Western Asia;2013;90.02229309082031;UIS_EST;
SCHBSP.2.WELEC;SDG: Northern Africa and Western Asia;2014;90.15103912353516;UIS_EST;
SCHBSP.2.WELEC;SDG: Northern Africa and Western Asia;2015;90.27970886230469;UIS_EST;
SCHBSP.2.WELEC;SDG: Northern Africa and Western Asia;2016;90.43990325927734;;
SCHBSP.2.WELEC;SDG: Northern Africa and Western Asia;2017;89.72828674316406;UIS_EST;
SCHBSP.2.WELEC;SDG: Northern Africa and Western Asia;2018;89.39763641357422;UIS_EST;
SCHBSP.2.WELEC;SDG: Northern Africa and Western Asia;2019;94.61386108398438;UIS_EST;
SCHBSP.2.WELEC;SDG: Northern Africa and Western Asia;2020;94.15293884277344;;
SCHBSP.2.WELEC;SDG: Northern Africa and Western Asia;2021;93.62551879882812;;
SCHBSP.2.WELEC;SDG: Northern Africa and Western Asia;2022;93.76532745361328;UIS_EST;
SCHBSP.2.WELEC;SDG: Northern Africa and Western Asia;2023;93.22989654541016;UIS_EST;
SCHBSP.2.WELEC;SDG: Northern Africa and Western Asia;2024;93.44072723388672;;
SCHBSP.2.WELEC;SDG: Northern America;2014;100;UIS_EST;
SCHBSP.2.WELEC;SDG: Northern America;2015;100;;
SCHBSP.2.WELEC;SDG: Northern America;2016;100;UIS_EST;
SCHBSP.2.WELEC;SDG: Northern America;2017;100;UIS_EST;
SCHBSP.2.WELEC;SDG: Northern America;2019;100;;
SCHBSP.2.WELEC;SDG: Northern America;2020;100;UIS_EST;
SCHBSP.2.WELEC;SDG: Oceania;2000;98.37550354003906;;
SCHBSP.2.WELEC;SDG: Oceania;2001;98.37460327148438;;
SCHBSP.2.WELEC;SDG: Oceania;2002;98.37570190429688;;
SCHBSP.2.WELEC;SDG: Oceania;2003;98.37579345703125;;
SCHBSP.2.WELEC;SDG: Oceania;2004;98.3773193359375;;
SCHBSP.2.WELEC;SDG: Oceania;2005;98.37830352783203;;
SCHBSP.2.WELEC;SDG: Oceania;2006;98.37825775146484;;
SCHBSP.2.WELEC;SDG: Oceania;2007;98.37640380859375;;
SCHBSP.2.WELEC;SDG: Oceania;2008;98.37567138671875;;
SCHBSP.2.WELEC;SDG: Oceania;2009;98.37545013427734;;
SCHBSP.2.WELEC;SDG: Oceania;2010;98.3861312866211;;
SCHBSP.2.WELEC;SDG: Oceania;2011;98.37389373779297;;
SCHBSP.2.WELEC;SDG: Oceania;2012;98.35958099365234;;
SCHBSP.2.WELEC;SDG: Oceania;2013;98.35198211669922;;
SCHBSP.2.WELEC;SDG: Oceania;2014;98.34696960449219;;
SCHBSP.2.WELEC;SDG: Oceania;2015;98.34362030029297;;
SCHBSP.2.WELEC;SDG: Oceania;2016;98.33989715576172;;
SCHBSP.2.WELEC;SDG: Oceania;2017;97.9625015258789;;
SCHBSP.2.WELEC;SDG: Oceania;2018;97.82942962646484;;
SCHBSP.2.WELEC;SDG: Oceania;2019;97.83585357666016;;
SCHBSP.2.WELEC;SDG: Oceania;2020;97.55864715576172;;
SCHBSP.2.WELEC;SDG: Oceania;2021;97.83930969238281;;
SCHBSP.2.WELEC;SDG: Oceania;2022;98.19979858398438;UIS_EST;
SCHBSP.2.WELEC;SDG: Small Island Developing States;2021;80.04022216796875;UIS_EST;
SCHBSP.2.WELEC;SDG: Small Island Developing States;2022;80.02397918701172;UIS_EST;
SCHBSP.2.WELEC;SDG: Small Island Developing States;2023;80.27681732177734;UIS_EST;
SCHBSP.2.WELEC;SDG: Small Island Developing States;2024;79.98670196533203;UIS_EST;
SCHBSP.2.WELEC;SDG: South-Eastern Asia;2011;87.98548126220703;UIS_EST;
SCHBSP.2.WELEC;SDG: South-Eastern Asia;2012;88.226806640625;UIS_EST;
SCHBSP.2.WELEC;SDG: South-Eastern Asia;2013;89.45675659179688;UIS_EST;
SCHBSP.2.WELEC;SDG: South-Eastern Asia;2014;90.95694732666016;UIS_EST;
SCHBSP.2.WELEC;SDG: South-Eastern Asia;2015;92.68128204345703;UIS_EST;
SCHBSP.2.WELEC;SDG: South-Eastern Asia;2016;94.4971694946289;;
SCHBSP.2.WELEC;SDG: South-Eastern Asia;2017;94.46772766113281;;
SCHBSP.2.WELEC;SDG: South-Eastern Asia;2018;95.1875991821289;;
SCHBSP.2.WELEC;SDG: South-Eastern Asia;2019;95.55313110351562;UIS_EST;
SCHBSP.2.WELEC;SDG: South-Eastern Asia;2020;95.8189468383789;UIS_EST;
SCHBSP.2.WELEC;SDG: South-Eastern Asia;2021;95.6003189086914;UIS_EST;
SCHBSP.2.WELEC;SDG: South-Eastern Asia;2022;95.91290283203125;UIS_EST;
SCHBSP.2.WELEC;SDG: South-Eastern Asia;2023;96.19535827636719;;
SCHBSP.2.WELEC;SDG: South-Eastern Asia;2024;96.32926940917969;;
SCHBSP.2.WELEC;SDG: Southern Asia;2011;61.47486114501953;UIS_EST;
SCHBSP.2.WELEC;SDG: Southern Asia;2012;61.34333038330078;;
SCHBSP.2.WELEC;SDG: Southern Asia;2013;61.57851028442383;UIS_EST;
SCHBSP.2.WELEC;SDG: Southern Asia;2014;61.87422943115234;UIS_EST;
SCHBSP.2.WELEC;SDG: Southern Asia;2015;62.20832061767578;UIS_EST;
SCHBSP.2.WELEC;SDG: Southern Asia;2016;62.58821105957031;;
SCHBSP.2.WELEC;SDG: Southern Asia;2017;64.64109802246094;;
SCHBSP.2.WELEC;SDG: Southern Asia;2018;66.84203338623047;;
SCHBSP.2.WELEC;SDG: Southern Asia;2019;75.26875305175781;;
SCHBSP.2.WELEC;SDG: Southern Asia;2020;82.2571792602539;;
SCHBSP.2.WELEC;SDG: Southern Asia;2021;82.39157104492188;;
SCHBSP.2.WELEC;SDG: Southern Asia;2022;85.64875030517578;;
SCHBSP.2.WELEC;SDG: Southern Asia;2023;86.55438995361328;;
SCHBSP.2.WELEC;SDG: Southern Asia;2024;86.63288879394531;;
SCHBSP.2.WELEC;SDG: Sub-Saharan Africa;2015;47.52457046508789;UIS_EST;
SCHBSP.2.WELEC;SDG: Sub-Saharan Africa;2016;47.23566055297852;UIS_EST;
SCHBSP.2.WELEC;SDG: Sub-Saharan Africa;2017;46.72682952880859;UIS_EST;
SCHBSP.2.WELEC;SDG: Sub-Saharan Africa;2018;46.28070831298828;UIS_EST;
SCHBSP.2.WELEC;SDG: Sub-Saharan Africa;2019;46.5819091796875;UIS_EST;
SCHBSP.2.WELEC;SDG: Sub-Saharan Africa;2020;47.66326904296875;UIS_EST;
SCHBSP.2.WELEC;SDG: Sub-Saharan Africa;2021;46.87083053588867;UIS_EST;
SCHBSP.2.WELEC;SDG: Sub-Saharan Africa;2022;47.82814025878906;UIS_EST;
SCHBSP.2.WELEC;SDG: Sub-Saharan Africa;2023;48.725341796875;UIS_EST;
SCHBSP.2.WELEC;SDG: Sub-Saharan Africa;2024;48.99544143676758;UIS_EST;
SCHBSP.2.WELEC;SDG: Western Asia;2012;98.12323760986328;UIS_EST;
SCHBSP.2.WELEC;SDG: Western Asia;2013;98.15512084960938;UIS_EST;
SCHBSP.2.WELEC;SDG: Western Asia;2014;98.1626205444336;UIS_EST;
SCHBSP.2.WELEC;SDG: Western Asia;2015;98.17153930664062;UIS_EST;
SCHBSP.2.WELEC;SDG: Western Asia;2016;98.19310760498047;;
SCHBSP.2.WELEC;SDG: Western Asia;2017;98.17375946044922;;
SCHBSP.2.WELEC;SDG: Western Asia;2018;98.1759033203125;;
SCHBSP.2.WELEC;SDG: Western Asia;2019;98.1635971069336;;
SCHBSP.2.WELEC;SDG: Western Asia;2020;98.16487884521484;;
SCHBSP.2.WELEC;SDG: Western Asia;2021;98.20673370361328;;
SCHBSP.2.WELEC;SDG: Western Asia;2022;98.20722198486328;;
SCHBSP.2.WELEC;SDG: Western Asia;2023;98.31777954101562;UIS_EST;
SCHBSP.2.WELEC;SDG: Western Asia;2024;98.50398254394531;UIS_EST;
SCHBSP.2.WELEC;SDG: World;2011;76.67326354980469;UIS_EST;
SCHBSP.2.WELEC;SDG: World;2012;76.50325775146484;UIS_EST;
SCHBSP.2.WELEC;SDG: World;2013;76.8939437866211;UIS_EST;
SCHBSP.2.WELEC;SDG: World;2014;77.31539916992188;UIS_EST;
SCHBSP.2.WELEC;SDG: World;2015;77.7742919921875;UIS_EST;
SCHBSP.2.WELEC;SDG: World;2016;78.27124786376953;UIS_EST;
SCHBSP.2.WELEC;SDG: World;2017;78.68860626220703;UIS_EST;
SCHBSP.2.WELEC;SDG: World;2018;79.22737884521484;UIS_EST;
SCHBSP.2.WELEC;SDG: World;2019;82.53958892822266;UIS_EST;
SCHBSP.2.WELEC;SDG: World;2020;85.22339630126953;UIS_EST;
SCHBSP.2.WELEC;SDG: World;2021;84.79535675048828;UIS_EST;
SCHBSP.2.WELEC;SDG: World;2022;85.84107208251953;UIS_EST;
SCHBSP.2.WELEC;SDG: World;2023;86.45635223388672;UIS_EST;
SCHBSP.2.WELEC;SDG: World;2024;86.75750732421875;UIS_EST;
SCHBSP.2.WELEC;SDN;2016;54.08343887329102;;
SCHBSP.2.WELEC;SEN;2020;83.53794642857143;;
SCHBSP.2.WELEC;SEN;2021;85.25395958492626;;
SCHBSP.2.WELEC;SEN;2022;85.42903399892067;;
SCHBSP.2.WELEC;SEN;2024;87.34793187347933;;
SCHBSP.2.WELEC;SGP;2016;100;;
SCHBSP.2.WELEC;SGP;2017;100;;
SCHBSP.2.WELEC;SGP;2018;100;;
SCHBSP.2.WELEC;SGP;2019;100;;
SCHBSP.2.WELEC;SGP;2020;100;;
SCHBSP.2.WELEC;SGP;2021;100;;
SCHBSP.2.WELEC;SGP;2022;100;;
SCHBSP.2.WELEC;SGP;2023;100;;
SCHBSP.2.WELEC;SLB;2016;82.7433628318584;;
SCHBSP.2.WELEC;SLB;2017;74.21875;;
SCHBSP.2.WELEC;SLB;2018;72.51908396946564;;
SCHBSP.2.WELEC;SLE;2017;15.36565324568612;;
SCHBSP.2.WELEC;SLE;2018;17.50489875898106;;
SCHBSP.2.WELEC;SLE;2019;34.90508266993264;;
SCHBSP.2.WELEC;SLE;2020;36.125;;
SCHBSP.2.WELEC;SLE;2021;32.31486276540652;;
SCHBSP.2.WELEC;SLE;2022;38.63527150408457;;
SCHBSP.2.WELEC;SLE;2024;35.56138051550896;;
SCHBSP.2.WELEC;SLV;2010;98.9024772656005;;
SCHBSP.2.WELEC;SLV;2016;99.87752602571953;;
SCHBSP.2.WELEC;SLV;2017;98.32009773976786;;
SCHBSP.2.WELEC;SLV;2018;99.72602739726028;;
SCHBSP.2.WELEC;SMR;2018;100;;
SCHBSP.2.WELEC;SMR;2019;100;;
SCHBSP.2.WELEC;SMR;2020;100;;
SCHBSP.2.WELEC;SMR;2021;100;;
SCHBSP.2.WELEC;SMR;2022;100;;
SCHBSP.2.WELEC;SMR;2023;100;;
SCHBSP.2.WELEC;SMR;2024;100;;
SCHBSP.2.WELEC;STP;2013;100;;
SCHBSP.2.WELEC;STP;2017;100;;
SCHBSP.2.WELEC;SUR;2009;100;;
SCHBSP.2.WELEC;SVK;2014;100;;
SCHBSP.2.WELEC;SVK;2015;100;;
SCHBSP.2.WELEC;SVK;2016;100;;
SCHBSP.2.WELEC;SVK;2017;100;;
SCHBSP.2.WELEC;SVK;2018;100;;
SCHBSP.2.WELEC;SVK;2019;100;;
SCHBSP.2.WELEC;SVK;2020;100;;
SCHBSP.2.WELEC;SVK;2021;100;;
SCHBSP.2.WELEC;SVK;2022;100;;
SCHBSP.2.WELEC;SVK;2023;100;;
SCHBSP.2.WELEC;SVK;2024;100;;
SCHBSP.2.WELEC;SVN;2000;100;;
SCHBSP.2.WELEC;SVN;2001;100;;
SCHBSP.2.WELEC;SVN;2002;100;;
SCHBSP.2.WELEC;SVN;2003;100;;
SCHBSP.2.WELEC;SVN;2004;100;;
SCHBSP.2.WELEC;SVN;2005;100;;
SCHBSP.2.WELEC;SVN;2006;100;;
SCHBSP.2.WELEC;SVN;2007;100;;
SCHBSP.2.WELEC;SVN;2008;100;;
SCHBSP.2.WELEC;SVN;2009;100;;
SCHBSP.2.WELEC;SVN;2010;100;;
SCHBSP.2.WELEC;SVN;2011;100;;
SCHBSP.2.WELEC;SVN;2012;100;;
SCHBSP.2.WELEC;SVN;2013;100;;
SCHBSP.2.WELEC;SVN;2014;100;;
SCHBSP.2.WELEC;SVN;2015;100;;
SCHBSP.2.WELEC;SVN;2016;100;;
SCHBSP.2.WELEC;SVN;2017;100;;
SCHBSP.2.WELEC;SVN;2018;100;;
SCHBSP.2.WELEC;SVN;2019;100;;
SCHBSP.2.WELEC;SVN;2020;100;;
SCHBSP.2.WELEC;SVN;2021;100;;
SCHBSP.2.WELEC;SVN;2022;100;;
SCHBSP.2.WELEC;SWE;2017;100;;
SCHBSP.2.WELEC;SWE;2018;100;;
SCHBSP.2.WELEC;SWE;2019;100;;
SCHBSP.2.WELEC;SWE;2020;100;;
SCHBSP.2.WELEC;SWE;2021;100;;
SCHBSP.2.WELEC;SWZ;2015;92.831541218638;;
SCHBSP.2.WELEC;SWZ;2016;96.89655172413794;;
SCHBSP.2.WELEC;SWZ;2017;100;;
SCHBSP.2.WELEC;SWZ;2018;100;;
SCHBSP.2.WELEC;SWZ;2019;93.06930693069307;;
SCHBSP.2.WELEC;SWZ;2022;89.1640866873065;;
SCHBSP.2.WELEC;SWZ;2023;98.17073170731707;;
SCHBSP.2.WELEC;SXM;2010;100;;
SCHBSP.2.WELEC;SYC;2016;100;;
SCHBSP.2.WELEC;SYC;2017;100;;
SCHBSP.2.WELEC;SYC;2018;100;;
SCHBSP.2.WELEC;SYC;2019;100;;
SCHBSP.2.WELEC;SYC;2020;100;;
SCHBSP.2.WELEC;SYC;2021;100;;
SCHBSP.2.WELEC;SYC;2022;100;;
SCHBSP.2.WELEC;SYC;2023;100;;
SCHBSP.2.WELEC;SYC;2024;100;;
SCHBSP.2.WELEC;SYR;2020;81.09432220458984;;
SCHBSP.2.WELEC;SYR;2022;81.1860122680664;;
SCHBSP.2.WELEC;SYR;2023;83.573486328125;;
SCHBSP.2.WELEC;SYR;2024;87.45417785644531;;
SCHBSP.2.WELEC;TCA;2010;100;;
SCHBSP.2.WELEC;TCA;2018;100;;
SCHBSP.2.WELEC;TCA;2022;94.1176528930664;;
SCHBSP.2.WELEC;TCA;2023;100;;
SCHBSP.2.WELEC;TCD;2017;11.11962985992432;;
SCHBSP.2.WELEC;TCD;2018;8.165057067603161;;
SCHBSP.2.WELEC;TCD;2019;8.270676691729323;;
SCHBSP.2.WELEC;TCD;2020;8.035190615835777;;
SCHBSP.2.WELEC;TCD;2021;7.409410492157924;;
SCHBSP.2.WELEC;TCD;2022;8.087091757387247;;
SCHBSP.2.WELEC;TCD;2023;22.48664093017578;;
SCHBSP.2.WELEC;TCD;2024;7.844990548204159;;
SCHBSP.2.WELEC;TGO;2017;65.56064073226545;;
SCHBSP.2.WELEC;TGO;2018;53.71104815864023;;
SCHBSP.2.WELEC;TGO;2019;43.15900686740623;;
SCHBSP.2.WELEC;TGO;2020;46.46017699115044;;
SCHBSP.2.WELEC;TGO;2021;51.20817843866171;;
SCHBSP.2.WELEC;TGO;2022;52.04444444444445;;
SCHBSP.2.WELEC;TGO;2023;64.64516129032259;;
SCHBSP.2.WELEC;TGO;2024;67.23684210526316;;
SCHBSP.2.WELEC;THA;2011;100;;
SCHBSP.2.WELEC;THA;2019;99.53167574931881;;
SCHBSP.2.WELEC;THA;2020;99.52690166975881;;
SCHBSP.2.WELEC;THA;2021;99.72166998011929;;
SCHBSP.2.WELEC;THA;2022;99.81103928393834;;
SCHBSP.2.WELEC;THA;2023;99.7713717693837;;
SCHBSP.2.WELEC;THA;2024;99.79121097633724;;
SCHBSP.2.WELEC;THA;2025;99.88062077198568;;
SCHBSP.2.WELEC;TKL;2019;100;;
SCHBSP.2.WELEC;TKL;2020;100;;
SCHBSP.2.WELEC;TKL;2021;100;;
SCHBSP.2.WELEC;TKL;2023;100;;
SCHBSP.2.WELEC;TKL;2024;100;;
SCHBSP.2.WELEC;TKM;2019;100;;
SCHBSP.2.WELEC;TKM;2020;100;;
SCHBSP.2.WELEC;TKM;2021;100;;
SCHBSP.2.WELEC;TKM;2022;100;;
SCHBSP.2.WELEC;TKM;2023;100;;
SCHBSP.2.WELEC;TKM;2024;100;;
SCHBSP.2.WELEC;TLS;2011;100;;
SCHBSP.2.WELEC;TLS;2018;82.13728549141965;;
SCHBSP.2.WELEC;TLS;2019;84.19003115264798;;
SCHBSP.2.WELEC;TLS;2023;100;;
SCHBSP.2.WELEC;TON;2020;96.36363636363636;;
SCHBSP.2.WELEC;TON;2021;88.37209302325581;;
SCHBSP.2.WELEC;TON;2022;86.36363636363636;;
SCHBSP.2.WELEC;TON;2023;100;;
SCHBSP.2.WELEC;TON;2024;100;;
SCHBSP.2.WELEC;TTO;2009;100;;
SCHBSP.2.WELEC;TUN;2017;100;;
SCHBSP.2.WELEC;TUN;2018;100;;
SCHBSP.2.WELEC;TUN;2020;99.69355773925781;;
SCHBSP.2.WELEC;TUN;2021;100;;
SCHBSP.2.WELEC;TUN;2022;100;;
SCHBSP.2.WELEC;TUN;2023;100;;
SCHBSP.2.WELEC;TUR;2013;100;;
SCHBSP.2.WELEC;TUR;2014;100;;
SCHBSP.2.WELEC;TUR;2015;100;;
SCHBSP.2.WELEC;TUR;2016;100;;
SCHBSP.2.WELEC;TUR;2017;100;;
SCHBSP.2.WELEC;TUR;2018;100;;
SCHBSP.2.WELEC;TUR;2019;100;;
SCHBSP.2.WELEC;TUR;2020;100;;
SCHBSP.2.WELEC;TUR;2021;100;;
SCHBSP.2.WELEC;TUR;2022;100;;
SCHBSP.2.WELEC;TUV;2016;100;UIS_EST;
SCHBSP.2.WELEC;TUV;2018;100;;
SCHBSP.2.WELEC;TUV;2019;100;;
SCHBSP.2.WELEC;TUV;2020;100;;
SCHBSP.2.WELEC;TUV;2021;91.66667175292969;;
SCHBSP.2.WELEC;TUV;2022;91.66666666666666;;
SCHBSP.2.WELEC;TUV;2023;91.66666666666666;;
SCHBSP.2.WELEC;TUV;2024;100;;
SCHBSP.2.WELEC;TUV;2025;100;;
SCHBSP.2.WELEC;TZA;2020;69.84249877929688;;
SCHBSP.2.WELEC;TZA;2021;74.92330932617188;;
SCHBSP.2.WELEC;TZA;2024;81.4324453660871;;
SCHBSP.2.WELEC;UIS: Arab States;2015;86.75314331054688;UIS_EST;
SCHBSP.2.WELEC;UIS: Arab States;2016;86.97855377197266;;
SCHBSP.2.WELEC;UIS: Arab States;2017;86.069091796875;UIS_EST;
SCHBSP.2.WELEC;UIS: Arab States;2018;85.54319763183594;UIS_EST;
SCHBSP.2.WELEC;UIS: Arab States;2019;92.07772827148438;UIS_EST;
SCHBSP.2.WELEC;UIS: Arab States;2020;91.41851806640625;UIS_EST;
SCHBSP.2.WELEC;UIS: Arab States;2021;89.37660217285156;;
SCHBSP.2.WELEC;UIS: Arab States;2022;88.04676818847656;UIS_EST;
SCHBSP.2.WELEC;UIS: Arab States;2023;86.71270751953125;UIS_EST;
SCHBSP.2.WELEC;UIS: Arab States;2024;90.57135009765625;;
SCHBSP.2.WELEC;UIS: Central Asia;2016;99.71845245361328;UIS_EST;
SCHBSP.2.WELEC;UIS: Central Asia;2017;99.77558135986328;;
SCHBSP.2.WELEC;UIS: Central Asia;2018;99.82701110839844;;
SCHBSP.2.WELEC;UIS: Central Asia;2019;99.87299346923828;;
SCHBSP.2.WELEC;UIS: Central Asia;2020;99.91393280029297;;
SCHBSP.2.WELEC;UIS: Central Asia;2021;99.94844055175781;;
SCHBSP.2.WELEC;UIS: Central Asia;2022;99.97714233398438;UIS_EST;
SCHBSP.2.WELEC;UIS: Central Asia;2023;100;UIS_EST;
SCHBSP.2.WELEC;UIS: Central Asia;2024;100;;
SCHBSP.2.WELEC;UIS: Central and Eastern Europe;2015;99.75849914550781;UIS_EST;
SCHBSP.2.WELEC;UIS: Central and Eastern Europe;2016;99.75475311279297;UIS_EST;
SCHBSP.2.WELEC;UIS: Central and Eastern Europe;2017;99.75611114501953;UIS_EST;
SCHBSP.2.WELEC;UIS: Central and Eastern Europe;2018;99.75166320800781;UIS_EST;
SCHBSP.2.WELEC;UIS: Central and Eastern Europe;2019;99.73927307128906;UIS_EST;
SCHBSP.2.WELEC;UIS: Central and Eastern Europe;2021;100;UIS_EST;
SCHBSP.2.WELEC;UIS: Central and Eastern Europe;2022;99.94210815429688;UIS_EST;
SCHBSP.2.WELEC;UIS: Central and Eastern Europe;2023;99.88304901123047;UIS_EST;
SCHBSP.2.WELEC;UIS: East Asia and the Pacific;2011;92.94660186767578;UIS_EST;
SCHBSP.2.WELEC;UIS: East Asia and the Pacific;2012;93.06397247314453;UIS_EST;
SCHBSP.2.WELEC;UIS: East Asia and the Pacific;2013;93.58907318115234;UIS_EST;
SCHBSP.2.WELEC;UIS: East Asia and the Pacific;2014;94.30162048339844;UIS_EST;
SCHBSP.2.WELEC;UIS: East Asia and the Pacific;2015;95.18256378173828;UIS_EST;
SCHBSP.2.WELEC;UIS: East Asia and the Pacific;2016;96.1569595336914;UIS_EST;
SCHBSP.2.WELEC;UIS: East Asia and the Pacific;2017;96.09709167480469;;
SCHBSP.2.WELEC;UIS: East Asia and the Pacific;2018;96.55462646484375;;
SCHBSP.2.WELEC;UIS: East Asia and the Pacific;2019;96.8189468383789;UIS_EST;
SCHBSP.2.WELEC;UIS: East Asia and the Pacific;2020;97.03800201416016;UIS_EST;
SCHBSP.2.WELEC;UIS: East Asia and the Pacific;2021;96.98928833007812;UIS_EST;
SCHBSP.2.WELEC;UIS: East Asia and the Pacific;2022;97.20575714111328;UIS_EST;
SCHBSP.2.WELEC;UIS: East Asia and the Pacific;2023;97.40927124023438;;
SCHBSP.2.WELEC;UIS: East Asia and the Pacific;2024;97.46939086914062;;
SCHBSP.2.WELEC;UIS: Latin America and the Caribbean;2009;90.4055404663086;UIS_EST;
SCHBSP.2.WELEC;UIS: Latin America and the Caribbean;2010;90.1328125;UIS_EST;
SCHBSP.2.WELEC;UIS: Latin America and the Caribbean;2011;89.94589233398438;UIS_EST;
SCHBSP.2.WELEC;UIS: Latin America and the Caribbean;2012;89.75768280029297;UIS_EST;
SCHBSP.2.WELEC;UIS: Latin America and the Caribbean;2013;89.5486068725586;UIS_EST;
SCHBSP.2.WELEC;UIS: Latin America and the Caribbean;2014;89.3302993774414;UIS_EST;
SCHBSP.2.WELEC;UIS: Latin America and the Caribbean;2015;89.12744903564453;UIS_EST;
SCHBSP.2.WELEC;UIS: Latin America and the Caribbean;2016;88.8957290649414;UIS_EST;
SCHBSP.2.WELEC;UIS: Latin America and the Caribbean;2017;88.73831939697266;UIS_EST;
SCHBSP.2.WELEC;UIS: Latin America and the Caribbean;2018;88.45426940917969;UIS_EST;
SCHBSP.2.WELEC;UIS: Latin America and the Caribbean;2019;88.56861877441406;UIS_EST;
SCHBSP.2.WELEC;UIS: Latin America and the Caribbean;2020;88.1427230834961;UIS_EST;
SCHBSP.2.WELEC;UIS: Latin America and the Caribbean;2021;87.32029724121094;UIS_EST;
SCHBSP.2.WELEC;UIS: Latin America and the Caribbean;2022;86.95011138916016;UIS_EST;
SCHBSP.2.WELEC;UIS: North America and Western Europe;2014;100;UIS_EST;
SCHBSP.2.WELEC;UIS: North America and Western Europe;2015;100;;
SCHBSP.2.WELEC;UIS: North America and Western Europe;2016;100;UIS_EST;
SCHBSP.2.WELEC;UIS: North America and Western Europe;2017;100;UIS_EST;
SCHBSP.2.WELEC;UIS: North America and Western Europe;2019;100;;
SCHBSP.2.WELEC;UIS: North America and Western Europe;2020;100;UIS_EST;
SCHBSP.2.WELEC;UIS: South and West Asia;2011;61.47486114501953;UIS_EST;
SCHBSP.2.WELEC;UIS: South and West Asia;2012;61.34333038330078;;
SCHBSP.2.WELEC;UIS: South and West Asia;2013;61.57851028442383;UIS_EST;
SCHBSP.2.WELEC;UIS: South and West Asia;2014;61.87422943115234;UIS_EST;
SCHBSP.2.WELEC;UIS: South and West Asia;2015;62.20832061767578;UIS_EST;
SCHBSP.2.WELEC;UIS: South and West Asia;2016;62.58821105957031;;
SCHBSP.2.WELEC;UIS: South and West Asia;2017;64.64109802246094;;
SCHBSP.2.WELEC;UIS: South and West Asia;2018;66.84203338623047;;
SCHBSP.2.WELEC;UIS: South and West Asia;2019;75.26875305175781;;
SCHBSP.2.WELEC;UIS: South and West Asia;2020;82.2571792602539;;
SCHBSP.2.WELEC;UIS: South and West Asia;2021;82.39157104492188;;
SCHBSP.2.WELEC;UIS: South and West Asia;2022;85.64875030517578;;
SCHBSP.2.WELEC;UIS: South and West Asia;2023;86.55438995361328;;
SCHBSP.2.WELEC;UIS: South and West Asia;2024;86.63288879394531;;
SCHBSP.2.WELEC;UIS: Sub-Saharan Africa;2015;47.48358154296875;UIS_EST;
SCHBSP.2.WELEC;UIS: Sub-Saharan Africa;2016;47.19609069824219;UIS_EST;
SCHBSP.2.WELEC;UIS: Sub-Saharan Africa;2017;46.69269943237305;UIS_EST;
SCHBSP.2.WELEC;UIS: Sub-Saharan Africa;2018;46.24774169921875;UIS_EST;
SCHBSP.2.WELEC;UIS: Sub-Saharan Africa;2019;46.55310821533203;UIS_EST;
SCHBSP.2.WELEC;UIS: Sub-Saharan Africa;2020;47.63656997680664;UIS_EST;
SCHBSP.2.WELEC;UIS: Sub-Saharan Africa;2021;46.75843048095703;UIS_EST;
SCHBSP.2.WELEC;UIS: Sub-Saharan Africa;2022;47.66881942749023;UIS_EST;
SCHBSP.2.WELEC;UIS: Sub-Saharan Africa;2023;48.54335021972656;UIS_EST;
SCHBSP.2.WELEC;UIS: Sub-Saharan Africa;2024;48.96739959716797;UIS_EST;
SCHBSP.2.WELEC;UIS: World;2011;76.67326354980469;UIS_EST;
SCHBSP.2.WELEC;UIS: World;2012;76.50325775146484;UIS_EST;
SCHBSP.2.WELEC;UIS: World;2013;76.8939437866211;UIS_EST;
SCHBSP.2.WELEC;UIS: World;2014;77.31539916992188;UIS_EST;
SCHBSP.2.WELEC;UIS: World;2015;77.7742919921875;UIS_EST;
SCHBSP.2.WELEC;UIS: World;2016;78.27124786376953;UIS_EST;
SCHBSP.2.WELEC;UIS: World;2017;78.68860626220703;UIS_EST;
SCHBSP.2.WELEC;UIS: World;2018;79.22737884521484;UIS_EST;
SCHBSP.2.WELEC;UIS: World;2019;82.53958892822266;UIS_EST;
SCHBSP.2.WELEC;UIS: World;2020;85.22339630126953;UIS_EST;
SCHBSP.2.WELEC;UIS: World;2021;84.79535675048828;UIS_EST;
SCHBSP.2.WELEC;UIS: World;2022;85.84107208251953;UIS_EST;
SCHBSP.2.WELEC;UIS: World;2023;86.45635223388672;UIS_EST;
SCHBSP.2.WELEC;UIS: World;2024;86.75750732421875;UIS_EST;
SCHBSP.2.WELEC;UKR;2016;100;;
SCHBSP.2.WELEC;UKR;2017;100;;
SCHBSP.2.WELEC;UKR;2018;100;;
SCHBSP.2.WELEC;UKR;2019;100;;
SCHBSP.2.WELEC;UKR;2020;100;;
SCHBSP.2.WELEC;UKR;2021;100;;
SCHBSP.2.WELEC;UKR;2023;98.53340575774035;;
SCHBSP.2.WELEC;UKR;2024;97.968220890857;;
SCHBSP.2.WELEC;UNESCO: SIDS;2021;82.37370300292969;UIS_EST;
SCHBSP.2.WELEC;UNESCO: SIDS;2022;82.31334686279297;UIS_EST;
SCHBSP.2.WELEC;UNESCO: SIDS;2023;82.61799621582031;UIS_EST;
SCHBSP.2.WELEC;UNESCO: SIDS;2024;82.34197998046875;UIS_EST;
SCHBSP.2.WELEC;UNICEF: Africa;2015;56.16287994384766;UIS_EST;
SCHBSP.2.WELEC;UNICEF: Africa;2016;55.82508087158203;UIS_EST;
SCHBSP.2.WELEC;UNICEF: Africa;2017;55.30665969848633;UIS_EST;
SCHBSP.2.WELEC;UNICEF: Africa;2018;54.58634185791016;UIS_EST;
SCHBSP.2.WELEC;UNICEF: Africa;2019;54.31652069091797;UIS_EST;
SCHBSP.2.WELEC;UNICEF: Africa;2020;55.05118179321289;UIS_EST;
SCHBSP.2.WELEC;UNICEF: Africa;2021;53.96419906616211;UIS_EST;
SCHBSP.2.WELEC;UNICEF: Africa;2022;53.94625091552734;UIS_EST;
SCHBSP.2.WELEC;UNICEF: Africa;2023;55.23283004760742;UIS_EST;
SCHBSP.2.WELEC;UNICEF: Africa;2024;55.7294807434082;UIS_EST;
SCHBSP.2.WELEC;UNICEF: All UNICEF Countries;2011;73.04393768310547;UIS_EST;
SCHBSP.2.WELEC;UNICEF: All UNICEF Countries;2012;72.85899353027344;UIS_EST;
SCHBSP.2.WELEC;UNICEF: All UNICEF Countries;2013;73.24848937988281;UIS_EST;
SCHBSP.2.WELEC;UNICEF: All UNICEF Countries;2014;73.67877197265625;UIS_EST;
SCHBSP.2.WELEC;UNICEF: All UNICEF Countries;2015;74.14173889160156;UIS_EST;
SCHBSP.2.WELEC;UNICEF: All UNICEF Countries;2016;74.63774108886719;UIS_EST;
SCHBSP.2.WELEC;UNICEF: All UNICEF Countries;2017;75.22364807128906;;
SCHBSP.2.WELEC;UNICEF: All UNICEF Countries;2018;75.93585205078125;;
SCHBSP.2.WELEC;UNICEF: All UNICEF Countries;2019;79.77718353271484;UIS_EST;
SCHBSP.2.WELEC;UNICEF: All UNICEF Countries;2020;82.88050079345703;;
SCHBSP.2.WELEC;UNICEF: All UNICEF Countries;2021;82.40316009521484;;
SCHBSP.2.WELEC;UNICEF: All UNICEF Countries;2022;83.62149047851562;UIS_EST;
SCHBSP.2.WELEC;UNICEF: All UNICEF Countries;2023;84.3552017211914;UIS_EST;
SCHBSP.2.WELEC;UNICEF: All UNICEF Countries;2024;84.6989974975586;;
SCHBSP.2.WELEC;UNICEF: Association of South East Asian Nations (ASEAN);2011;87.99864959716797;UIS_EST;
SCHBSP.2.WELEC;UNICEF: Association of South East Asian Nations (ASEAN);2012;88.25765228271484;UIS_EST;
SCHBSP.2.WELEC;UNICEF: Association of South East Asian Nations (ASEAN);2013;89.51078796386719;UIS_EST;
SCHBSP.2.WELEC;UNICEF: Association of South East Asian Nations (ASEAN);2014;91.04012298583984;UIS_EST;
SCHBSP.2.WELEC;UNICEF: Association of South East Asian Nations (ASEAN);2015;92.79994201660156;UIS_EST;
SCHBSP.2.WELEC;UNICEF: Association of South East Asian Nations (ASEAN);2016;94.65615844726562;;
SCHBSP.2.WELEC;UNICEF: Association of South East Asian Nations (ASEAN);2017;94.61511993408203;;
SCHBSP.2.WELEC;UNICEF: Association of South East Asian Nations (ASEAN);2018;95.34266662597656;;
SCHBSP.2.WELEC;UNICEF: Association of South East Asian Nations (ASEAN);2019;95.69132232666016;UIS_EST;
SCHBSP.2.WELEC;UNICEF: Association of South East Asian Nations (ASEAN);2020;95.89232635498047;UIS_EST;
SCHBSP.2.WELEC;UNICEF: Association of South East Asian Nations (ASEAN);2021;95.62351989746094;UIS_EST;
SCHBSP.2.WELEC;UNICEF: Association of South East Asian Nations (ASEAN);2022;95.91239929199219;UIS_EST;
SCHBSP.2.WELEC;UNICEF: Association of South East Asian Nations (ASEAN);2023;96.19338989257812;;
SCHBSP.2.WELEC;UNICEF: Association of South East Asian Nations (ASEAN);2024;96.32733917236328;;
SCHBSP.2.WELEC;UNICEF: Central and Eastern Europe/Commonwealth of Independent States;2016;99.75322723388672;UIS_EST;
SCHBSP.2.WELEC;UNICEF: Central and Eastern Europe/Commonwealth of Independent States;2017;99.75921630859375;UIS_EST;
SCHBSP.2.WELEC;UNICEF: Central and Eastern Europe/Commonwealth of Independent States;2018;99.76567840576172;UIS_EST;
SCHBSP.2.WELEC;UNICEF: Central and Eastern Europe/Commonwealth of Independent States;2019;99.7602767944336;UIS_EST;
SCHBSP.2.WELEC;UNICEF: Central and Eastern Europe/Commonwealth of Independent States;2020;99.98654174804688;UIS_EST;
SCHBSP.2.WELEC;UNICEF: Central and Eastern Europe/Commonwealth of Independent States;2021;99.99088287353516;UIS_EST;
SCHBSP.2.WELEC;UNICEF: Central and Eastern Europe/Commonwealth of Independent States;2022;99.94547271728516;UIS_EST;
SCHBSP.2.WELEC;UNICEF: Central and Eastern Europe/Commonwealth of Independent States;2023;99.89959716796875;UIS_EST;
SCHBSP.2.WELEC;UNICEF: East Asia and Pacific;2011;92.91178131103516;UIS_EST;
SCHBSP.2.WELEC;UNICEF: East Asia and Pacific;2012;93.02864074707031;UIS_EST;
SCHBSP.2.WELEC;UNICEF: East Asia and Pacific;2013;93.55545806884766;UIS_EST;
SCHBSP.2.WELEC;UNICEF: East Asia and Pacific;2014;94.26956176757812;UIS_EST;
SCHBSP.2.WELEC;UNICEF: East Asia and Pacific;2015;95.15184020996094;UIS_EST;
SCHBSP.2.WELEC;UNICEF: East Asia and Pacific;2016;96.1274185180664;UIS_EST;
SCHBSP.2.WELEC;UNICEF: East Asia and Pacific;2017;96.07440185546875;;
SCHBSP.2.WELEC;UNICEF: East Asia and Pacific;2018;96.5367431640625;;
SCHBSP.2.WELEC;UNICEF: East Asia and Pacific;2019;96.80513000488281;UIS_EST;
SCHBSP.2.WELEC;UNICEF: East Asia and Pacific;2020;97.0271987915039;UIS_EST;
SCHBSP.2.WELEC;UNICEF: East Asia and Pacific;2021;96.98017883300781;UIS_EST;
SCHBSP.2.WELEC;UNICEF: East Asia and Pacific;2022;97.19788360595703;UIS_EST;
SCHBSP.2.WELEC;UNICEF: East Asia and Pacific;2023;97.40171813964844;;
SCHBSP.2.WELEC;UNICEF: East Asia and Pacific;2024;97.46199798583984;;
SCHBSP.2.WELEC;UNICEF: East Asia and the Pacific Programme Countries;2011;92.42398071289062;UIS_EST;
SCHBSP.2.WELEC;UNICEF: East Asia and the Pacific Programme Countries;2012;92.55999755859375;UIS_EST;
SCHBSP.2.WELEC;UNICEF: East Asia and the Pacific Programme Countries;2013;93.14533996582031;UIS_EST;
SCHBSP.2.WELEC;UNICEF: East Asia and the Pacific Programme Countries;2014;93.94029235839844;UIS_EST;
SCHBSP.2.WELEC;UNICEF: East Asia and the Pacific Programme Countries;2015;94.92294311523438;UIS_EST;
SCHBSP.2.WELEC;UNICEF: East Asia and the Pacific Programme Countries;2016;96.0106201171875;UIS_EST;
SCHBSP.2.WELEC;UNICEF: East Asia and the Pacific Programme Countries;2017;95.9208984375;;
SCHBSP.2.WELEC;UNICEF: East Asia and the Pacific Programme Countries;2018;96.39723205566406;;
SCHBSP.2.WELEC;UNICEF: East Asia and the Pacific Programme Countries;2019;96.67424774169922;UIS_EST;
SCHBSP.2.WELEC;UNICEF: East Asia and the Pacific Programme Countries;2020;96.89575958251953;UIS_EST;
SCHBSP.2.WELEC;UNICEF: East Asia and the Pacific Programme Countries;2021;96.83397674560547;UIS_EST;
SCHBSP.2.WELEC;UNICEF: East Asia and the Pacific Programme Countries;2022;97.04926300048828;UIS_EST;
SCHBSP.2.WELEC;UNICEF: East Asia and the Pacific Programme Countries;2023;97.25316619873047;;
SCHBSP.2.WELEC;UNICEF: East Asia and the Pacific Programme Countries;2024;97.32086181640625;;
SCHBSP.2.WELEC;UNICEF: Eastern Europe and Central Asia;2016;99.75322723388672;UIS_EST;
SCHBSP.2.WELEC;UNICEF: Eastern Europe and Central Asia;2017;99.75921630859375;UIS_EST;
SCHBSP.2.WELEC;UNICEF: Eastern Europe and Central Asia;2018;99.76567840576172;UIS_EST;
SCHBSP.2.WELEC;UNICEF: Eastern Europe and Central Asia;2019;99.7602767944336;UIS_EST;
SCHBSP.2.WELEC;UNICEF: Eastern Europe and Central Asia;2020;99.98654174804688;UIS_EST;
SCHBSP.2.WELEC;UNICEF: Eastern Europe and Central Asia;2021;99.99088287353516;UIS_EST;
SCHBSP.2.WELEC;UNICEF: Eastern Europe and Central Asia;2022;99.94547271728516;UIS_EST;
SCHBSP.2.WELEC;UNICEF: Eastern Europe and Central Asia;2023;99.89959716796875;UIS_EST;
SCHBSP.2.WELEC;UNICEF: Eastern and Southern Africa;2015;58.24636840820313;UIS_EST;
SCHBSP.2.WELEC;UNICEF: Eastern and Southern Africa;2016;58.27753829956055;UIS_EST;
SCHBSP.2.WELEC;UNICEF: Eastern and Southern Africa;2017;58.19612121582031;UIS_EST;
SCHBSP.2.WELEC;UNICEF: Eastern and Southern Africa;2019;58.73022842407227;UIS_EST;
SCHBSP.2.WELEC;UNICEF: Eastern and Southern Africa;2020;60.7005615234375;UIS_EST;
SCHBSP.2.WELEC;UNICEF: Eastern and Southern Africa;2022;63.41653060913086;UIS_EST;
SCHBSP.2.WELEC;UNICEF: Economic Community of Central African States (ECCAS);2014;23.92181968688965;UIS_EST;
SCHBSP.2.WELEC;UNICEF: Economic Community of Central African States (ECCAS);2015;24.33617973327637;;
SCHBSP.2.WELEC;UNICEF: Economic Community of Central African States (ECCAS);2016;23.79837989807129;UIS_EST;
SCHBSP.2.WELEC;UNICEF: Economic Community of Central African States (ECCAS);2017;22.07670974731445;UIS_EST;
SCHBSP.2.WELEC;UNICEF: Economic Community of Central African States (ECCAS);2018;21.07183074951172;UIS_EST;
SCHBSP.2.WELEC;UNICEF: Economic Community of Central African States (ECCAS);2019;19.74138069152832;UIS_EST;
SCHBSP.2.WELEC;UNICEF: Economic Community of Central African States (ECCAS);2020;18.52140998840332;UIS_EST;
SCHBSP.2.WELEC;UNICEF: Economic Community of Central African States (ECCAS);2021;16.33083915710449;;
SCHBSP.2.WELEC;UNICEF: Economic Community of Central African States (ECCAS);2022;19.21039009094238;UIS_EST;
SCHBSP.2.WELEC;UNICEF: Economic Community of Central African States (ECCAS);2023;21.76178932189941;;
SCHBSP.2.WELEC;UNICEF: Economic Community of Central African States (ECCAS);2024;21.45148086547852;UIS_EST;
SCHBSP.2.WELEC;UNICEF: Economic Community of West African States (ECOWAS);2017;53.36690902709961;UIS_EST;
SCHBSP.2.WELEC;UNICEF: Economic Community of West African States (ECOWAS);2018;53.19210052490234;UIS_EST;
SCHBSP.2.WELEC;UNICEF: Economic Community of West African States (ECOWAS);2019;55.2823600769043;UIS_EST;
SCHBSP.2.WELEC;UNICEF: Economic Community of West African States (ECOWAS);2020;58.50645065307617;UIS_EST;
SCHBSP.2.WELEC;UNICEF: Economic Community of West African States (ECOWAS);2021;58.53179931640625;UIS_EST;
SCHBSP.2.WELEC;UNICEF: Economic Community of West African States (ECOWAS);2022;59.3011589050293;UIS_EST;
SCHBSP.2.WELEC;UNICEF: Europe and Central Asia;2012;99.87953186035156;UIS_EST;
SCHBSP.2.WELEC;UNICEF: Europe and Central Asia;2013;99.87825012207031;UIS_EST;
SCHBSP.2.WELEC;UNICEF: Europe and Central Asia;2014;99.87680053710938;UIS_EST;
SCHBSP.2.WELEC;UNICEF: Europe and Central Asia;2015;99.87560272216797;UIS_EST;
SCHBSP.2.WELEC;UNICEF: Europe and Central Asia;2016;99.87480163574219;UIS_EST;
SCHBSP.2.WELEC;UNICEF: Europe and Central Asia;2017;99.87760162353516;UIS_EST;
SCHBSP.2.WELEC;UNICEF: Europe and Central Asia;2018;99.87909698486328;UIS_EST;
SCHBSP.2.WELEC;UNICEF: Europe and Central Asia;2019;99.87592315673828;UIS_EST;
SCHBSP.2.WELEC;UNICEF: Europe and Central Asia;2020;99.99310302734375;UIS_EST;
SCHBSP.2.WELEC;UNICEF: Europe and Central Asia;2021;99.99535369873047;UIS_EST;
SCHBSP.2.WELEC;UNICEF: Europe and Central Asia;2022;99.97216796875;UIS_EST;
SCHBSP.2.WELEC;UNICEF: Europe and Central Asia;2023;99.94889831542969;UIS_EST;
SCHBSP.2.WELEC;UNICEF: Europe and Central Asia Programme Countries;2015;99.80242156982422;UIS_EST;
SCHBSP.2.WELEC;UNICEF: Europe and Central Asia Programme Countries;2016;99.79786682128906;UIS_EST;
SCHBSP.2.WELEC;UNICEF: Europe and Central Asia Programme Countries;2017;99.8069076538086;;
SCHBSP.2.WELEC;UNICEF: Europe and Central Asia Programme Countries;2018;99.8167495727539;;
SCHBSP.2.WELEC;UNICEF: Europe and Central Asia Programme Countries;2019;99.81912231445312;;
SCHBSP.2.WELEC;UNICEF: Europe and Central Asia Programme Countries;2020;99.97942352294922;;
SCHBSP.2.WELEC;UNICEF: Europe and Central Asia Programme Countries;2021;99.98603057861328;;
SCHBSP.2.WELEC;UNICEF: Europe and Central Asia Programme Countries;2022;99.94645690917969;UIS_EST;
SCHBSP.2.WELEC;UNICEF: Europe and Central Asia Programme Countries;2023;99.90603637695312;UIS_EST;
SCHBSP.2.WELEC;UNICEF: Europe and Central Asia Programme Countries;2024;99.86666107177734;UIS_EST;
SCHBSP.2.WELEC;UNICEF: Gulf Area;2015;100;UIS_EST;
SCHBSP.2.WELEC;UNICEF: Gulf Area;2016;100;;
SCHBSP.2.WELEC;UNICEF: Gulf Area;2017;100;;
SCHBSP.2.WELEC;UNICEF: Gulf Area;2018;100;;
SCHBSP.2.WELEC;UNICEF: Gulf Area;2019;100;;
SCHBSP.2.WELEC;UNICEF: Gulf Area;2020;100;;
SCHBSP.2.WELEC;UNICEF: Gulf Area;2021;100;;
SCHBSP.2.WELEC;UNICEF: Gulf Area;2022;100;;
SCHBSP.2.WELEC;UNICEF: Gulf Area;2023;100;UIS_EST;
SCHBSP.2.WELEC;UNICEF: Gulf Area;2024;100;;
SCHBSP.2.WELEC;UNICEF: Latin America and Caribbean;2009;90.62117004394531;UIS_EST;
SCHBSP.2.WELEC;UNICEF: Latin America and Caribbean;2010;90.3290023803711;UIS_EST;
SCHBSP.2.WELEC;UNICEF: Latin America and Caribbean;2011;90.1497573852539;UIS_EST;
SCHBSP.2.WELEC;UNICEF: Latin America and Caribbean;2012;89.97029876708984;UIS_EST;
SCHBSP.2.WELEC;UNICEF: Latin America and Caribbean;2013;89.75631713867188;UIS_EST;
SCHBSP.2.WELEC;UNICEF: Latin America and Caribbean;2014;89.53299713134766;UIS_EST;
SCHBSP.2.WELEC;UNICEF: Latin America and Caribbean;2015;89.32569885253906;UIS_EST;
SCHBSP.2.WELEC;UNICEF: Latin America and Caribbean;2016;89.08985900878906;UIS_EST;
SCHBSP.2.WELEC;UNICEF: Latin America and Caribbean;2017;88.92816925048828;UIS_EST;
SCHBSP.2.WELEC;UNICEF: Latin America and Caribbean;2018;88.6395492553711;UIS_EST;
SCHBSP.2.WELEC;UNICEF: Latin America and Caribbean;2019;88.74983215332031;UIS_EST;
SCHBSP.2.WELEC;UNICEF: Latin America and Caribbean;2020;88.31790924072266;UIS_EST;
SCHBSP.2.WELEC;UNICEF: Latin America and Caribbean;2021;87.48584747314453;UIS_EST;
SCHBSP.2.WELEC;UNICEF: Latin America and Caribbean;2022;87.10906982421875;UIS_EST;
SCHBSP.2.WELEC;UNICEF: Middle East and North Africa;2011;98.26019287109375;UIS_EST;
SCHBSP.2.WELEC;UNICEF: Middle East and North Africa;2012;98.25237274169922;UIS_EST;
SCHBSP.2.WELEC;UNICEF: Middle East and North Africa;2013;98.28560638427734;UIS_EST;
SCHBSP.2.WELEC;UNICEF: Middle East and North Africa;2015;98.30345916748047;UIS_EST;
SCHBSP.2.WELEC;UNICEF: Middle East and North Africa;2016;98.3118667602539;UIS_EST;
SCHBSP.2.WELEC;UNICEF: Middle East and North Africa;2017;97.78630828857422;UIS_EST;
SCHBSP.2.WELEC;UNICEF: Middle East and North Africa;2018;97.25151824951172;UIS_EST;
SCHBSP.2.WELEC;UNICEF: Middle East and North Africa;2019;96.71125793457031;UIS_EST;
SCHBSP.2.WELEC;UNICEF: Middle East and North Africa;2020;96.2131576538086;UIS_EST;
SCHBSP.2.WELEC;UNICEF: Middle East and North Africa;2021;95.6559829711914;UIS_EST;
SCHBSP.2.WELEC;UNICEF: Middle East and North Africa;2022;95.89134216308594;UIS_EST;
SCHBSP.2.WELEC;UNICEF: Middle East and North Africa;2023;95.18241882324219;UIS_EST;
SCHBSP.2.WELEC;UNICEF: Middle East and North Africa;2024;95.39810943603516;UIS_EST;
SCHBSP.2.WELEC;UNICEF: Middle East and North Africa Programme Countries;2011;89.8408432006836;UIS_EST;
SCHBSP.2.WELEC;UNICEF: Middle East and North Africa Programme Countries;2012;89.81581115722656;UIS_EST;
SCHBSP.2.WELEC;UNICEF: Middle East and North Africa Programme Countries;2015;90.1933364868164;UIS_EST;
SCHBSP.2.WELEC;UNICEF: Middle East and North Africa Programme Countries;2016;90.30548858642578;UIS_EST;
SCHBSP.2.WELEC;UNICEF: Middle East and North Africa Programme Countries;2017;89.57955932617188;UIS_EST;
SCHBSP.2.WELEC;UNICEF: Middle East and North Africa Programme Countries;2018;89.16230010986328;UIS_EST;
SCHBSP.2.WELEC;UNICEF: Middle East and North Africa Programme Countries;2019;94.43448638916016;UIS_EST;
SCHBSP.2.WELEC;UNICEF: Middle East and North Africa Programme Countries;2020;93.994140625;UIS_EST;
SCHBSP.2.WELEC;UNICEF: Middle East and North Africa Programme Countries;2021;93.4780502319336;UIS_EST;
SCHBSP.2.WELEC;UNICEF: Middle East and North Africa Programme Countries;2022;93.6219711303711;UIS_EST;
SCHBSP.2.WELEC;UNICEF: Middle East and North Africa Programme Countries;2023;93.0920181274414;UIS_EST;
SCHBSP.2.WELEC;UNICEF: Middle East and North Africa Programme Countries;2024;93.30494689941406;UIS_EST;
SCHBSP.2.WELEC;UNICEF: North America;2014;100;UIS_EST;
SCHBSP.2.WELEC;UNICEF: North America;2015;100;;
SCHBSP.2.WELEC;UNICEF: North America;2016;100;UIS_EST;
SCHBSP.2.WELEC;UNICEF: North America;2017;100;UIS_EST;
SCHBSP.2.WELEC;UNICEF: North America;2019;100;;
SCHBSP.2.WELEC;UNICEF: North America;2020;100;UIS_EST;
SCHBSP.2.WELEC;UNICEF: South Asia;2011;59.9034309387207;UIS_EST;
SCHBSP.2.WELEC;UNICEF: South Asia;2012;59.84873962402344;;
SCHBSP.2.WELEC;UNICEF: South Asia;2013;60.01834869384766;UIS_EST;
SCHBSP.2.WELEC;UNICEF: South Asia;2014;60.24203872680664;UIS_EST;
SCHBSP.2.WELEC;UNICEF: South Asia;2015;60.49660873413086;UIS_EST;
SCHBSP.2.WELEC;UNICEF: South Asia;2016;60.7883186340332;;
SCHBSP.2.WELEC;UNICEF: South Asia;2017;62.978759765625;;
SCHBSP.2.WELEC;UNICEF: South Asia;2018;65.30845642089844;;
SCHBSP.2.WELEC;UNICEF: South Asia;2019;74.13307189941406;;
SCHBSP.2.WELEC;UNICEF: South Asia;2020;81.42186737060547;;
SCHBSP.2.WELEC;UNICEF: South Asia;2021;81.5631332397461;;
SCHBSP.2.WELEC;UNICEF: South Asia;2022;84.9669418334961;;
SCHBSP.2.WELEC;UNICEF: South Asia;2023;85.90727233886719;;
SCHBSP.2.WELEC;UNICEF: South Asia;2024;85.99810028076172;;
SCHBSP.2.WELEC;UNICEF: Sub-Saharan Africa;2015;48.30149078369141;UIS_EST;
SCHBSP.2.WELEC;UNICEF: Sub-Saharan Africa;2016;48.00967025756836;UIS_EST;
SCHBSP.2.WELEC;UNICEF: Sub-Saharan Africa;2017;47.58193969726563;UIS_EST;
SCHBSP.2.WELEC;UNICEF: Sub-Saharan Africa;2018;47.15480041503906;UIS_EST;
SCHBSP.2.WELEC;UNICEF: Sub-Saharan Africa;2019;46.79376983642578;UIS_EST;
SCHBSP.2.WELEC;UNICEF: Sub-Saharan Africa;2020;47.84304809570313;UIS_EST;
SCHBSP.2.WELEC;UNICEF: Sub-Saharan Africa;2021;47.06282043457031;UIS_EST;
SCHBSP.2.WELEC;UNICEF: Sub-Saharan Africa;2022;47.98669052124023;UIS_EST;
SCHBSP.2.WELEC;UNICEF: Sub-Saharan Africa;2023;48.85528182983398;UIS_EST;
SCHBSP.2.WELEC;UNICEF: Sub-Saharan Africa;2024;49.12139892578125;UIS_EST;
SCHBSP.2.WELEC;UNICEF: West and Central Africa;2014;41.81235885620117;UIS_EST;
SCHBSP.2.WELEC;UNICEF: West and Central Africa;2015;41.89712142944336;UIS_EST;
SCHBSP.2.WELEC;UNICEF: West and Central Africa;2016;41.69242095947266;UIS_EST;
SCHBSP.2.WELEC;UNICEF: West and Central Africa;2017;41.17697143554688;UIS_EST;
SCHBSP.2.WELEC;UNICEF: West and Central Africa;2018;40.85411071777344;UIS_EST;
SCHBSP.2.WELEC;UNICEF: West and Central Africa;2019;41.35140991210938;UIS_EST;
SCHBSP.2.WELEC;UNICEF: West and Central Africa;2020;42.46316909790039;UIS_EST;
SCHBSP.2.WELEC;UNICEF: West and Central Africa;2021;40.7263298034668;UIS_EST;
SCHBSP.2.WELEC;UNICEF: West and Central Africa;2022;42.02898025512695;UIS_EST;
SCHBSP.2.WELEC;UNICEF: West and Central Africa;2023;43.33687973022461;UIS_EST;
SCHBSP.2.WELEC;UNICEF: West and Central Africa;2024;43.38235855102539;UIS_EST;
SCHBSP.2.WELEC;UNICEF: Western Europe;2002;100;UIS_EST;
SCHBSP.2.WELEC;UNICEF: Western Europe;2005;100;UIS_EST;
SCHBSP.2.WELEC;UNICEF: Western Europe;2006;100;UIS_EST;
SCHBSP.2.WELEC;UNICEF: Western Europe;2009;100;UIS_EST;
SCHBSP.2.WELEC;UNICEF: Western Europe;2012;100;;
SCHBSP.2.WELEC;UNICEF: Western Europe;2015;100;;
SCHBSP.2.WELEC;UNICEF: Western Europe;2016;100;;
SCHBSP.2.WELEC;UNICEF: Western Europe;2017;100;UIS_EST;
SCHBSP.2.WELEC;UNICEF: Western Europe;2019;100;UIS_EST;
SCHBSP.2.WELEC;UNICEF: Western Europe;2020;100;UIS_EST;
SCHBSP.2.WELEC;UNICEF: Western Europe;2021;100;UIS_EST;
SCHBSP.2.WELEC;UNICEF: Western Europe;2022;100;UIS_EST;
SCHBSP.2.WELEC;UNICEF: World;2011;76.68116760253906;UIS_EST;
SCHBSP.2.WELEC;UNICEF: World;2012;76.51194763183594;UIS_EST;
SCHBSP.2.WELEC;UNICEF: World;2013;76.9030532836914;UIS_EST;
SCHBSP.2.WELEC;UNICEF: World;2014;77.32495880126953;UIS_EST;
SCHBSP.2.WELEC;UNICEF: World;2015;77.78433990478516;UIS_EST;
SCHBSP.2.WELEC;UNICEF: World;2016;78.28182983398438;UIS_EST;
SCHBSP.2.WELEC;UNICEF: World;2017;78.69918060302734;UIS_EST;
SCHBSP.2.WELEC;UNICEF: World;2018;79.23806762695312;UIS_EST;
SCHBSP.2.WELEC;UNICEF: World;2019;82.5538330078125;UIS_EST;
SCHBSP.2.WELEC;UNICEF: World;2020;85.2400894165039;UIS_EST;
SCHBSP.2.WELEC;UNICEF: World;2021;84.81095123291016;UIS_EST;
SCHBSP.2.WELEC;UNICEF: World;2022;85.8572998046875;UIS_EST;
SCHBSP.2.WELEC;UNICEF: World;2023;86.47267150878906;UIS_EST;
SCHBSP.2.WELEC;UNICEF: World;2024;86.77420806884766;UIS_EST;
SCHBSP.2.WELEC;URY;2009;100;;
SCHBSP.2.WELEC;URY;2015;100;;
SCHBSP.2.WELEC;URY;2016;100;;
SCHBSP.2.WELEC;URY;2017;100;;
SCHBSP.2.WELEC;URY;2018;100;;
SCHBSP.2.WELEC;URY;2019;100;;
SCHBSP.2.WELEC;URY;2020;100;;
SCHBSP.2.WELEC;URY;2021;100;;
SCHBSP.2.WELEC;URY;2022;100;;
SCHBSP.2.WELEC;URY;2023;100;;
SCHBSP.2.WELEC;USA;2015;100;;
SCHBSP.2.WELEC;USA;2019;100;;
SCHBSP.2.WELEC;UZB;2017;100;;
SCHBSP.2.WELEC;UZB;2018;99.92796871784317;;
SCHBSP.2.WELEC;UZB;2019;99.19173316963372;;
SCHBSP.2.WELEC;UZB;2020;99.79187314172448;;
SCHBSP.2.WELEC;UZB;2021;99.73480011786661;;
SCHBSP.2.WELEC;UZB;2022;99.81533676742151;;
SCHBSP.2.WELEC;UZB;2023;99.66736361908383;;
SCHBSP.2.WELEC;UZB;2024;100;;
SCHBSP.2.WELEC;UZB;2025;100;;
SCHBSP.2.WELEC;VCT;2010;100;;
SCHBSP.2.WELEC;VCT;2016;100;;
SCHBSP.2.WELEC;VCT;2017;100;;
SCHBSP.2.WELEC;VCT;2018;96.29630279541016;;
SCHBSP.2.WELEC;VEN;2010;53.78049087524414;;
SCHBSP.2.WELEC;VEN;2022;6.557380199432373;;
SCHBSP.2.WELEC;VEN;2024;93.59024047851562;;
SCHBSP.2.WELEC;VGB;2010;100;;
SCHBSP.2.WELEC;VGB;2016;100;;
SCHBSP.2.WELEC;VGB;2017;100;;
SCHBSP.2.WELEC;VGB;2018;100;;
SCHBSP.2.WELEC;VGB;2019;85.71428571428571;;
SCHBSP.2.WELEC;VGB;2020;85.71428571428571;;
SCHBSP.2.WELEC;VGB;2021;100;;
SCHBSP.2.WELEC;VGB;2022;100;;
SCHBSP.2.WELEC;VGB;2023;100;;
SCHBSP.2.WELEC;VGB;2024;100;;
SCHBSP.2.WELEC;VNM;2020;96.57381615598885;;
SCHBSP.2.WELEC;VNM;2021;92.07865689639179;;
SCHBSP.2.WELEC;VNM;2022;91.14288366911151;;
SCHBSP.2.WELEC;VNM;2023;95.27924914041446;;
SCHBSP.2.WELEC;VNM;2024;95.69632044713555;;
SCHBSP.2.WELEC;WB: Africa Eastern and Southern;2014;45.31047058105469;UIS_EST;
SCHBSP.2.WELEC;WB: Africa Eastern and Southern;2015;44.97525024414063;UIS_EST;
SCHBSP.2.WELEC;WB: Africa Eastern and Southern;2016;44.36420059204102;UIS_EST;
SCHBSP.2.WELEC;WB: Africa Eastern and Southern;2017;43.76404190063477;UIS_EST;
SCHBSP.2.WELEC;WB: Africa Eastern and Southern;2018;42.98044967651367;UIS_EST;
SCHBSP.2.WELEC;WB: Africa Eastern and Southern;2019;39.77359008789063;UIS_EST;
SCHBSP.2.WELEC;WB: Africa Eastern and Southern;2020;38.86246109008789;UIS_EST;
SCHBSP.2.WELEC;WB: Africa Eastern and Southern;2021;37.50495147705078;UIS_EST;
SCHBSP.2.WELEC;WB: Africa Eastern and Southern;2022;38.97555160522461;UIS_EST;
SCHBSP.2.WELEC;WB: Africa Eastern and Southern;2023;40.26398849487305;UIS_EST;
SCHBSP.2.WELEC;WB: Africa Eastern and Southern;2024;40.57284164428711;UIS_EST;
SCHBSP.2.WELEC;WB: Africa Western and Central;2016;52.35268020629883;UIS_EST;
SCHBSP.2.WELEC;WB: Africa Western and Central;2017;52.04291152954102;UIS_EST;
SCHBSP.2.WELEC;WB: Africa Western and Central;2018;51.89273071289063;UIS_EST;
SCHBSP.2.WELEC;WB: Africa Western and Central;2019;53.72557830810547;UIS_EST;
SCHBSP.2.WELEC;WB: Africa Western and Central;2020;56.50574111938477;UIS_EST;
SCHBSP.2.WELEC;WB: Africa Western and Central;2021;56.28477096557617;UIS_EST;
SCHBSP.2.WELEC;WB: Africa Western and Central;2022;56.93471145629883;UIS_EST;
SCHBSP.2.WELEC;WB: Arab World;2015;85.5987319946289;UIS_EST;
SCHBSP.2.WELEC;WB: Arab World;2016;85.787109375;;
SCHBSP.2.WELEC;WB: Arab World;2017;84.90384674072266;UIS_EST;
SCHBSP.2.WELEC;WB: Arab World;2018;84.36041259765625;UIS_EST;
SCHBSP.2.WELEC;WB: Arab World;2019;90.22399139404297;UIS_EST;
SCHBSP.2.WELEC;WB: Arab World;2020;89.65254211425781;UIS_EST;
SCHBSP.2.WELEC;WB: Arab World;2021;87.77587890625;UIS_EST;
SCHBSP.2.WELEC;WB: Arab World;2022;86.49752807617188;UIS_EST;
SCHBSP.2.WELEC;WB: Arab World;2023;85.39749908447266;UIS_EST;
SCHBSP.2.WELEC;WB: Arab World;2024;88.90493774414062;;
SCHBSP.2.WELEC;WB: Caribbean small states;2008;89.28658294677734;UIS_EST;
SCHBSP.2.WELEC;WB: Caribbean small states;2009;90.23124694824219;UIS_EST;
SCHBSP.2.WELEC;WB: Caribbean small states;2010;89.50933837890625;UIS_EST;
SCHBSP.2.WELEC;WB: Caribbean small states;2011;89.0738296508789;UIS_EST;
SCHBSP.2.WELEC;WB: Caribbean small states;2012;88.5014419555664;UIS_EST;
SCHBSP.2.WELEC;WB: Caribbean small states;2013;87.88899230957031;UIS_EST;
SCHBSP.2.WELEC;WB: Caribbean small states;2014;87.2494125366211;UIS_EST;
SCHBSP.2.WELEC;WB: Caribbean small states;2015;86.63967895507812;UIS_EST;
SCHBSP.2.WELEC;WB: Caribbean small states;2016;86.06050872802734;UIS_EST;
SCHBSP.2.WELEC;WB: Caribbean small states;2017;85.99918365478516;UIS_EST;
SCHBSP.2.WELEC;WB: Caribbean small states;2018;80.50679779052734;UIS_EST;
SCHBSP.2.WELEC;WB: Caribbean small states;2019;75.2175064086914;UIS_EST;
SCHBSP.2.WELEC;WB: Caribbean small states;2021;73.96681213378906;UIS_EST;
SCHBSP.2.WELEC;WB: Caribbean small states;2022;69.35513305664062;UIS_EST;
SCHBSP.2.WELEC;WB: Caribbean small states;2023;71.16934967041016;UIS_EST;
SCHBSP.2.WELEC;WB: Central Europe and the Baltics;2000;99.86195373535156;UIS_EST;
SCHBSP.2.WELEC;WB: Central Europe and the Baltics;2001;99.86282348632812;UIS_EST;
SCHBSP.2.WELEC;WB: Central Europe and the Baltics;2002;99.86331939697266;UIS_EST;
SCHBSP.2.WELEC;WB: Central Europe and the Baltics;2003;99.86437225341797;UIS_EST;
SCHBSP.2.WELEC;WB: Central Europe and the Baltics;2004;99.86563873291016;UIS_EST;
SCHBSP.2.WELEC;WB: Central Europe and the Baltics;2005;99.8658676147461;UIS_EST;
SCHBSP.2.WELEC;WB: Central Europe and the Baltics;2006;99.86621856689453;UIS_EST;
SCHBSP.2.WELEC;WB: Central Europe and the Baltics;2007;99.86316680908203;UIS_EST;
SCHBSP.2.WELEC;WB: Central Europe and the Baltics;2008;99.86283111572266;UIS_EST;
SCHBSP.2.WELEC;WB: Central Europe and the Baltics;2009;99.86298370361328;UIS_EST;
SCHBSP.2.WELEC;WB: Central Europe and the Baltics;2010;99.8631591796875;UIS_EST;
SCHBSP.2.WELEC;WB: Central Europe and the Baltics;2011;99.86630249023438;UIS_EST;
SCHBSP.2.WELEC;WB: Central Europe and the Baltics;2012;99.86824798583984;UIS_EST;
SCHBSP.2.WELEC;WB: Central Europe and the Baltics;2013;99.86981964111328;UIS_EST;
SCHBSP.2.WELEC;WB: Central Europe and the Baltics;2014;99.87140655517578;UIS_EST;
SCHBSP.2.WELEC;WB: Central Europe and the Baltics;2015;99.8727798461914;UIS_EST;
SCHBSP.2.WELEC;WB: Central Europe and the Baltics;2016;99.87413787841797;;
SCHBSP.2.WELEC;WB: Central Europe and the Baltics;2017;99.87348175048828;UIS_EST;
SCHBSP.2.WELEC;WB: Central Europe and the Baltics;2018;99.86144256591797;UIS_EST;
SCHBSP.2.WELEC;WB: Central Europe and the Baltics;2019;99.85147094726562;UIS_EST;
SCHBSP.2.WELEC;WB: Central Europe and the Baltics;2021;100;UIS_EST;
SCHBSP.2.WELEC;WB: Central Europe and the Baltics;2022;99.97833251953125;UIS_EST;
SCHBSP.2.WELEC;WB: Early-demographic dividend;2011;68.14373779296875;UIS_EST;
SCHBSP.2.WELEC;WB: Early-demographic dividend;2012;68.1081771850586;;
SCHBSP.2.WELEC;WB: Early-demographic dividend;2013;68.82144165039062;UIS_EST;
SCHBSP.2.WELEC;WB: Early-demographic dividend;2014;69.63793182373047;UIS_EST;
SCHBSP.2.WELEC;WB: Early-demographic dividend;2015;70.53778076171875;UIS_EST;
SCHBSP.2.WELEC;WB: Early-demographic dividend;2016;71.5327377319336;;
SCHBSP.2.WELEC;WB: Early-demographic dividend;2017;72.7402572631836;;
SCHBSP.2.WELEC;WB: Early-demographic dividend;2018;74.1588363647461;;
SCHBSP.2.WELEC;WB: Early-demographic dividend;2019;79.80477905273438;;
SCHBSP.2.WELEC;WB: Early-demographic dividend;2020;84.46723937988281;;
SCHBSP.2.WELEC;WB: Early-demographic dividend;2021;84.27867889404297;;
SCHBSP.2.WELEC;WB: Early-demographic dividend;2022;86.28646087646484;;
SCHBSP.2.WELEC;WB: Early-demographic dividend;2023;87.51859283447266;;
SCHBSP.2.WELEC;WB: Early-demographic dividend;2024;87.8478775024414;;
SCHBSP.2.WELEC;WB: East Asia & Pacific;2011;92.94091033935547;UIS_EST;
SCHBSP.2.WELEC;WB: East Asia & Pacific;2012;93.05780792236328;UIS_EST;
SCHBSP.2.WELEC;WB: East Asia & Pacific;2013;93.5810775756836;UIS_EST;
SCHBSP.2.WELEC;WB: East Asia & Pacific;2014;94.29122161865234;UIS_EST;
SCHBSP.2.WELEC;WB: East Asia & Pacific;2015;95.16928100585938;UIS_EST;
SCHBSP.2.WELEC;WB: East Asia & Pacific;2016;96.14067077636719;UIS_EST;
SCHBSP.2.WELEC;WB: East Asia & Pacific;2017;96.08722686767578;;
SCHBSP.2.WELEC;WB: East Asia & Pacific;2018;96.54801940917969;;
SCHBSP.2.WELEC;WB: East Asia & Pacific;2019;96.8152084350586;UIS_EST;
SCHBSP.2.WELEC;WB: East Asia & Pacific;2020;97.03662109375;UIS_EST;
SCHBSP.2.WELEC;WB: East Asia & Pacific;2021;96.9898681640625;UIS_EST;
SCHBSP.2.WELEC;WB: East Asia & Pacific;2022;97.20706176757812;UIS_EST;
SCHBSP.2.WELEC;WB: East Asia & Pacific;2023;97.41046142578125;;
SCHBSP.2.WELEC;WB: East Asia & Pacific;2024;97.4705810546875;;
SCHBSP.2.WELEC;WB: East Asia & Pacific (IDA & IBRD);2011;92.50370788574219;UIS_EST;
SCHBSP.2.WELEC;WB: East Asia & Pacific (IDA & IBRD);2012;92.64382934570312;UIS_EST;
SCHBSP.2.WELEC;WB: East Asia & Pacific (IDA & IBRD);2013;93.21858215332031;UIS_EST;
SCHBSP.2.WELEC;WB: East Asia & Pacific (IDA & IBRD);2014;94.01062774658203;UIS_EST;
SCHBSP.2.WELEC;WB: East Asia & Pacific (IDA & IBRD);2015;94.9963607788086;UIS_EST;
SCHBSP.2.WELEC;WB: East Asia & Pacific (IDA & IBRD);2016;96.09124755859375;UIS_EST;
SCHBSP.2.WELEC;WB: East Asia & Pacific (IDA & IBRD);2017;95.97566986083984;;
SCHBSP.2.WELEC;WB: East Asia & Pacific (IDA & IBRD);2018;96.44085693359375;;
SCHBSP.2.WELEC;WB: East Asia & Pacific (IDA & IBRD);2019;96.71443939208984;UIS_EST;
SCHBSP.2.WELEC;WB: East Asia & Pacific (IDA & IBRD);2020;96.92999267578125;UIS_EST;
SCHBSP.2.WELEC;WB: East Asia & Pacific (IDA & IBRD);2021;96.86679077148438;UIS_EST;
SCHBSP.2.WELEC;WB: East Asia & Pacific (IDA & IBRD);2022;97.0779800415039;UIS_EST;
SCHBSP.2.WELEC;WB: East Asia & Pacific (IDA & IBRD);2023;97.27710723876953;;
SCHBSP.2.WELEC;WB: East Asia & Pacific (IDA & IBRD);2024;97.34635162353516;;
SCHBSP.2.WELEC;WB: East Asia & Pacific (excluding high income);2011;92.4207763671875;UIS_EST;
SCHBSP.2.WELEC;WB: East Asia & Pacific (excluding high income);2012;92.55689239501953;UIS_EST;
SCHBSP.2.WELEC;WB: East Asia & Pacific (excluding high income);2013;93.1427230834961;UIS_EST;
SCHBSP.2.WELEC;WB: East Asia & Pacific (excluding high income);2014;93.93827056884766;UIS_EST;
SCHBSP.2.WELEC;WB: East Asia & Pacific (excluding high income);2015;94.9216079711914;UIS_EST;
SCHBSP.2.WELEC;WB: East Asia & Pacific (excluding high income);2016;96.01000213623047;UIS_EST;
SCHBSP.2.WELEC;WB: East Asia & Pacific (excluding high income);2017;95.92041778564453;;
SCHBSP.2.WELEC;WB: East Asia & Pacific (excluding high income);2018;96.39700317382812;;
SCHBSP.2.WELEC;WB: East Asia & Pacific (excluding high income);2019;96.67401123046875;UIS_EST;
SCHBSP.2.WELEC;WB: East Asia & Pacific (excluding high income);2020;96.89563751220703;UIS_EST;
SCHBSP.2.WELEC;WB: East Asia & Pacific (excluding high income);2021;96.83194732666016;UIS_EST;
SCHBSP.2.WELEC;WB: East Asia & Pacific (excluding high income);2022;97.04736328125;UIS_EST;
SCHBSP.2.WELEC;WB: East Asia & Pacific (excluding high income);2023;97.25137329101562;;
SCHBSP.2.WELEC;WB: East Asia & Pacific (excluding high income);2024;97.319091796875;;
SCHBSP.2.WELEC;WB: Euro area;2000;99.99597930908203;;
SCHBSP.2.WELEC;WB: Euro area;2001;99.9958724975586;;
SCHBSP.2.WELEC;WB: Euro area;2002;99.99581146240234;;
SCHBSP.2.WELEC;WB: Euro area;2003;99.99574279785156;;
SCHBSP.2.WELEC;WB: Euro area;2004;99.99565887451172;;
SCHBSP.2.WELEC;WB: Euro area;2005;99.99564361572266;;
SCHBSP.2.WELEC;WB: Euro area;2006;99.99561309814453;;
SCHBSP.2.WELEC;WB: Euro area;2007;99.99559783935547;;
SCHBSP.2.WELEC;WB: Euro area;2008;99.99559020996094;;
SCHBSP.2.WELEC;WB: Euro area;2009;99.99559783935547;;
SCHBSP.2.WELEC;WB: Euro area;2010;99.9955825805664;;
SCHBSP.2.WELEC;WB: Euro area;2011;99.99559020996094;;
SCHBSP.2.WELEC;WB: Euro area;2012;99.99556732177734;;
SCHBSP.2.WELEC;WB: Euro area;2013;99.99556732177734;;
SCHBSP.2.WELEC;WB: Euro area;2014;99.99553680419922;;
SCHBSP.2.WELEC;WB: Euro area;2015;99.99553680419922;;
SCHBSP.2.WELEC;WB: Euro area;2016;99.99555969238281;;
SCHBSP.2.WELEC;WB: Euro area;2017;99.99555206298828;;
SCHBSP.2.WELEC;WB: Euro area;2018;99.99552154541016;;
SCHBSP.2.WELEC;WB: Euro area;2019;99.99520874023438;;
SCHBSP.2.WELEC;WB: Euro area;2020;100;;
SCHBSP.2.WELEC;WB: Euro area;2021;100;;
SCHBSP.2.WELEC;WB: Euro area;2022;99.99922180175781;UIS_EST;
SCHBSP.2.WELEC;WB: Euro area;2023;99.99842834472656;UIS_EST;
SCHBSP.2.WELEC;WB: Europe & Central Asia;2012;99.87628173828125;UIS_EST;
SCHBSP.2.WELEC;WB: Europe & Central Asia;2013;99.87493896484375;UIS_EST;
SCHBSP.2.WELEC;WB: Europe & Central Asia;2014;99.87342071533203;UIS_EST;
SCHBSP.2.WELEC;WB: Europe & Central Asia;2015;99.87216186523438;UIS_EST;
SCHBSP.2.WELEC;WB: Europe & Central Asia;2016;99.87132263183594;UIS_EST;
SCHBSP.2.WELEC;WB: Europe & Central Asia;2017;99.87419891357422;UIS_EST;
SCHBSP.2.WELEC;WB: Europe & Central Asia;2018;99.87568664550781;UIS_EST;
SCHBSP.2.WELEC;WB: Europe & Central Asia;2019;99.8724136352539;UIS_EST;
SCHBSP.2.WELEC;WB: Europe & Central Asia;2020;99.99291229248047;UIS_EST;
SCHBSP.2.WELEC;WB: Europe & Central Asia;2021;99.9952163696289;UIS_EST;
SCHBSP.2.WELEC;WB: Europe & Central Asia;2022;99.97138977050781;UIS_EST;
SCHBSP.2.WELEC;WB: Europe & Central Asia;2023;99.94744873046875;UIS_EST;
SCHBSP.2.WELEC;WB: Europe & Central Asia (IDA & IBRD);2015;99.77236938476562;UIS_EST;
SCHBSP.2.WELEC;WB: Europe & Central Asia (IDA & IBRD);2016;99.76933288574219;UIS_EST;
SCHBSP.2.WELEC;WB: Europe & Central Asia (IDA & IBRD);2017;99.77496337890625;UIS_EST;
SCHBSP.2.WELEC;WB: Europe & Central Asia (IDA & IBRD);2018;99.77626037597656;UIS_EST;
SCHBSP.2.WELEC;WB: Europe & Central Asia (IDA & IBRD);2019;99.77078247070312;UIS_EST;
SCHBSP.2.WELEC;WB: Europe & Central Asia (IDA & IBRD);2020;99.98737335205078;UIS_EST;
SCHBSP.2.WELEC;WB: Europe & Central Asia (IDA & IBRD);2021;99.99144744873047;UIS_EST;
SCHBSP.2.WELEC;WB: Europe & Central Asia (IDA & IBRD);2022;99.94889831542969;UIS_EST;
SCHBSP.2.WELEC;WB: Europe & Central Asia (IDA & IBRD);2023;99.90593719482422;UIS_EST;
SCHBSP.2.WELEC;WB: Europe & Central Asia (excluding high income);2015;99.82417297363281;UIS_EST;
SCHBSP.2.WELEC;WB: Europe & Central Asia (excluding high income);2016;99.81906127929688;UIS_EST;
SCHBSP.2.WELEC;WB: Europe & Central Asia (excluding high income);2017;99.82953643798828;;
SCHBSP.2.WELEC;WB: Europe & Central Asia (excluding high income);2018;99.8403091430664;;
SCHBSP.2.WELEC;WB: Europe & Central Asia (excluding high income);2019;99.84616088867188;;
SCHBSP.2.WELEC;WB: Europe & Central Asia (excluding high income);2020;99.97608947753906;;
SCHBSP.2.WELEC;WB: Europe & Central Asia (excluding high income);2021;99.98377227783203;;
SCHBSP.2.WELEC;WB: Europe & Central Asia (excluding high income);2022;99.9469223022461;UIS_EST;
SCHBSP.2.WELEC;WB: Europe & Central Asia (excluding high income);2023;99.90904235839844;UIS_EST;
SCHBSP.2.WELEC;WB: Europe & Central Asia (excluding high income);2024;99.87029266357422;UIS_EST;
SCHBSP.2.WELEC;WB: European Union;2000;99.96383666992188;UIS_EST;
SCHBSP.2.WELEC;WB: European Union;2001;99.9631576538086;;
SCHBSP.2.WELEC;WB: European Union;2002;99.9628677368164;;
SCHBSP.2.WELEC;WB: European Union;2003;99.96275329589844;;
SCHBSP.2.WELEC;WB: European Union;2004;99.96233367919922;;
SCHBSP.2.WELEC;WB: European Union;2005;99.96221160888672;;
SCHBSP.2.WELEC;WB: European Union;2006;99.96211242675781;;
SCHBSP.2.WELEC;WB: European Union;2007;99.96199798583984;;
SCHBSP.2.WELEC;WB: European Union;2008;99.96190643310547;;
SCHBSP.2.WELEC;WB: European Union;2009;99.96205139160156;;
SCHBSP.2.WELEC;WB: European Union;2010;99.96195983886719;;
SCHBSP.2.WELEC;WB: European Union;2011;99.96267700195312;;
SCHBSP.2.WELEC;WB: European Union;2012;99.96321868896484;;
SCHBSP.2.WELEC;WB: European Union;2013;99.96372985839844;;
SCHBSP.2.WELEC;WB: European Union;2014;99.96405792236328;;
SCHBSP.2.WELEC;WB: European Union;2015;99.96456909179688;;
SCHBSP.2.WELEC;WB: European Union;2016;99.96508026123047;;
SCHBSP.2.WELEC;WB: European Union;2017;99.96495819091797;;
SCHBSP.2.WELEC;WB: European Union;2018;99.96456146240234;UIS_EST;
SCHBSP.2.WELEC;WB: European Union;2019;99.96224975585938;;
SCHBSP.2.WELEC;WB: European Union;2020;100;UIS_EST;
SCHBSP.2.WELEC;WB: European Union;2021;100;UIS_EST;
SCHBSP.2.WELEC;WB: European Union;2022;99.99404907226562;UIS_EST;
SCHBSP.2.WELEC;WB: European Union;2023;99.98818969726562;UIS_EST;
SCHBSP.2.WELEC;WB: FY23 IDA & IBRD countries classified as fragile situations;2015;51.29206848144531;UIS_EST;
SCHBSP.2.WELEC;WB: FY23 IDA & IBRD countries classified as fragile situations;2016;49.79462814331055;UIS_EST;
SCHBSP.2.WELEC;WB: FY23 IDA & IBRD countries classified as fragile situations;2017;49.64094161987305;UIS_EST;
SCHBSP.2.WELEC;WB: FY23 IDA & IBRD countries classified as fragile situations;2018;49.41976165771484;UIS_EST;
SCHBSP.2.WELEC;WB: FY23 IDA & IBRD countries classified as fragile situations;2019;47.37326812744141;UIS_EST;
SCHBSP.2.WELEC;WB: FY23 IDA & IBRD countries classified as fragile situations;2020;46.40470886230469;UIS_EST;
SCHBSP.2.WELEC;WB: FY23 IDA & IBRD countries classified as fragile situations;2021;44.64968872070313;UIS_EST;
SCHBSP.2.WELEC;WB: FY23 IDA & IBRD countries classified as fragile situations;2022;45.27030181884766;UIS_EST;
SCHBSP.2.WELEC;WB: FY23 IDA & IBRD countries classified as fragile situations;2023;50.02523040771484;UIS_EST;
SCHBSP.2.WELEC;WB: FY23 IDA & IBRD countries classified as fragile situations;2024;50.3397102355957;UIS_EST;
SCHBSP.2.WELEC;WB: FY23 IDA countries classified as fragile situations;2015;46.27727890014648;UIS_EST;
SCHBSP.2.WELEC;WB: FY23 IDA countries classified as fragile situations;2016;45.84701156616211;UIS_EST;
SCHBSP.2.WELEC;WB: FY23 IDA countries classified as fragile situations;2017;46.19849014282227;UIS_EST;
SCHBSP.2.WELEC;WB: FY23 IDA countries classified as fragile situations;2018;46.37501907348633;UIS_EST;
SCHBSP.2.WELEC;WB: FY23 IDA countries classified as fragile situations;2019;44.36479187011719;UIS_EST;
SCHBSP.2.WELEC;WB: FY23 IDA countries classified as fragile situations;2020;43.6007194519043;UIS_EST;
SCHBSP.2.WELEC;WB: FY23 IDA countries classified as fragile situations;2021;41.93648910522461;UIS_EST;
SCHBSP.2.WELEC;WB: FY23 IDA countries classified as fragile situations;2022;42.93592834472656;UIS_EST;
SCHBSP.2.WELEC;WB: FY23 IDA countries classified as fragile situations;2023;44.12873840332031;UIS_EST;
SCHBSP.2.WELEC;WB: FY23 IDA countries classified as fragile situations;2024;44.2313117980957;UIS_EST;
SCHBSP.2.WELEC;WB: Fragile and conflict affected situations;2015;52.15716171264648;UIS_EST;
SCHBSP.2.WELEC;WB: Fragile and conflict affected situations;2016;50.77624130249023;UIS_EST;
SCHBSP.2.WELEC;WB: Fragile and conflict affected situations;2017;50.46588134765625;UIS_EST;
SCHBSP.2.WELEC;WB: Fragile and conflict affected situations;2018;50.22735977172852;UIS_EST;
SCHBSP.2.WELEC;WB: Fragile and conflict affected situations;2019;48.21604156494141;UIS_EST;
SCHBSP.2.WELEC;WB: Fragile and conflict affected situations;2020;47.25241088867188;UIS_EST;
SCHBSP.2.WELEC;WB: Fragile and conflict affected situations;2021;45.49092102050781;UIS_EST;
SCHBSP.2.WELEC;WB: Fragile and conflict affected situations;2022;46.09162139892578;UIS_EST;
SCHBSP.2.WELEC;WB: Fragile and conflict affected situations;2023;50.76662063598633;UIS_EST;
SCHBSP.2.WELEC;WB: Fragile and conflict affected situations;2024;50.91067886352539;UIS_EST;
SCHBSP.2.WELEC;WB: Global Partnership for Education (July 2019);2015;54.54476928710938;UIS_EST;
SCHBSP.2.WELEC;WB: Global Partnership for Education (July 2019);2016;55.10750961303711;UIS_EST;
SCHBSP.2.WELEC;WB: Global Partnership for Education (July 2019);2017;55.06412887573242;UIS_EST;
SCHBSP.2.WELEC;WB: Global Partnership for Education (July 2019);2018;55.52849960327148;UIS_EST;
SCHBSP.2.WELEC;WB: Global Partnership for Education (July 2019);2019;55.89794158935547;UIS_EST;
SCHBSP.2.WELEC;WB: Global Partnership for Education (July 2019);2020;56.99042129516602;UIS_EST;
SCHBSP.2.WELEC;WB: Global Partnership for Education (July 2019);2021;56.05961990356445;UIS_EST;
SCHBSP.2.WELEC;WB: Global Partnership for Education (July 2019);2022;56.43606185913086;UIS_EST;
SCHBSP.2.WELEC;WB: Global Partnership for Education (July 2019);2023;57.07804107666016;UIS_EST;
SCHBSP.2.WELEC;WB: Global Partnership for Education (July 2019);2024;57.45808029174805;UIS_EST;
SCHBSP.2.WELEC;WB: Heavily Indebted Poor Countries (HIPC);2015;46.00643920898438;UIS_EST;
SCHBSP.2.WELEC;WB: Heavily Indebted Poor Countries (HIPC);2016;45.39393997192383;UIS_EST;
SCHBSP.2.WELEC;WB: Heavily Indebted Poor Countries (HIPC);2017;44.80644989013672;UIS_EST;
SCHBSP.2.WELEC;WB: Heavily Indebted Poor Countries (HIPC);2018;43.85343933105469;UIS_EST;
SCHBSP.2.WELEC;WB: Heavily Indebted Poor Countries (HIPC);2019;42.47175979614258;UIS_EST;
SCHBSP.2.WELEC;WB: Heavily Indebted Poor Countries (HIPC);2020;43.92855072021484;UIS_EST;
SCHBSP.2.WELEC;WB: Heavily Indebted Poor Countries (HIPC);2021;42.24509811401367;;
SCHBSP.2.WELEC;WB: Heavily Indebted Poor Countries (HIPC);2022;43.15898895263672;UIS_EST;
SCHBSP.2.WELEC;WB: Heavily Indebted Poor Countries (HIPC);2023;44.82751083374023;UIS_EST;
SCHBSP.2.WELEC;WB: Heavily Indebted Poor Countries (HIPC);2024;44.93315887451172;UIS_EST;
SCHBSP.2.WELEC;WB: High income (July 2025);2014;98.7726821899414;UIS_EST;
SCHBSP.2.WELEC;WB: High income (July 2025);2015;98.76573944091797;UIS_EST;
SCHBSP.2.WELEC;WB: High income (July 2025);2016;98.76206970214844;UIS_EST;
SCHBSP.2.WELEC;WB: High income (July 2025);2017;98.7044906616211;UIS_EST;
SCHBSP.2.WELEC;WB: High income (July 2025);2018;98.74713134765625;UIS_EST;
SCHBSP.2.WELEC;WB: High income (July 2025);2019;98.80918884277344;UIS_EST;
SCHBSP.2.WELEC;WB: High income (July 2025);2020;98.86721801757812;UIS_EST;
SCHBSP.2.WELEC;WB: IBRD only;2011;77.61287689208984;UIS_EST;
SCHBSP.2.WELEC;WB: IBRD only;2012;77.55238342285156;UIS_EST;
SCHBSP.2.WELEC;WB: IBRD only;2013;78.16629028320312;UIS_EST;
SCHBSP.2.WELEC;WB: IBRD only;2014;78.84889221191406;UIS_EST;
SCHBSP.2.WELEC;WB: IBRD only;2015;79.60865020751953;UIS_EST;
SCHBSP.2.WELEC;WB: IBRD only;2016;80.44587707519531;;
SCHBSP.2.WELEC;WB: IBRD only;2017;81.46015930175781;;
SCHBSP.2.WELEC;WB: IBRD only;2018;82.2310791015625;;
SCHBSP.2.WELEC;WB: IBRD only;2019;87.024169921875;;
SCHBSP.2.WELEC;WB: IBRD only;2020;90.95108795166016;;
SCHBSP.2.WELEC;WB: IBRD only;2021;90.74727630615234;;
SCHBSP.2.WELEC;WB: IBRD only;2022;92.63996124267578;;
SCHBSP.2.WELEC;WB: IBRD only;2023;93.77227020263672;;
SCHBSP.2.WELEC;WB: IBRD only;2024;94.06188201904297;;
SCHBSP.2.WELEC;WB: IDA & IBRD total;2011;72.80937194824219;UIS_EST;
SCHBSP.2.WELEC;WB: IDA & IBRD total;2012;72.62159729003906;UIS_EST;
SCHBSP.2.WELEC;WB: IDA & IBRD total;2013;73.00023651123047;UIS_EST;
SCHBSP.2.WELEC;WB: IDA & IBRD total;2014;73.4195327758789;UIS_EST;
SCHBSP.2.WELEC;WB: IDA & IBRD total;2015;73.87167358398438;UIS_EST;
SCHBSP.2.WELEC;WB: IDA & IBRD total;2016;74.35796356201172;UIS_EST;
SCHBSP.2.WELEC;WB: IDA & IBRD total;2017;74.95957946777344;;
SCHBSP.2.WELEC;WB: IDA & IBRD total;2018;75.62802124023438;UIS_EST;
SCHBSP.2.WELEC;WB: IDA & IBRD total;2019;79.51808166503906;UIS_EST;
SCHBSP.2.WELEC;WB: IDA & IBRD total;2020;82.69328308105469;;
SCHBSP.2.WELEC;WB: IDA & IBRD total;2021;82.21131896972656;;
SCHBSP.2.WELEC;WB: IDA & IBRD total;2022;83.44371032714844;UIS_EST;
SCHBSP.2.WELEC;WB: IDA & IBRD total;2023;84.18499755859375;UIS_EST;
SCHBSP.2.WELEC;WB: IDA & IBRD total;2024;84.540283203125;;
SCHBSP.2.WELEC;WB: IDA blend;2023;49.700439453125;UIS_EST;
SCHBSP.2.WELEC;WB: IDA blend;2024;50.23286819458008;UIS_EST;
SCHBSP.2.WELEC;WB: IDA only;2015;56.57680130004883;UIS_EST;
SCHBSP.2.WELEC;WB: IDA only;2016;57.43846893310547;UIS_EST;
SCHBSP.2.WELEC;WB: IDA only;2017;57.85128021240234;UIS_EST;
SCHBSP.2.WELEC;WB: IDA only;2018;58.17095184326172;UIS_EST;
SCHBSP.2.WELEC;WB: IDA only;2019;58.94710159301758;UIS_EST;
SCHBSP.2.WELEC;WB: IDA only;2020;60.49081039428711;UIS_EST;
SCHBSP.2.WELEC;WB: IDA only;2021;59.05844879150391;UIS_EST;
SCHBSP.2.WELEC;WB: IDA only;2022;59.24639129638672;UIS_EST;
SCHBSP.2.WELEC;WB: IDA only;2023;59.87968063354492;UIS_EST;
SCHBSP.2.WELEC;WB: IDA only;2024;60.49314880371094;UIS_EST;
SCHBSP.2.WELEC;WB: IDA total;2015;53.51573944091797;UIS_EST;
SCHBSP.2.WELEC;WB: IDA total;2016;54.12730026245117;UIS_EST;
SCHBSP.2.WELEC;WB: IDA total;2017;54.17555999755859;UIS_EST;
SCHBSP.2.WELEC;WB: IDA total;2018;54.69451904296875;UIS_EST;
SCHBSP.2.WELEC;WB: IDA total;2019;55.06571960449219;UIS_EST;
SCHBSP.2.WELEC;WB: IDA total;2020;56.28285980224609;UIS_EST;
SCHBSP.2.WELEC;WB: IDA total;2021;55.51385116577148;UIS_EST;
SCHBSP.2.WELEC;WB: IDA total;2022;55.85535049438477;UIS_EST;
SCHBSP.2.WELEC;WB: IDA total;2023;56.50680923461914;UIS_EST;
SCHBSP.2.WELEC;WB: IDA total;2024;56.90066909790039;UIS_EST;
SCHBSP.2.WELEC;WB: Late-demographic dividend;2015;97.83834838867188;UIS_EST;
SCHBSP.2.WELEC;WB: Late-demographic dividend;2016;97.84673309326172;UIS_EST;
SCHBSP.2.WELEC;WB: Late-demographic dividend;2017;97.92977905273438;;
SCHBSP.2.WELEC;WB: Late-demographic dividend;2018;97.88002014160156;UIS_EST;
SCHBSP.2.WELEC;WB: Late-demographic dividend;2019;97.83287811279297;UIS_EST;
SCHBSP.2.WELEC;WB: Late-demographic dividend;2020;97.88433074951172;UIS_EST;
SCHBSP.2.WELEC;WB: Late-demographic dividend;2021;97.66224670410156;UIS_EST;
SCHBSP.2.WELEC;WB: Late-demographic dividend;2022;97.74089050292969;UIS_EST;
SCHBSP.2.WELEC;WB: Late-demographic dividend;2023;97.95198822021484;UIS_EST;
SCHBSP.2.WELEC;WB: Late-demographic dividend;2024;97.97032165527344;UIS_EST;
SCHBSP.2.WELEC;WB: Latin America & Caribbean;2009;90.4049072265625;UIS_EST;
SCHBSP.2.WELEC;WB: Latin America & Caribbean;2010;90.1321792602539;UIS_EST;
SCHBSP.2.WELEC;WB: Latin America & Caribbean;2011;89.94525909423828;UIS_EST;
SCHBSP.2.WELEC;WB: Latin America & Caribbean;2012;89.75702667236328;UIS_EST;
SCHBSP.2.WELEC;WB: Latin America & Caribbean;2013;89.54794311523438;UIS_EST;
SCHBSP.2.WELEC;WB: Latin America & Caribbean;2014;89.32962036132812;UIS_EST;
SCHBSP.2.WELEC;WB: Latin America & Caribbean;2015;89.12674713134766;UIS_EST;
SCHBSP.2.WELEC;WB: Latin America & Caribbean;2016;88.89501190185547;UIS_EST;
SCHBSP.2.WELEC;WB: Latin America & Caribbean;2017;88.73758697509766;UIS_EST;
SCHBSP.2.WELEC;WB: Latin America & Caribbean;2018;88.45350646972656;UIS_EST;
SCHBSP.2.WELEC;WB: Latin America & Caribbean;2019;88.56787109375;UIS_EST;
SCHBSP.2.WELEC;WB: Latin America & Caribbean;2020;88.14193725585938;UIS_EST;
SCHBSP.2.WELEC;WB: Latin America & Caribbean;2021;87.31948852539062;UIS_EST;
SCHBSP.2.WELEC;WB: Latin America & Caribbean;2022;86.94927978515625;UIS_EST;
SCHBSP.2.WELEC;WB: Latin America & Caribbean (IDA & IBRD);2009;90.56143951416016;UIS_EST;
SCHBSP.2.WELEC;WB: Latin America & Caribbean (IDA & IBRD);2010;90.26888275146484;UIS_EST;
SCHBSP.2.WELEC;WB: Latin America & Caribbean (IDA & IBRD);2011;90.0975570678711;UIS_EST;
SCHBSP.2.WELEC;WB: Latin America & Caribbean (IDA & IBRD);2012;89.91715240478516;UIS_EST;
SCHBSP.2.WELEC;WB: Latin America & Caribbean (IDA & IBRD);2013;89.70114135742188;UIS_EST;
SCHBSP.2.WELEC;WB: Latin America & Caribbean (IDA & IBRD);2014;89.4760513305664;UIS_EST;
SCHBSP.2.WELEC;WB: Latin America & Caribbean (IDA & IBRD);2015;89.26690673828125;UIS_EST;
SCHBSP.2.WELEC;WB: Latin America & Caribbean (IDA & IBRD);2016;89.0289077758789;UIS_EST;
SCHBSP.2.WELEC;WB: Latin America & Caribbean (IDA & IBRD);2017;88.86605072021484;UIS_EST;
SCHBSP.2.WELEC;WB: Latin America & Caribbean (IDA & IBRD);2018;88.57598876953125;UIS_EST;
SCHBSP.2.WELEC;WB: Latin America & Caribbean (IDA & IBRD);2020;88.25472259521484;UIS_EST;
SCHBSP.2.WELEC;WB: Latin America & Caribbean (IDA & IBRD);2021;87.41797637939453;UIS_EST;
SCHBSP.2.WELEC;WB: Latin America & Caribbean (IDA & IBRD);2022;87.0401382446289;UIS_EST;
SCHBSP.2.WELEC;WB: Latin America & Caribbean (excluding high income);2009;91.95823669433594;UIS_EST;
SCHBSP.2.WELEC;WB: Latin America & Caribbean (excluding high income);2010;91.6308364868164;UIS_EST;
SCHBSP.2.WELEC;WB: Latin America & Caribbean (excluding high income);2011;91.57746887207031;UIS_EST;
SCHBSP.2.WELEC;WB: Latin America & Caribbean (excluding high income);2012;91.53959655761719;UIS_EST;
SCHBSP.2.WELEC;WB: Latin America & Caribbean (excluding high income);2013;91.4463119506836;UIS_EST;
SCHBSP.2.WELEC;WB: Latin America & Caribbean (excluding high income);2014;91.34059143066406;UIS_EST;
SCHBSP.2.WELEC;WB: Latin America & Caribbean (excluding high income);2015;91.25469207763672;UIS_EST;
SCHBSP.2.WELEC;WB: Latin America & Caribbean (excluding high income);2016;91.14038848876953;UIS_EST;
SCHBSP.2.WELEC;WB: Latin America & Caribbean (excluding high income);2017;91.12925720214844;;
SCHBSP.2.WELEC;WB: Latin America & Caribbean (excluding high income);2018;90.98117065429688;UIS_EST;
SCHBSP.2.WELEC;WB: Latin America & Caribbean (excluding high income);2019;91.24593353271484;UIS_EST;
SCHBSP.2.WELEC;WB: Latin America & Caribbean (excluding high income);2020;90.9748764038086;UIS_EST;
SCHBSP.2.WELEC;WB: Latin America & Caribbean (excluding high income);2021;90.2051010131836;UIS_EST;
SCHBSP.2.WELEC;WB: Latin America & Caribbean (excluding high income);2022;89.97985076904297;UIS_EST;
SCHBSP.2.WELEC;WB: Least developed countries: UN classification;2014;50.90877151489258;UIS_EST;
SCHBSP.2.WELEC;WB: Least developed countries: UN classification;2015;52.33687973022461;UIS_EST;
SCHBSP.2.WELEC;WB: Least developed countries: UN classification;2016;53.57793045043945;UIS_EST;
SCHBSP.2.WELEC;WB: Least developed countries: UN classification;2017;54.37142944335938;UIS_EST;
SCHBSP.2.WELEC;WB: Least developed countries: UN classification;2018;55.11788940429688;UIS_EST;
SCHBSP.2.WELEC;WB: Least developed countries: UN classification;2019;55.33940124511719;UIS_EST;
SCHBSP.2.WELEC;WB: Least developed countries: UN classification;2020;55.96113967895508;UIS_EST;
SCHBSP.2.WELEC;WB: Least developed countries: UN classification;2021;54.93824005126953;UIS_EST;
SCHBSP.2.WELEC;WB: Least developed countries: UN classification;2022;55.40095138549805;UIS_EST;
SCHBSP.2.WELEC;WB: Least developed countries: UN classification;2023;55.96155166625977;UIS_EST;
SCHBSP.2.WELEC;WB: Least developed countries: UN classification;2024;56.35136032104492;UIS_EST;
SCHBSP.2.WELEC;WB: Low & middle income (July 2025);2011;72.58666229248047;UIS_EST;
SCHBSP.2.WELEC;WB: Low & middle income (July 2025);2012;72.41560363769531;UIS_EST;
SCHBSP.2.WELEC;WB: Low & middle income (July 2025);2013;72.82930755615234;UIS_EST;
SCHBSP.2.WELEC;WB: Low & middle income (July 2025);2014;73.28600311279297;UIS_EST;
SCHBSP.2.WELEC;WB: Low & middle income (July 2025);2015;73.77764892578125;UIS_EST;
SCHBSP.2.WELEC;WB: Low & middle income (July 2025);2016;74.30394744873047;UIS_EST;
SCHBSP.2.WELEC;WB: Low & middle income (July 2025);2017;74.93939971923828;;
SCHBSP.2.WELEC;WB: Low & middle income (July 2025);2018;75.70069122314453;;
SCHBSP.2.WELEC;WB: Low & middle income (July 2025);2019;79.68521118164062;UIS_EST;
SCHBSP.2.WELEC;WB: Low & middle income (July 2025);2020;82.9186019897461;;
SCHBSP.2.WELEC;WB: Low & middle income (July 2025);2021;82.45525360107422;;
SCHBSP.2.WELEC;WB: Low & middle income (July 2025);2022;83.74922943115234;UIS_EST;
SCHBSP.2.WELEC;WB: Low & middle income (July 2025);2023;84.07769012451172;UIS_EST;
SCHBSP.2.WELEC;WB: Low & middle income (July 2025);2024;84.39425659179688;;
SCHBSP.2.WELEC;WB: Low income (July 2025);2015;43.51808166503906;UIS_EST;
SCHBSP.2.WELEC;WB: Low income (July 2025);2016;42.6822395324707;UIS_EST;
SCHBSP.2.WELEC;WB: Low income (July 2025);2017;42.04050064086914;UIS_EST;
SCHBSP.2.WELEC;WB: Low income (July 2025);2018;41.2847785949707;UIS_EST;
SCHBSP.2.WELEC;WB: Low income (July 2025);2019;38.12842178344727;UIS_EST;
SCHBSP.2.WELEC;WB: Low income (July 2025);2020;37.83452987670898;UIS_EST;
SCHBSP.2.WELEC;WB: Low income (July 2025);2021;36.14569854736328;UIS_EST;
SCHBSP.2.WELEC;WB: Low income (July 2025);2022;37.51314163208008;UIS_EST;
SCHBSP.2.WELEC;WB: Low income (July 2025);2023;39.13508987426758;UIS_EST;
SCHBSP.2.WELEC;WB: Low income (July 2025);2024;39.37466812133789;UIS_EST;
SCHBSP.2.WELEC;WB: Lower middle income (July 2025);2011;63.43292999267578;UIS_EST;
SCHBSP.2.WELEC;WB: Lower middle income (July 2025);2012;63.43910980224609;;
SCHBSP.2.WELEC;WB: Lower middle income (July 2025);2013;63.79328918457031;UIS_EST;
SCHBSP.2.WELEC;WB: Lower middle income (July 2025);2014;64.21257019042969;UIS_EST;
SCHBSP.2.WELEC;WB: Lower middle income (July 2025);2015;64.66706848144531;UIS_EST;
SCHBSP.2.WELEC;WB: Lower middle income (July 2025);2016;65.16425323486328;;
SCHBSP.2.WELEC;WB: Lower middle income (July 2025);2017;66.6876220703125;;
SCHBSP.2.WELEC;WB: Lower middle income (July 2025);2018;68.45040130615234;;
SCHBSP.2.WELEC;WB: Lower middle income (July 2025);2021;81.05442810058594;;
SCHBSP.2.WELEC;WB: Lower middle income (July 2025);2022;83.53981018066406;;
SCHBSP.2.WELEC;WB: Lower middle income (July 2025);2023;84.15838623046875;;
SCHBSP.2.WELEC;WB: Lower middle income (July 2025);2024;84.65088653564453;;
SCHBSP.2.WELEC;WB: Middle East & North Africa (IDA & IBRD);2011;67.71907806396484;UIS_EST;
SCHBSP.2.WELEC;WB: Middle East & North Africa (IDA & IBRD);2012;67.44367980957031;UIS_EST;
SCHBSP.2.WELEC;WB: Middle East & North Africa (IDA & IBRD);2023;65.75464630126953;UIS_EST;
SCHBSP.2.WELEC;WB: Middle East & North Africa (IDA & IBRD);2024;65.90635681152344;;
SCHBSP.2.WELEC;WB: Middle East & North Africa (excluding high income);2011;68.13024139404297;UIS_EST;
SCHBSP.2.WELEC;WB: Middle East & North Africa (excluding high income);2012;67.86334991455078;UIS_EST;
SCHBSP.2.WELEC;WB: Middle East & North Africa (excluding high income);2019;66.68283081054688;UIS_EST;
SCHBSP.2.WELEC;WB: Middle East & North Africa (excluding high income);2020;66.63475036621094;UIS_EST;
SCHBSP.2.WELEC;WB: Middle East & North Africa (excluding high income);2023;66.36299896240234;UIS_EST;
SCHBSP.2.WELEC;WB: Middle East & North Africa (excluding high income);2024;66.3692626953125;;
SCHBSP.2.WELEC;WB: Middle East & North Africa, Afghanistan, Pakistan;2019;70.97825622558594;UIS_EST;
SCHBSP.2.WELEC;WB: Middle East & North Africa, Afghanistan, Pakistan;2020;70.88874816894531;UIS_EST;
SCHBSP.2.WELEC;WB: Middle East & North Africa, Afghanistan, Pakistan;2021;70.59919738769531;UIS_EST;
SCHBSP.2.WELEC;WB: Middle East & North Africa, Afghanistan, Pakistan;2023;70.49384307861328;UIS_EST;
SCHBSP.2.WELEC;WB: Middle East & North Africa, Afghanistan, Pakistan;2024;70.44168090820312;;
SCHBSP.2.WELEC;WB: Middle income (July 2025);2011;74.46589660644531;UIS_EST;
SCHBSP.2.WELEC;WB: Middle income (July 2025);2012;74.3989028930664;UIS_EST;
SCHBSP.2.WELEC;WB: Middle income (July 2025);2013;74.98799896240234;UIS_EST;
SCHBSP.2.WELEC;WB: Middle income (July 2025);2014;75.65223693847656;UIS_EST;
SCHBSP.2.WELEC;WB: Middle income (July 2025);2015;76.37557220458984;UIS_EST;
SCHBSP.2.WELEC;WB: Middle income (July 2025);2016;77.16285705566406;UIS_EST;
SCHBSP.2.WELEC;WB: Middle income (July 2025);2017;77.91339874267578;;
SCHBSP.2.WELEC;WB: Middle income (July 2025);2018;78.8882827758789;;
SCHBSP.2.WELEC;WB: Middle income (July 2025);2019;83.15265655517578;;
SCHBSP.2.WELEC;WB: Middle income (July 2025);2020;86.71766662597656;;
SCHBSP.2.WELEC;WB: Middle income (July 2025);2021;86.51663208007812;;
SCHBSP.2.WELEC;WB: Middle income (July 2025);2022;88.05232238769531;UIS_EST;
SCHBSP.2.WELEC;WB: Middle income (July 2025);2023;88.44391632080078;UIS_EST;
SCHBSP.2.WELEC;WB: Middle income (July 2025);2024;88.88265228271484;;
SCHBSP.2.WELEC;WB: North America;2014;100;UIS_EST;
SCHBSP.2.WELEC;WB: North America;2015;100;;
SCHBSP.2.WELEC;WB: North America;2016;100;UIS_EST;
SCHBSP.2.WELEC;WB: North America;2017;100;UIS_EST;
SCHBSP.2.WELEC;WB: North America;2019;100;;
SCHBSP.2.WELEC;WB: North America;2020;100;UIS_EST;
SCHBSP.2.WELEC;WB: OECD members;2012;96.46597290039062;UIS_EST;
SCHBSP.2.WELEC;WB: OECD members;2013;96.41564178466797;UIS_EST;
SCHBSP.2.WELEC;WB: OECD members;2014;96.3642578125;UIS_EST;
SCHBSP.2.WELEC;WB: OECD members;2015;96.34272766113281;;
SCHBSP.2.WELEC;WB: OECD members;2016;96.32820892333984;UIS_EST;
SCHBSP.2.WELEC;WB: OECD members;2017;96.37330627441406;UIS_EST;
SCHBSP.2.WELEC;WB: OECD members;2018;96.30509948730469;UIS_EST;
SCHBSP.2.WELEC;WB: OECD members;2019;96.25083923339844;;
SCHBSP.2.WELEC;WB: OECD members;2020;96.183837890625;UIS_EST;
SCHBSP.2.WELEC;WB: OECD members;2021;95.86759948730469;UIS_EST;
SCHBSP.2.WELEC;WB: OECD members;2022;95.90286254882812;UIS_EST;
SCHBSP.2.WELEC;WB: Pacific island small states;2019;88.47518157958984;UIS_EST;
SCHBSP.2.WELEC;WB: Post-demographic dividend;2010;99.56403350830078;UIS_EST;
SCHBSP.2.WELEC;WB: Post-demographic dividend;2011;99.55854034423828;UIS_EST;
SCHBSP.2.WELEC;WB: Post-demographic dividend;2012;99.55394744873047;UIS_EST;
SCHBSP.2.WELEC;WB: Post-demographic dividend;2013;99.56752014160156;UIS_EST;
SCHBSP.2.WELEC;WB: Post-demographic dividend;2014;99.58352661132812;UIS_EST;
SCHBSP.2.WELEC;WB: Post-demographic dividend;2015;99.6034164428711;;
SCHBSP.2.WELEC;WB: Post-demographic dividend;2016;99.6244888305664;UIS_EST;
SCHBSP.2.WELEC;WB: Post-demographic dividend;2017;99.64286041259766;UIS_EST;
SCHBSP.2.WELEC;WB: Post-demographic dividend;2018;99.6844482421875;UIS_EST;
SCHBSP.2.WELEC;WB: Post-demographic dividend;2019;99.70787048339844;;
SCHBSP.2.WELEC;WB: Post-demographic dividend;2020;99.74748229980469;UIS_EST;
SCHBSP.2.WELEC;WB: Post-demographic dividend;2021;99.75241088867188;UIS_EST;
SCHBSP.2.WELEC;WB: Post-demographic dividend;2022;99.76431274414062;UIS_EST;
SCHBSP.2.WELEC;WB: Pre-demographic dividend;2015;46.55755996704102;UIS_EST;
SCHBSP.2.WELEC;WB: Pre-demographic dividend;2016;46.31462860107422;UIS_EST;
SCHBSP.2.WELEC;WB: Pre-demographic dividend;2017;45.94540023803711;UIS_EST;
SCHBSP.2.WELEC;WB: Pre-demographic dividend;2018;45.54254150390625;UIS_EST;
SCHBSP.2.WELEC;WB: Pre-demographic dividend;2019;43.73456954956055;UIS_EST;
SCHBSP.2.WELEC;WB: Pre-demographic dividend;2020;43.71001815795898;UIS_EST;
SCHBSP.2.WELEC;WB: Pre-demographic dividend;2021;42.83781051635742;UIS_EST;
SCHBSP.2.WELEC;WB: Pre-demographic dividend;2022;43.89189147949219;UIS_EST;
SCHBSP.2.WELEC;WB: Pre-demographic dividend;2023;44.92739105224609;UIS_EST;
SCHBSP.2.WELEC;WB: Pre-demographic dividend;2024;45.09199905395508;UIS_EST;
SCHBSP.2.WELEC;WB: South Asia;2011;62.52946090698242;UIS_EST;
SCHBSP.2.WELEC;WB: South Asia;2012;62.49977874755859;;
SCHBSP.2.WELEC;WB: South Asia;2013;62.90462875366211;UIS_EST;
SCHBSP.2.WELEC;WB: South Asia;2014;63.40250015258789;UIS_EST;
SCHBSP.2.WELEC;WB: South Asia;2015;63.97417068481445;UIS_EST;
SCHBSP.2.WELEC;WB: South Asia;2016;64.6365966796875;;
SCHBSP.2.WELEC;WB: South Asia;2017;67.16702270507812;;
SCHBSP.2.WELEC;WB: South Asia;2018;69.46031188964844;;
SCHBSP.2.WELEC;WB: South Asia;2019;79.2451171875;;
SCHBSP.2.WELEC;WB: South Asia;2020;87.28173828125;;
SCHBSP.2.WELEC;WB: South Asia;2021;87.45567321777344;;
SCHBSP.2.WELEC;WB: South Asia;2022;91.3150863647461;;
SCHBSP.2.WELEC;WB: South Asia;2023;92.55696105957031;;
SCHBSP.2.WELEC;WB: South Asia;2024;92.66380310058594;;
SCHBSP.2.WELEC;WB: South Asia (IDA & IBRD);2011;62.52946090698242;UIS_EST;
SCHBSP.2.WELEC;WB: South Asia (IDA & IBRD);2012;62.49977874755859;;
SCHBSP.2.WELEC;WB: South Asia (IDA & IBRD);2013;62.90462875366211;UIS_EST;
SCHBSP.2.WELEC;WB: South Asia (IDA & IBRD);2014;63.40250015258789;UIS_EST;
SCHBSP.2.WELEC;WB: South Asia (IDA & IBRD);2015;63.97417068481445;UIS_EST;
SCHBSP.2.WELEC;WB: South Asia (IDA & IBRD);2016;64.6365966796875;;
SCHBSP.2.WELEC;WB: South Asia (IDA & IBRD);2017;67.16702270507812;;
SCHBSP.2.WELEC;WB: South Asia (IDA & IBRD);2018;69.46031188964844;;
SCHBSP.2.WELEC;WB: South Asia (IDA & IBRD);2019;79.2451171875;;
SCHBSP.2.WELEC;WB: South Asia (IDA & IBRD);2020;87.28173828125;;
SCHBSP.2.WELEC;WB: South Asia (IDA & IBRD);2021;87.45567321777344;;
SCHBSP.2.WELEC;WB: South Asia (IDA & IBRD);2022;91.3150863647461;;
SCHBSP.2.WELEC;WB: South Asia (IDA & IBRD);2023;92.55696105957031;;
SCHBSP.2.WELEC;WB: South Asia (IDA & IBRD);2024;92.66380310058594;;
SCHBSP.2.WELEC;WB: Sub-Saharan Africa;2015;48.28453063964844;UIS_EST;
SCHBSP.2.WELEC;WB: Sub-Saharan Africa;2016;47.9942512512207;UIS_EST;
SCHBSP.2.WELEC;WB: Sub-Saharan Africa;2017;47.56782913208008;UIS_EST;
SCHBSP.2.WELEC;WB: Sub-Saharan Africa;2018;47.13994979858398;UIS_EST;
SCHBSP.2.WELEC;WB: Sub-Saharan Africa;2019;46.77730941772461;UIS_EST;
SCHBSP.2.WELEC;WB: Sub-Saharan Africa;2020;47.82648849487305;UIS_EST;
SCHBSP.2.WELEC;WB: Sub-Saharan Africa;2021;47.04352951049805;UIS_EST;
SCHBSP.2.WELEC;WB: Sub-Saharan Africa;2022;47.96788024902344;UIS_EST;
SCHBSP.2.WELEC;WB: Sub-Saharan Africa;2023;48.83552932739258;UIS_EST;
SCHBSP.2.WELEC;WB: Sub-Saharan Africa;2024;49.10134887695313;UIS_EST;
SCHBSP.2.WELEC;WB: Sub-Saharan Africa (IDA & IBRD);2015;48.28453063964844;UIS_EST;
SCHBSP.2.WELEC;WB: Sub-Saharan Africa (IDA & IBRD);2016;47.9942512512207;UIS_EST;
SCHBSP.2.WELEC;WB: Sub-Saharan Africa (IDA & IBRD);2017;47.56782913208008;UIS_EST;
SCHBSP.2.WELEC;WB: Sub-Saharan Africa (IDA & IBRD);2018;47.13994979858398;UIS_EST;
SCHBSP.2.WELEC;WB: Sub-Saharan Africa (IDA & IBRD);2019;46.77730941772461;UIS_EST;
SCHBSP.2.WELEC;WB: Sub-Saharan Africa (IDA & IBRD);2020;47.82648849487305;UIS_EST;
SCHBSP.2.WELEC;WB: Sub-Saharan Africa (IDA & IBRD);2021;47.04352951049805;UIS_EST;
SCHBSP.2.WELEC;WB: Sub-Saharan Africa (IDA & IBRD);2022;47.96788024902344;UIS_EST;
SCHBSP.2.WELEC;WB: Sub-Saharan Africa (IDA & IBRD);2023;48.83552932739258;UIS_EST;
SCHBSP.2.WELEC;WB: Sub-Saharan Africa (IDA & IBRD);2024;49.10134887695313;UIS_EST;
SCHBSP.2.WELEC;WB: Sub-Saharan Africa (excluding high income);2015;48.28010940551758;UIS_EST;
SCHBSP.2.WELEC;WB: Sub-Saharan Africa (excluding high income);2016;47.98968124389648;UIS_EST;
SCHBSP.2.WELEC;WB: Sub-Saharan Africa (excluding high income);2017;47.56341171264648;UIS_EST;
SCHBSP.2.WELEC;WB: Sub-Saharan Africa (excluding high income);2018;47.13507080078125;UIS_EST;
SCHBSP.2.WELEC;WB: Sub-Saharan Africa (excluding high income);2019;46.77246856689453;UIS_EST;
SCHBSP.2.WELEC;WB: Sub-Saharan Africa (excluding high income);2020;47.8217887878418;UIS_EST;
SCHBSP.2.WELEC;WB: Sub-Saharan Africa (excluding high income);2021;47.03899002075195;UIS_EST;
SCHBSP.2.WELEC;WB: Sub-Saharan Africa (excluding high income);2022;47.96334838867188;UIS_EST;
SCHBSP.2.WELEC;WB: Sub-Saharan Africa (excluding high income);2023;48.83126831054688;UIS_EST;
SCHBSP.2.WELEC;WB: Sub-Saharan Africa (excluding high income);2024;49.09703063964844;UIS_EST;
SCHBSP.2.WELEC;WB: Upper middle income (July 2025);2011;93.82893371582031;UIS_EST;
SCHBSP.2.WELEC;WB: Upper middle income (July 2025);2012;93.75665283203125;UIS_EST;
SCHBSP.2.WELEC;WB: Upper middle income (July 2025);2013;93.90310668945312;UIS_EST;
SCHBSP.2.WELEC;WB: Upper middle income (July 2025);2014;94.13239288330078;UIS_EST;
SCHBSP.2.WELEC;WB: Upper middle income (July 2025);2015;94.45755767822266;UIS_EST;
SCHBSP.2.WELEC;WB: Upper middle income (July 2025);2016;94.86012268066406;UIS_EST;
SCHBSP.2.WELEC;WB: Upper middle income (July 2025);2017;95.18814849853516;;
SCHBSP.2.WELEC;WB: Upper middle income (July 2025);2018;95.16007232666016;UIS_EST;
SCHBSP.2.WELEC;WB: Upper middle income (July 2025);2019;95.2544937133789;UIS_EST;
SCHBSP.2.WELEC;WB: Upper middle income (July 2025);2020;95.27953338623047;UIS_EST;
SCHBSP.2.WELEC;WB: Upper middle income (July 2025);2021;94.97360229492188;UIS_EST;
SCHBSP.2.WELEC;WB: Upper middle income (July 2025);2022;94.92391967773438;UIS_EST;
SCHBSP.2.WELEC;WB: Upper middle income (July 2025);2023;94.9919662475586;UIS_EST;
SCHBSP.2.WELEC;WB: Upper middle income (July 2025);2024;95.52361297607422;UIS_EST;
SCHBSP.2.WELEC;WB: World;2011;76.67282104492188;UIS_EST;
SCHBSP.2.WELEC;WB: World;2012;76.50282287597656;UIS_EST;
SCHBSP.2.WELEC;WB: World;2013;76.89350128173828;UIS_EST;
SCHBSP.2.WELEC;WB: World;2014;77.31495666503906;UIS_EST;
SCHBSP.2.WELEC;WB: World;2015;77.77385711669922;UIS_EST;
SCHBSP.2.WELEC;WB: World;2016;78.27082061767578;UIS_EST;
SCHBSP.2.WELEC;WB: World;2017;78.68830871582031;UIS_EST;
SCHBSP.2.WELEC;WB: World;2018;79.22708892822266;UIS_EST;
SCHBSP.2.WELEC;WB: World;2019;82.53926849365234;UIS_EST;
SCHBSP.2.WELEC;WB: World;2020;85.2231216430664;UIS_EST;
SCHBSP.2.WELEC;WB: World;2021;84.7950668334961;UIS_EST;
SCHBSP.2.WELEC;WB: World;2022;85.8407974243164;UIS_EST;
SCHBSP.2.WELEC;WB: World;2023;86.45609283447266;UIS_EST;
SCHBSP.2.WELEC;WB: World;2024;86.75726318359375;UIS_EST;
SCHBSP.2.WELEC;WSM;2016;100;;
SCHBSP.2.WELEC;WSM;2017;100;;
SCHBSP.2.WELEC;WSM;2018;100;;
SCHBSP.2.WELEC;WSM;2019;100;;
SCHBSP.2.WELEC;WSM;2020;99.42196531791907;;
SCHBSP.2.WELEC;WSM;2021;100;;
SCHBSP.2.WELEC;WSM;2022;100;;
SCHBSP.2.WELEC;WSM;2023;100;;
SCHBSP.2.WELEC;WSM;2024;100;;
SCHBSP.2.WELEC;ZMB;2024;65.94167078596145;;
SCHBSP.2.WELEC;ZWE;2013;70.51390058972198;;
SCHBSP.2.WELEC;ZWE;2014;71.78217821782178;;
SCHBSP.2.WELEC;ZWE;2015;71.7439293598234;;
SCHBSP.2.WELEC;ZWE;2016;72.61261261261261;;
SCHBSP.2.WELEC;ZWE;2017;68.90459363957598;;
SCHBSP.2.WELEC;ZWE;2018;71.47335423197492;;
SCHBSP.2.WELEC;ZWE;2019;73.35815842924848;;
SCHBSP.2.WELEC;ZWE;2020;72.48322147651007;;
SCHBSP.2.WELEC;ZWE;2021;71.52641878669276;;
SCHBSP.2.WELEC;ZWE;2022;74.38518045352922;;
SCHBSP.2.WELEC;ZWE;2023;77.37870195337115;;
SCHBSP.2.WELEC;ZWE;2024;78.96931784331248;;