indicatorId;geoUnit;year;value;qualifier;magnitude
SCHBSP.1.WINTERN;ABW;2024;97.61904761904762;;
SCHBSP.1.WINTERN;AGO;2016;2.700284668564457;;
SCHBSP.1.WINTERN;AIA;2010;75;;
SCHBSP.1.WINTERN;AIA;2019;100;;
SCHBSP.1.WINTERN;AIA;2020;100;;
SCHBSP.1.WINTERN;AIA;2021;100;;
SCHBSP.1.WINTERN;AIA;2022;100;;
SCHBSP.1.WINTERN;AIA;2023;100;;
SCHBSP.1.WINTERN;AIA;2024;100;;
SCHBSP.1.WINTERN;AIA;2025;100;;
SCHBSP.1.WINTERN;AIMS: Asia and the Pacific;2018;31.48434066772461;UIS_EST;
SCHBSP.1.WINTERN;AIMS: Asia and the Pacific;2019;31.30661964416504;;
SCHBSP.1.WINTERN;AIMS: Asia and the Pacific;2020;32.78255081176758;;
SCHBSP.1.WINTERN;AIMS: Asia and the Pacific;2021;34.52087020874023;UIS_EST;
SCHBSP.1.WINTERN;AIMS: Asia and the Pacific;2022;39.60351943969727;UIS_EST;
SCHBSP.1.WINTERN;AIMS: Asia and the Pacific;2023;48.03839874267578;;
SCHBSP.1.WINTERN;AIMS: Asia and the Pacific;2024;49.55397033691406;;
SCHBSP.1.WINTERN;AIMS: Central Asia;2016;80.97483825683594;UIS_EST;
SCHBSP.1.WINTERN;AIMS: Central Asia;2017;80.79502868652344;UIS_EST;
SCHBSP.1.WINTERN;AIMS: Central Asia;2018;80.08625030517578;UIS_EST;
SCHBSP.1.WINTERN;AIMS: Central Asia;2019;80.01307678222656;UIS_EST;
SCHBSP.1.WINTERN;AIMS: Central Asia;2020;85.48763275146484;UIS_EST;
SCHBSP.1.WINTERN;AIMS: Central Asia;2021;84.76167297363281;UIS_EST;
SCHBSP.1.WINTERN;AIMS: Central Asia;2022;85.56562042236328;UIS_EST;
SCHBSP.1.WINTERN;AIMS: Central Asia;2023;86.3515396118164;UIS_EST;
SCHBSP.1.WINTERN;AIMS: Central Asia;2024;87.05793762207031;;
SCHBSP.1.WINTERN;AIMS: East Asia;2015;72.61554718017578;UIS_EST;
SCHBSP.1.WINTERN;AIMS: East Asia;2016;72.50131225585938;UIS_EST;
SCHBSP.1.WINTERN;AIMS: East Asia;2017;75.0479965209961;UIS_EST;
SCHBSP.1.WINTERN;AIMS: East Asia;2018;76.33963012695312;UIS_EST;
SCHBSP.1.WINTERN;AIMS: East Asia;2019;76.27493286132812;UIS_EST;
SCHBSP.1.WINTERN;AIMS: East Asia;2020;76.49437713623047;UIS_EST;
SCHBSP.1.WINTERN;AIMS: East Asia;2021;77.43363189697266;UIS_EST;
SCHBSP.1.WINTERN;AIMS: East Asia;2022;78.5663070678711;UIS_EST;
SCHBSP.1.WINTERN;AIMS: East Asia;2023;79.61641693115234;;
SCHBSP.1.WINTERN;AIMS: East Asia;2024;77.25811004638672;;
SCHBSP.1.WINTERN;AIMS: East Asia and the Pacific;2015;72.0146713256836;UIS_EST;
SCHBSP.1.WINTERN;AIMS: East Asia and the Pacific;2016;71.8874282836914;UIS_EST;
SCHBSP.1.WINTERN;AIMS: East Asia and the Pacific;2017;74.27593231201172;UIS_EST;
SCHBSP.1.WINTERN;AIMS: East Asia and the Pacific;2018;75.48255920410156;UIS_EST;
SCHBSP.1.WINTERN;AIMS: East Asia and the Pacific;2019;75.4310531616211;UIS_EST;
SCHBSP.1.WINTERN;AIMS: East Asia and the Pacific;2020;75.73062896728516;UIS_EST;
SCHBSP.1.WINTERN;AIMS: East Asia and the Pacific;2021;76.95960998535156;UIS_EST;
SCHBSP.1.WINTERN;AIMS: East Asia and the Pacific;2022;78.0317611694336;UIS_EST;
SCHBSP.1.WINTERN;AIMS: East Asia and the Pacific;2023;78.98783111572266;;
SCHBSP.1.WINTERN;AIMS: East Asia and the Pacific;2024;76.98792266845703;;
SCHBSP.1.WINTERN;AIMS: Pacific;2000;59.8236083984375;UIS_EST;
SCHBSP.1.WINTERN;AIMS: Pacific;2001;59.8131217956543;UIS_EST;
SCHBSP.1.WINTERN;AIMS: Pacific;2002;59.82926940917969;UIS_EST;
SCHBSP.1.WINTERN;AIMS: Pacific;2003;59.80902099609375;UIS_EST;
SCHBSP.1.WINTERN;AIMS: Pacific;2004;59.81900024414063;UIS_EST;
SCHBSP.1.WINTERN;AIMS: Pacific;2005;59.82897186279297;UIS_EST;
SCHBSP.1.WINTERN;AIMS: Pacific;2006;59.81023025512695;UIS_EST;
SCHBSP.1.WINTERN;AIMS: Pacific;2007;59.75317001342773;UIS_EST;
SCHBSP.1.WINTERN;AIMS: Pacific;2008;59.62746810913086;UIS_EST;
SCHBSP.1.WINTERN;AIMS: Pacific;2009;59.58517074584961;UIS_EST;
SCHBSP.1.WINTERN;AIMS: Pacific;2010;59.5361213684082;UIS_EST;
SCHBSP.1.WINTERN;AIMS: Pacific;2011;59.44947052001953;UIS_EST;
SCHBSP.1.WINTERN;AIMS: Pacific;2012;59.80838012695313;UIS_EST;
SCHBSP.1.WINTERN;AIMS: Pacific;2013;59.25350952148438;UIS_EST;
SCHBSP.1.WINTERN;AIMS: Pacific;2014;58.76599884033203;UIS_EST;
SCHBSP.1.WINTERN;AIMS: Pacific;2015;58.32630920410156;UIS_EST;
SCHBSP.1.WINTERN;AIMS: Pacific;2016;57.89614105224609;UIS_EST;
SCHBSP.1.WINTERN;AIMS: Pacific;2017;57.54130172729492;UIS_EST;
SCHBSP.1.WINTERN;AIMS: Pacific;2018;57.63832092285156;UIS_EST;
SCHBSP.1.WINTERN;AIMS: Pacific;2019;58.28799819946289;UIS_EST;
SCHBSP.1.WINTERN;AIMS: Pacific;2020;60.46192932128906;UIS_EST;
SCHBSP.1.WINTERN;AIMS: Pacific;2021;67.63054656982422;UIS_EST;
SCHBSP.1.WINTERN;AIMS: Pacific;2022;67.72599029541016;UIS_EST;
SCHBSP.1.WINTERN;AIMS: South and West Asia;2018;10.77272987365723;UIS_EST;
SCHBSP.1.WINTERN;AIMS: South and West Asia;2019;10.78800964355469;;
SCHBSP.1.WINTERN;AIMS: South and West Asia;2020;12.0511999130249;;
SCHBSP.1.WINTERN;AIMS: South and West Asia;2021;14.15223979949951;;
SCHBSP.1.WINTERN;AIMS: South and West Asia;2022;21.15600967407227;;
SCHBSP.1.WINTERN;AIMS: South and West Asia;2023;33.23860931396484;;
SCHBSP.1.WINTERN;AIMS: South and West Asia;2024;36.43014144897461;;
SCHBSP.1.WINTERN;ALB;2018;46.76691729323309;;
SCHBSP.1.WINTERN;ALB;2019;50.70873342478281;;
SCHBSP.1.WINTERN;ALB;2020;56.81390977443609;;
SCHBSP.1.WINTERN;ALB;2021;72.26962457337885;;
SCHBSP.1.WINTERN;ALECSO: Gulf countries;2015;99.54459381103516;UIS_EST;
SCHBSP.1.WINTERN;ALECSO: Gulf countries;2016;100;;
SCHBSP.1.WINTERN;ALECSO: Gulf countries;2017;100;;
SCHBSP.1.WINTERN;ALECSO: Gulf countries;2018;100;;
SCHBSP.1.WINTERN;ALECSO: Gulf countries;2019;100;;
SCHBSP.1.WINTERN;ALECSO: Gulf countries;2020;100;;
SCHBSP.1.WINTERN;ALECSO: Gulf countries;2021;99.90263366699219;;
SCHBSP.1.WINTERN;ALECSO: Gulf countries;2022;99.95011138916016;;
SCHBSP.1.WINTERN;ALECSO: Gulf countries;2023;100;UIS_EST;
SCHBSP.1.WINTERN;ALECSO: Gulf countries;2024;99.72029113769531;;
SCHBSP.1.WINTERN;ALECSO: Maghreb countries;2016;42.97555923461914;UIS_EST;
SCHBSP.1.WINTERN;ALECSO: Maghreb countries;2017;43.294189453125;UIS_EST;
SCHBSP.1.WINTERN;ALECSO: Maghreb countries;2018;42.81338119506836;UIS_EST;
SCHBSP.1.WINTERN;ALECSO: Maghreb countries;2019;45.39506912231445;UIS_EST;
SCHBSP.1.WINTERN;ALECSO: Maghreb countries;2020;46.78892135620117;;
SCHBSP.1.WINTERN;ALECSO: Maghreb countries;2021;46.69895172119141;;
SCHBSP.1.WINTERN;ALECSO: Maghreb countries;2022;46.68132019042969;;
SCHBSP.1.WINTERN;ALECSO: Maghreb countries;2023;67.3681869506836;;
SCHBSP.1.WINTERN;ALECSO: Maghreb countries;2024;45.82754135131836;;
SCHBSP.1.WINTERN;ALECSO: Mashriq countries;2015;44.70537948608398;UIS_EST;
SCHBSP.1.WINTERN;ALECSO: Mashriq countries;2016;45.05886077880859;UIS_EST;
SCHBSP.1.WINTERN;ALECSO: Mashriq countries;2017;50.06900024414063;UIS_EST;
SCHBSP.1.WINTERN;ALECSO: Mashriq countries;2018;55.25035858154297;UIS_EST;
SCHBSP.1.WINTERN;ALECSO: Mashriq countries;2019;60.48460006713867;;
SCHBSP.1.WINTERN;ALECSO: Mashriq countries;2020;50.90163040161133;UIS_EST;
SCHBSP.1.WINTERN;ALECSO: Mashriq countries;2021;40.02611923217773;UIS_EST;
SCHBSP.1.WINTERN;ALECSO: Mashriq countries;2022;41.56557083129883;UIS_EST;
SCHBSP.1.WINTERN;ALECSO: Mashriq countries;2023;41.44350814819336;;
SCHBSP.1.WINTERN;ALECSO: Mashriq countries;2024;40.97935104370117;;
SCHBSP.1.WINTERN;ALECSO: Member countries;2016;54.08675003051758;UIS_EST;
SCHBSP.1.WINTERN;ALECSO: Member countries;2017;56.46905136108398;UIS_EST;
SCHBSP.1.WINTERN;ALECSO: Member countries;2018;58.55342102050781;UIS_EST;
SCHBSP.1.WINTERN;ALECSO: Member countries;2019;61.69329833984375;UIS_EST;
SCHBSP.1.WINTERN;ALECSO: Member countries;2020;58.54365158081055;UIS_EST;
SCHBSP.1.WINTERN;ALECSO: Member countries;2021;54.33470916748047;UIS_EST;
SCHBSP.1.WINTERN;ALECSO: Member countries;2022;55.27639007568359;UIS_EST;
SCHBSP.1.WINTERN;ALECSO: Member countries;2023;61.85084915161133;UIS_EST;
SCHBSP.1.WINTERN;ALECSO: Member countries;2024;54.11619186401367;UIS_EST;
SCHBSP.1.WINTERN;AND;2016;100;;
SCHBSP.1.WINTERN;AND;2017;100;;
SCHBSP.1.WINTERN;AND;2018;100;;
SCHBSP.1.WINTERN;AND;2019;100;;
SCHBSP.1.WINTERN;AND;2020;100;;
SCHBSP.1.WINTERN;AND;2021;100;;
SCHBSP.1.WINTERN;AND;2022;100;;
SCHBSP.1.WINTERN;AND;2023;100;;
SCHBSP.1.WINTERN;AND;2024;100;;
SCHBSP.1.WINTERN;ARE;2018;100;;
SCHBSP.1.WINTERN;ARE;2019;100;;
SCHBSP.1.WINTERN;ARE;2020;100;;
SCHBSP.1.WINTERN;ARE;2021;100;;
SCHBSP.1.WINTERN;ARE;2022;100;;
SCHBSP.1.WINTERN;ARE;2023;100;;
SCHBSP.1.WINTERN;ARE;2024;100;;
SCHBSP.1.WINTERN;ARG;2009;16.97389984130859;;
SCHBSP.1.WINTERN;ARG;2013;36.38232040405273;UIS_EST;
SCHBSP.1.WINTERN;ARG;2015;37.02269143758141;;
SCHBSP.1.WINTERN;ARG;2016;38.33734111989007;;
SCHBSP.1.WINTERN;ARG;2017;39.9820800882211;;
SCHBSP.1.WINTERN;ARG;2018;42.55348516218081;;
SCHBSP.1.WINTERN;ARG;2019;51.15285197311735;;
SCHBSP.1.WINTERN;ARG;2020;57.72501036914144;;
SCHBSP.1.WINTERN;ARG;2021;55.71527537235885;;
SCHBSP.1.WINTERN;ARG;2022;62.38077069820679;;
SCHBSP.1.WINTERN;ARG;2023;64.75566855908885;;
SCHBSP.1.WINTERN;ARM;2018;100;;
SCHBSP.1.WINTERN;ARM;2019;100;;
SCHBSP.1.WINTERN;ARM;2020;100;;
SCHBSP.1.WINTERN;ARM;2021;100;;
SCHBSP.1.WINTERN;ARM;2022;100;;
SCHBSP.1.WINTERN;ARM;2023;100;;
SCHBSP.1.WINTERN;ARM;2024;100;;
SCHBSP.1.WINTERN;ATG;2018;90;;
SCHBSP.1.WINTERN;AUS;2000;100;;
SCHBSP.1.WINTERN;AUS;2001;100;;
SCHBSP.1.WINTERN;AUS;2002;100;;
SCHBSP.1.WINTERN;AUS;2003;100;;
SCHBSP.1.WINTERN;AUS;2004;100;;
SCHBSP.1.WINTERN;AUS;2005;100;;
SCHBSP.1.WINTERN;AUS;2006;100;;
SCHBSP.1.WINTERN;AUS;2007;100;;
SCHBSP.1.WINTERN;AUS;2008;100;;
SCHBSP.1.WINTERN;AUS;2009;100;;
SCHBSP.1.WINTERN;AUS;2010;100;;
SCHBSP.1.WINTERN;AUS;2011;100;;
SCHBSP.1.WINTERN;AUS;2012;100;;
SCHBSP.1.WINTERN;AUS;2013;100;;
SCHBSP.1.WINTERN;AUS;2014;100;;
SCHBSP.1.WINTERN;AUS;2015;100;;
SCHBSP.1.WINTERN;AUS;2016;100;;
SCHBSP.1.WINTERN;AUS;2017;100;;
SCHBSP.1.WINTERN;AUS;2018;100;;
SCHBSP.1.WINTERN;AUS;2019;100;;
SCHBSP.1.WINTERN;AUS;2020;100;;
SCHBSP.1.WINTERN;AUS;2021;100;;
SCHBSP.1.WINTERN;AUT;2012;100;;
SCHBSP.1.WINTERN;AUT;2013;100;;
SCHBSP.1.WINTERN;AUT;2014;100;;
SCHBSP.1.WINTERN;AUT;2015;100;;
SCHBSP.1.WINTERN;AUT;2016;100;;
SCHBSP.1.WINTERN;AUT;2017;100;;
SCHBSP.1.WINTERN;AUT;2018;100;;
SCHBSP.1.WINTERN;AUT;2019;100;;
SCHBSP.1.WINTERN;AUT;2020;100;;
SCHBSP.1.WINTERN;AUT;2021;100;;
SCHBSP.1.WINTERN;AUT;2022;100;;
SCHBSP.1.WINTERN;AZE;2016;49.19318691169879;;
SCHBSP.1.WINTERN;AZE;2017;52.5381850853549;;
SCHBSP.1.WINTERN;AZE;2018;53.62776025236593;;
SCHBSP.1.WINTERN;AZE;2019;54.49425546294211;;
SCHBSP.1.WINTERN;AZE;2020;60.3654410106023;;
SCHBSP.1.WINTERN;AZE;2021;64.31956668923493;;
SCHBSP.1.WINTERN;AZE;2022;68.02982376863986;;
SCHBSP.1.WINTERN;AZE;2023;75.26517716091176;;
SCHBSP.1.WINTERN;AZE;2024;76.79782903663501;;
SCHBSP.1.WINTERN;BDI;2016;0;;NIL
SCHBSP.1.WINTERN;BDI;2017;0;;NIL
SCHBSP.1.WINTERN;BDI;2018;0;;NIL
SCHBSP.1.WINTERN;BDI;2019;0;;NIL
SCHBSP.1.WINTERN;BEL;2012;100;;
SCHBSP.1.WINTERN;BEL;2013;100;;
SCHBSP.1.WINTERN;BEL;2014;100;;
SCHBSP.1.WINTERN;BEL;2015;100;;
SCHBSP.1.WINTERN;BEL;2016;100;;
SCHBSP.1.WINTERN;BEL;2017;100;;
SCHBSP.1.WINTERN;BEL;2018;100;;
SCHBSP.1.WINTERN;BEL;2019;100;;
SCHBSP.1.WINTERN;BEL;2020;100;;
SCHBSP.1.WINTERN;BEL;2021;100;;
SCHBSP.1.WINTERN;BEL;2022;100;;
SCHBSP.1.WINTERN;BFA;2016;0;;NIL
SCHBSP.1.WINTERN;BFA;2018;0.1396293475501396;;
SCHBSP.1.WINTERN;BFA;2019;0.2280873248615184;;
SCHBSP.1.WINTERN;BFA;2020;4.736594227275785;;
SCHBSP.1.WINTERN;BFA;2021;0.2321416727465676;;
SCHBSP.1.WINTERN;BFA;2023;0.4225352112676056;;
SCHBSP.1.WINTERN;BFA;2024;0.3761616757633869;;
SCHBSP.1.WINTERN;BGD;2020;49.29700305258567;;
SCHBSP.1.WINTERN;BGD;2021;49.29700305258567;;
SCHBSP.1.WINTERN;BGD;2022;79.07961480369133;;
SCHBSP.1.WINTERN;BGD;2023;79.22969554217919;;
SCHBSP.1.WINTERN;BGD;2024;70.89969394723752;;
SCHBSP.1.WINTERN;BHR;2016;100;;
SCHBSP.1.WINTERN;BHR;2017;100;;
SCHBSP.1.WINTERN;BHR;2018;100;;
SCHBSP.1.WINTERN;BHR;2019;100;;
SCHBSP.1.WINTERN;BHR;2020;100;;
SCHBSP.1.WINTERN;BHR;2022;100;;
SCHBSP.1.WINTERN;BHR;2023;100;;
SCHBSP.1.WINTERN;BHR;2024;100;;
SCHBSP.1.WINTERN;BLR;2016;80.93287109990546;;
SCHBSP.1.WINTERN;BLR;2017;84.77141017385705;;
SCHBSP.1.WINTERN;BLR;2018;87.00696055684455;;
SCHBSP.1.WINTERN;BLR;2019;99.49290060851928;;
SCHBSP.1.WINTERN;BLR;2020;99.58748710897216;;
SCHBSP.1.WINTERN;BLR;2021;99.62406015037594;;
SCHBSP.1.WINTERN;BLR;2022;99.89568845618915;;
SCHBSP.1.WINTERN;BLR;2023;99.92905285562256;;
SCHBSP.1.WINTERN;BLR;2024;99.96427295462665;;
SCHBSP.1.WINTERN;BMU;2016;100;;
SCHBSP.1.WINTERN;BOL;2013;7.520282186948854;;
SCHBSP.1.WINTERN;BRA;2010;31.51251983642578;;
SCHBSP.1.WINTERN;BRA;2013;24.4985408782959;UIS_EST;
SCHBSP.1.WINTERN;BRA;2017;62.04365158081055;;
SCHBSP.1.WINTERN;BRA;2019;59.80757904052734;UIS_EST;
SCHBSP.1.WINTERN;BTN;2015;45.48192977905273;;
SCHBSP.1.WINTERN;BTN;2018;51.62337875366211;;
SCHBSP.1.WINTERN;BTN;2020;61.42132186889648;;
SCHBSP.1.WINTERN;BTN;2022;66.13333333333333;;
SCHBSP.1.WINTERN;BTN;2023;76.71957671957672;;
SCHBSP.1.WINTERN;BTN;2024;87.56613756613757;;
SCHBSP.1.WINTERN;BWA;2022;62.10153482880756;;
SCHBSP.1.WINTERN;CECC-SICA;2015;18.16819953918457;UIS_EST;
SCHBSP.1.WINTERN;CECC-SICA;2016;18.14496040344238;;
SCHBSP.1.WINTERN;CECC-SICA;2017;17.81242942810059;UIS_EST;
SCHBSP.1.WINTERN;CHE;2011;100;;
SCHBSP.1.WINTERN;CHE;2012;100;;
SCHBSP.1.WINTERN;CHE;2013;100;;
SCHBSP.1.WINTERN;CHE;2014;100;;
SCHBSP.1.WINTERN;CHE;2015;100;;
SCHBSP.1.WINTERN;CHE;2016;100;;
SCHBSP.1.WINTERN;CHE;2017;100;;
SCHBSP.1.WINTERN;CHE;2018;100;;
SCHBSP.1.WINTERN;CHE;2019;100;;
SCHBSP.1.WINTERN;CHL;2013;34.35356140136719;UIS_EST;
SCHBSP.1.WINTERN;CHN;2016;85.60398897782443;;
SCHBSP.1.WINTERN;CHN;2017;92.51603024212844;;
SCHBSP.1.WINTERN;CHN;2018;96.24990269985449;;
SCHBSP.1.WINTERN;CHN;2019;97.81782449895248;;
SCHBSP.1.WINTERN;CHN;2020;98.4289532182731;;
SCHBSP.1.WINTERN;CHN;2021;98.5612011723077;;
SCHBSP.1.WINTERN;CHN;2022;98.67901658683294;;
SCHBSP.1.WINTERN;CHN;2023;98.65005331384081;;
SCHBSP.1.WINTERN;CHN;2024;98.89037582246013;;
SCHBSP.1.WINTERN;CIV;2024;1.206151371997186;;
SCHBSP.1.WINTERN;COD;2015;0;;NIL
SCHBSP.1.WINTERN;COK;2016;100;;
SCHBSP.1.WINTERN;COK;2017;100;;
SCHBSP.1.WINTERN;COK;2018;100;;
SCHBSP.1.WINTERN;COK;2019;100;;
SCHBSP.1.WINTERN;COK;2020;100;;
SCHBSP.1.WINTERN;COK;2021;100;;
SCHBSP.1.WINTERN;COK;2022;100;;
SCHBSP.1.WINTERN;COK;2023;100;;
SCHBSP.1.WINTERN;COK;2024;100;;
SCHBSP.1.WINTERN;COL;2013;50.53887176513672;UIS_EST;
SCHBSP.1.WINTERN;COL;2016;44.08195877075195;;
SCHBSP.1.WINTERN;COL;2017;39.38479995727539;;
SCHBSP.1.WINTERN;COL;2019;39.36109161376953;;
SCHBSP.1.WINTERN;COL;2020;35.20513153076172;;
SCHBSP.1.WINTERN;COL;2021;38.18379974365234;;
SCHBSP.1.WINTERN;COL;2022;47.16794967651367;;
SCHBSP.1.WINTERN;COM;2017;8.02919708029197;;
SCHBSP.1.WINTERN;COM;2021;21.37254901960784;;
SCHBSP.1.WINTERN;COM;2024;14.21319796954315;;
SCHBSP.1.WINTERN;CPV;2017;9.466019417475728;;
SCHBSP.1.WINTERN;CPV;2018;15.85365853658537;;
SCHBSP.1.WINTERN;CPV;2019;29.1358024691358;;
SCHBSP.1.WINTERN;CPV;2020;29.18781725888325;;
SCHBSP.1.WINTERN;CPV;2021;32.14285714285715;;
SCHBSP.1.WINTERN;CPV;2022;35.38461538461539;;
SCHBSP.1.WINTERN;CRI;2013;16.27975082397461;UIS_EST;
SCHBSP.1.WINTERN;CRI;2017;60.11631011962891;;
SCHBSP.1.WINTERN;CRI;2018;59.24420166015625;;
SCHBSP.1.WINTERN;CRI;2019;83.94196319580078;;
SCHBSP.1.WINTERN;CRI;2020;86.29441833496094;;
SCHBSP.1.WINTERN;CUB;2018;12.58789466427685;;
SCHBSP.1.WINTERN;CUB;2019;15.82931865106676;;
SCHBSP.1.WINTERN;CUB;2020;23.75910903341125;;
SCHBSP.1.WINTERN;CUB;2021;42.22038794882377;;
SCHBSP.1.WINTERN;CUB;2022;34.94372769695306;;
SCHBSP.1.WINTERN;CUB;2023;35.51709929954676;;
SCHBSP.1.WINTERN;CUB;2024;39.39975332328354;;
SCHBSP.1.WINTERN;CYM;2010;76.92307692307693;;
SCHBSP.1.WINTERN;CYM;2018;100;;
SCHBSP.1.WINTERN;CYM;2019;100;;
SCHBSP.1.WINTERN;CYM;2020;100;;
SCHBSP.1.WINTERN;CYM;2021;100;;
SCHBSP.1.WINTERN;CYM;2022;100;;
SCHBSP.1.WINTERN;CYM;2023;100;;
SCHBSP.1.WINTERN;CYM;2024;100;;
SCHBSP.1.WINTERN;CZE;2015;96.13890075683594;;
SCHBSP.1.WINTERN;CZE;2016;96.57418823242188;;
SCHBSP.1.WINTERN;CZE;2017;96.5343017578125;;
SCHBSP.1.WINTERN;CZE;2018;96.5699234008789;;
SCHBSP.1.WINTERN;CZE;2019;97.06654357910156;;
SCHBSP.1.WINTERN;CZE;2020;98.17059326171875;;
SCHBSP.1.WINTERN;CZE;2021;98.1096420288086;;
SCHBSP.1.WINTERN;CZE;2022;98.70892333984375;;
SCHBSP.1.WINTERN;DJI;2023;43.05556106567383;;
SCHBSP.1.WINTERN;DMA;2016;100;;
SCHBSP.1.WINTERN;DMA;2019;100;;
SCHBSP.1.WINTERN;DMA;2020;100;;
SCHBSP.1.WINTERN;DMA;2021;100;;
SCHBSP.1.WINTERN;DMA;2022;100;;
SCHBSP.1.WINTERN;DMA;2023;100;;
SCHBSP.1.WINTERN;DNK;2001;100;;
SCHBSP.1.WINTERN;DNK;2002;100;;
SCHBSP.1.WINTERN;DNK;2003;100;;
SCHBSP.1.WINTERN;DNK;2004;100;;
SCHBSP.1.WINTERN;DNK;2005;100;;
SCHBSP.1.WINTERN;DNK;2006;100;;
SCHBSP.1.WINTERN;DNK;2007;100;;
SCHBSP.1.WINTERN;DNK;2008;100;;
SCHBSP.1.WINTERN;DNK;2009;100;;
SCHBSP.1.WINTERN;DNK;2010;100;;
SCHBSP.1.WINTERN;DNK;2011;100;;
SCHBSP.1.WINTERN;DNK;2012;100;;
SCHBSP.1.WINTERN;DNK;2013;100;;
SCHBSP.1.WINTERN;DNK;2014;100;;
SCHBSP.1.WINTERN;DNK;2015;100;;
SCHBSP.1.WINTERN;DNK;2016;100;;
SCHBSP.1.WINTERN;DNK;2017;100;;
SCHBSP.1.WINTERN;DNK;2018;100;;
SCHBSP.1.WINTERN;DNK;2019;100;;
SCHBSP.1.WINTERN;DNK;2020;100;;
SCHBSP.1.WINTERN;DNK;2021;100;;
SCHBSP.1.WINTERN;DOM;2013;24.48353958129883;UIS_EST;
SCHBSP.1.WINTERN;DOM;2016;23.16263365222285;;
SCHBSP.1.WINTERN;DOM;2019;60.79880142211914;UIS_EST;
SCHBSP.1.WINTERN;DOM;2022;52.54638768258981;;
SCHBSP.1.WINTERN;DOM;2023;52.68505079825835;;
SCHBSP.1.WINTERN;DOM;2024;64.77032734952482;;
SCHBSP.1.WINTERN;DZA;2020;5.475726162372985;;
SCHBSP.1.WINTERN;DZA;2021;5.448603380483072;;
SCHBSP.1.WINTERN;DZA;2022;5.533995262335567;;
SCHBSP.1.WINTERN;DZA;2023;59.17068562621191;;
SCHBSP.1.WINTERN;DZA;2024;5.959829807281494;;
SCHBSP.1.WINTERN;DZA;2025;60.71290384987426;;
SCHBSP.1.WINTERN;ECA: AMU (UNSDCode:98111);2016;42.97555923461914;UIS_EST;
SCHBSP.1.WINTERN;ECA: AMU (UNSDCode:98111);2017;43.294189453125;UIS_EST;
SCHBSP.1.WINTERN;ECA: AMU (UNSDCode:98111);2018;42.81338119506836;UIS_EST;
SCHBSP.1.WINTERN;ECA: AMU (UNSDCode:98111);2019;45.39506912231445;UIS_EST;
SCHBSP.1.WINTERN;ECA: AMU (UNSDCode:98111);2020;46.78892135620117;;
SCHBSP.1.WINTERN;ECA: AMU (UNSDCode:98111);2021;46.69895172119141;;
SCHBSP.1.WINTERN;ECA: AMU (UNSDCode:98111);2022;46.68132019042969;;
SCHBSP.1.WINTERN;ECA: AMU (UNSDCode:98111);2023;67.3681869506836;;
SCHBSP.1.WINTERN;ECA: AMU (UNSDCode:98111);2024;45.82754135131836;;
SCHBSP.1.WINTERN;ECA: CEN-SAD (UNSDCode:98112);2020;24.60654067993164;UIS_EST;
SCHBSP.1.WINTERN;ECA: CEN-SAD (UNSDCode:98112);2021;23.75770950317383;UIS_EST;
SCHBSP.1.WINTERN;ECA: CEN-SAD (UNSDCode:98112);2022;24.01545906066895;UIS_EST;
SCHBSP.1.WINTERN;ECA: CEN-SAD (UNSDCode:98112);2023;24.41876983642578;UIS_EST;
SCHBSP.1.WINTERN;ECA: CEN-SAD (UNSDCode:98112);2024;24.63315963745117;UIS_EST;
SCHBSP.1.WINTERN;ECA: COMESA (UNSDCode:98113);2015;17.7840404510498;UIS_EST;
SCHBSP.1.WINTERN;ECA: COMESA (UNSDCode:98113);2016;17.98003959655762;UIS_EST;
SCHBSP.1.WINTERN;ECA: COMESA (UNSDCode:98113);2017;19.70746994018555;UIS_EST;
SCHBSP.1.WINTERN;ECA: COMESA (UNSDCode:98113);2018;21.28920936584473;UIS_EST;
SCHBSP.1.WINTERN;ECA: EAC (UNSDCode:98114);2014;7.765719890594482;UIS_EST;
SCHBSP.1.WINTERN;ECA: EAC (UNSDCode:98114);2015;7.478829860687256;UIS_EST;
SCHBSP.1.WINTERN;ECA: EAC (UNSDCode:98114);2016;7.521100044250488;UIS_EST;
SCHBSP.1.WINTERN;ECA: ECA: Oil LDCs (UNSDCode:98122);2014;11.53744983673096;UIS_EST;
SCHBSP.1.WINTERN;ECA: ECA: Oil LDCs (UNSDCode:98122);2015;11.21191024780273;UIS_EST;
SCHBSP.1.WINTERN;ECA: ECA: Oil LDCs (UNSDCode:98122);2016;11.30988025665283;UIS_EST;
SCHBSP.1.WINTERN;ECA: ECCAS (UNSDCode:98107);2014;3.732199907302856;UIS_EST;
SCHBSP.1.WINTERN;ECA: ECCAS (UNSDCode:98107);2015;3.675839900970459;UIS_EST;
SCHBSP.1.WINTERN;ECA: ECCAS (UNSDCode:98107);2016;3.806099891662598;UIS_EST;
SCHBSP.1.WINTERN;ECA: Island economies (UNSDCode:98115);2017;1.071380019187927;UIS_EST;
SCHBSP.1.WINTERN;ECA: Island economies (UNSDCode:98115);2018;1.088089942932129;;
SCHBSP.1.WINTERN;ECA: Island economies (UNSDCode:98115);2019;1.090019941329956;;
SCHBSP.1.WINTERN;ECA: Island economies (UNSDCode:98115);2020;1.311890006065369;UIS_EST;
SCHBSP.1.WINTERN;ECA: Land-locked LDCs (UNSDCode:98117);2015;6.944620132446289;UIS_EST;
SCHBSP.1.WINTERN;ECA: Land-locked LDCs (UNSDCode:98117);2016;6.995039939880371;UIS_EST;
SCHBSP.1.WINTERN;ECA: Land-locked LDCs (UNSDCode:98117);2020;12.11888027191162;UIS_EST;
SCHBSP.1.WINTERN;ECA: Land-locked LDCs (UNSDCode:98117);2021;12.7500696182251;UIS_EST;
SCHBSP.1.WINTERN;ECA: Land-locked LDCs (UNSDCode:98117);2022;14.00263977050781;UIS_EST;
SCHBSP.1.WINTERN;ECA: Land-locked LDCs (UNSDCode:98117);2023;14.67784023284912;UIS_EST;
SCHBSP.1.WINTERN;ECA: Land-locked LDCs (UNSDCode:98117);2024;15.18589019775391;UIS_EST;
SCHBSP.1.WINTERN;ECA: Land-locked countries (UNSDCode:98116);2015;7.498239994049072;UIS_EST;
SCHBSP.1.WINTERN;ECA: Land-locked countries (UNSDCode:98116);2016;7.628099918365479;UIS_EST;
SCHBSP.1.WINTERN;ECA: Land-locked countries (UNSDCode:98116);2017;8.616849899291992;UIS_EST;
SCHBSP.1.WINTERN;ECA: Land-locked countries (UNSDCode:98116);2018;9.943860054016113;UIS_EST;
SCHBSP.1.WINTERN;ECA: Land-locked countries (UNSDCode:98116);2019;11.9275598526001;UIS_EST;
SCHBSP.1.WINTERN;ECA: Land-locked countries (UNSDCode:98116);2020;12.93262004852295;UIS_EST;
SCHBSP.1.WINTERN;ECA: Land-locked countries (UNSDCode:98116);2021;13.67008018493652;UIS_EST;
SCHBSP.1.WINTERN;ECA: Land-locked countries (UNSDCode:98116);2022;15.00648975372314;UIS_EST;
SCHBSP.1.WINTERN;ECA: Land-locked countries (UNSDCode:98116);2023;15.86746025085449;UIS_EST;
SCHBSP.1.WINTERN;ECA: Land-locked countries (UNSDCode:98116);2024;16.33731079101563;UIS_EST;
SCHBSP.1.WINTERN;ECA: Least developed countries (UNSDCode:98118);2015;9.539230346679688;UIS_EST;
SCHBSP.1.WINTERN;ECA: Least developed countries (UNSDCode:98118);2016;9.548800468444824;UIS_EST;
SCHBSP.1.WINTERN;ECA: Mineral-rich countries (UNSDCode:98119);2015;9.799639701843262;UIS_EST;
SCHBSP.1.WINTERN;ECA: Mineral-rich countries (UNSDCode:98119);2016;9.810110092163086;UIS_EST;
SCHBSP.1.WINTERN;ECA: Mineral-rich countries (UNSDCode:98119);2019;12.7221097946167;UIS_EST;
SCHBSP.1.WINTERN;ECA: Mineral-rich countries (UNSDCode:98119);2020;13.23486995697021;UIS_EST;
SCHBSP.1.WINTERN;ECA: Non-Oil LDCs (UNSDCode:98120);2017;9.336819648742676;UIS_EST;
SCHBSP.1.WINTERN;ECA: Non-Oil LDCs (UNSDCode:98120);2018;10.37763023376465;UIS_EST;
SCHBSP.1.WINTERN;ECA: Non-Oil LDCs (UNSDCode:98120);2019;11.8713903427124;UIS_EST;
SCHBSP.1.WINTERN;ECA: Non-Oil LDCs (UNSDCode:98120);2020;12.86334037780762;UIS_EST;
SCHBSP.1.WINTERN;ECA: Non-Oil Producing (UNSDCode:98121);2019;15.93556022644043;UIS_EST;
SCHBSP.1.WINTERN;ECA: North Africa (UNSDCode:98103);2015;48.65901184082031;UIS_EST;
SCHBSP.1.WINTERN;ECA: North Africa (UNSDCode:98103);2016;48.92692947387695;UIS_EST;
SCHBSP.1.WINTERN;ECA: North Africa (UNSDCode:98103);2017;51.91699981689453;UIS_EST;
SCHBSP.1.WINTERN;ECA: North Africa (UNSDCode:98103);2018;54.24443054199219;UIS_EST;
SCHBSP.1.WINTERN;ECA: North Africa (UNSDCode:98103);2019;58.5447883605957;UIS_EST;
SCHBSP.1.WINTERN;ECA: North Africa (UNSDCode:98103);2020;53.22386169433594;UIS_EST;
SCHBSP.1.WINTERN;ECA: North Africa (UNSDCode:98103);2021;47.00241088867188;UIS_EST;
SCHBSP.1.WINTERN;ECA: North Africa (UNSDCode:98103);2022;47.87670135498047;UIS_EST;
SCHBSP.1.WINTERN;ECA: North Africa (UNSDCode:98103);2023;58.0518913269043;;
SCHBSP.1.WINTERN;ECA: North Africa (UNSDCode:98103);2024;47.05553817749023;;
SCHBSP.1.WINTERN;ECA: SADC (UNSDCode:98110);2014;5.852859973907471;UIS_EST;
SCHBSP.1.WINTERN;ECA: SADC (UNSDCode:98110);2015;5.58542013168335;UIS_EST;
SCHBSP.1.WINTERN;ECA: SADC (UNSDCode:98110);2016;5.639570236206055;UIS_EST;
SCHBSP.1.WINTERN;ECA: SADC (UNSDCode:98110);2017;6.141210079193115;UIS_EST;
SCHBSP.1.WINTERN;ECA: Small Island states (UNSDCode:98125);2016;17.51729011535645;UIS_EST;
SCHBSP.1.WINTERN;ECA: Small Island states (UNSDCode:98125);2017;16.41270065307617;;
SCHBSP.1.WINTERN;ECA: Small Island states (UNSDCode:98125);2018;17.03578948974609;UIS_EST;
SCHBSP.1.WINTERN;ECA: Small Island states (UNSDCode:98125);2019;24.07805061340332;UIS_EST;
SCHBSP.1.WINTERN;ECA: Small Island states (UNSDCode:98125);2020;30.17779922485352;UIS_EST;
SCHBSP.1.WINTERN;ECA: Small Island states (UNSDCode:98125);2021;38.89614868164063;UIS_EST;
SCHBSP.1.WINTERN;ECA: Small Island states (UNSDCode:98125);2022;40.08332824707031;UIS_EST;
SCHBSP.1.WINTERN;ECA: Small Island states (UNSDCode:98125);2023;40.1959114074707;UIS_EST;
SCHBSP.1.WINTERN;ECA: Southern Africa (UNSDCode:98104);2015;10.42473983764648;UIS_EST;
SCHBSP.1.WINTERN;ECA: Southern Africa (UNSDCode:98104);2016;10.64803028106689;UIS_EST;
SCHBSP.1.WINTERN;ECA: Southern Africa (UNSDCode:98104);2017;11.7348804473877;UIS_EST;
SCHBSP.1.WINTERN;ECE: All countries (UNSDCode:98200);2014;93.29649353027344;UIS_EST;
SCHBSP.1.WINTERN;ECE: All countries (UNSDCode:98200);2015;93.66133117675781;UIS_EST;
SCHBSP.1.WINTERN;ECE: All countries (UNSDCode:98200);2016;94.05045318603516;UIS_EST;
SCHBSP.1.WINTERN;ECE: All countries (UNSDCode:98200);2017;94.14266204833984;UIS_EST;
SCHBSP.1.WINTERN;ECE: All countries (UNSDCode:98200);2018;94.1788330078125;UIS_EST;
SCHBSP.1.WINTERN;ECE: All countries (UNSDCode:98200);2019;94.6208267211914;UIS_EST;
SCHBSP.1.WINTERN;ECE: All countries (UNSDCode:98200);2020;95.14398956298828;UIS_EST;
SCHBSP.1.WINTERN;ECE: CIS (CWG) (UNSDCode:98201);2016;77.50460052490234;UIS_EST;
SCHBSP.1.WINTERN;ECE: CIS (CWG) (UNSDCode:98201);2017;78.25055694580078;UIS_EST;
SCHBSP.1.WINTERN;ECE: CIS (CWG) (UNSDCode:98201);2018;78.83892059326172;UIS_EST;
SCHBSP.1.WINTERN;ECE: CIS (CWG) (UNSDCode:98201);2019;81.19197845458984;UIS_EST;
SCHBSP.1.WINTERN;ECE: CIS (CWG) (UNSDCode:98201);2020;85.51972198486328;UIS_EST;
SCHBSP.1.WINTERN;ECE: CIS (CWG) (UNSDCode:98201);2021;85.90857696533203;UIS_EST;
SCHBSP.1.WINTERN;ECE: CIS (CWG) (UNSDCode:98201);2022;86.86038208007812;UIS_EST;
SCHBSP.1.WINTERN;ECE: CIS (CWG) (UNSDCode:98201);2023;88.07996368408203;UIS_EST;
SCHBSP.1.WINTERN;ECE: CIS (CWG) (UNSDCode:98201);2024;88.71190643310547;;
SCHBSP.1.WINTERN;ECE: Eastern Europe, Caucasus and Central Asia (CIS) (UNSDCode:98202);2015;76.46086883544922;UIS_EST;
SCHBSP.1.WINTERN;ECE: Eastern Europe, Caucasus and Central Asia (CIS) (UNSDCode:98202);2016;78.74559783935547;UIS_EST;
SCHBSP.1.WINTERN;ECE: Eastern Europe, Caucasus and Central Asia (CIS) (UNSDCode:98202);2017;79.4486312866211;UIS_EST;
SCHBSP.1.WINTERN;ECE: Eastern Europe, Caucasus and Central Asia (CIS) (UNSDCode:98202);2018;80.0260009765625;UIS_EST;
SCHBSP.1.WINTERN;ECE: Eastern Europe, Caucasus and Central Asia (CIS) (UNSDCode:98202);2019;82.22869110107422;UIS_EST;
SCHBSP.1.WINTERN;ECE: Eastern Europe, Caucasus and Central Asia (CIS) (UNSDCode:98202);2020;86.31990814208984;UIS_EST;
SCHBSP.1.WINTERN;ECE: Eastern Europe, Caucasus and Central Asia (CIS) (UNSDCode:98202);2021;86.68363952636719;UIS_EST;
SCHBSP.1.WINTERN;ECE: Eastern Europe, Caucasus and Central Asia (CIS) (UNSDCode:98202);2022;87.57975769042969;UIS_EST;
SCHBSP.1.WINTERN;ECE: Eastern Europe, Caucasus and Central Asia (CIS) (UNSDCode:98202);2023;88.72456359863281;UIS_EST;
SCHBSP.1.WINTERN;ECE: Eastern Europe, Caucasus and Central Asia (CIS) (UNSDCode:98202);2024;89.31938171386719;;
SCHBSP.1.WINTERN;ECE: Eurasian Economic Union (EAEU) (UNSDCode:98206);2017;86.83212280273438;UIS_EST;
SCHBSP.1.WINTERN;ECE: Eurasian Economic Union (EAEU) (UNSDCode:98206);2018;87.54094696044922;UIS_EST;
SCHBSP.1.WINTERN;ECE: Eurasian Economic Union (EAEU) (UNSDCode:98206);2023;91.83197021484375;UIS_EST;
SCHBSP.1.WINTERN;ECE: Eurasian Economic Union (EAEU) (UNSDCode:98206);2024;91.88919067382812;;
SCHBSP.1.WINTERN;ECE: Euro area (E25) (UNSDCode:98204);2004;92.37210083007812;UIS_EST;
SCHBSP.1.WINTERN;ECE: Euro area (E25) (UNSDCode:98204);2005;92.43325805664062;UIS_EST;
SCHBSP.1.WINTERN;ECE: Euro area (E25) (UNSDCode:98204);2006;92.42118835449219;UIS_EST;
SCHBSP.1.WINTERN;ECE: Euro area (E25) (UNSDCode:98204);2011;92.46343231201172;UIS_EST;
SCHBSP.1.WINTERN;ECE: Euro area (E25) (UNSDCode:98204);2012;92.39154815673828;UIS_EST;
SCHBSP.1.WINTERN;ECE: Euro area (E25) (UNSDCode:98204);2013;92.51309204101562;UIS_EST;
SCHBSP.1.WINTERN;ECE: Euro area (E25) (UNSDCode:98204);2014;92.61990356445312;UIS_EST;
SCHBSP.1.WINTERN;ECE: Euro area (E25) (UNSDCode:98204);2015;92.6253433227539;UIS_EST;
SCHBSP.1.WINTERN;ECE: Euro area (E25) (UNSDCode:98204);2016;92.68917083740234;UIS_EST;
SCHBSP.1.WINTERN;ECE: Euro area (E25) (UNSDCode:98204);2017;92.6065673828125;UIS_EST;
SCHBSP.1.WINTERN;ECE: European Union (EMU) (UNSDCode:98203);2004;92.93557739257812;UIS_EST;
SCHBSP.1.WINTERN;ECE: European Union (EMU) (UNSDCode:98203);2005;93.14997100830078;UIS_EST;
SCHBSP.1.WINTERN;ECE: European Union (EMU) (UNSDCode:98203);2006;93.19022369384766;UIS_EST;
SCHBSP.1.WINTERN;ECE: European Union (EMU) (UNSDCode:98203);2011;93.20287322998047;UIS_EST;
SCHBSP.1.WINTERN;ECE: European Union (EMU) (UNSDCode:98203);2012;93.1495132446289;UIS_EST;
SCHBSP.1.WINTERN;ECE: European Union (EMU) (UNSDCode:98203);2013;93.25942993164062;UIS_EST;
SCHBSP.1.WINTERN;ECE: European Union (EMU) (UNSDCode:98203);2014;93.35507202148438;UIS_EST;
SCHBSP.1.WINTERN;ECE: European Union (EMU) (UNSDCode:98203);2015;93.3751220703125;UIS_EST;
SCHBSP.1.WINTERN;ECE: European Union (EMU) (UNSDCode:98203);2016;93.45226287841797;UIS_EST;
SCHBSP.1.WINTERN;ECE: European Union (EMU) (UNSDCode:98203);2017;93.5118637084961;UIS_EST;
SCHBSP.1.WINTERN;ECLAC: All countries (UNSDCode:98300);2009;29.99027061462402;UIS_EST;
SCHBSP.1.WINTERN;ECLAC: All countries (UNSDCode:98300);2010;30.59618949890137;UIS_EST;
SCHBSP.1.WINTERN;ECLAC: All countries (UNSDCode:98300);2011;32.14558029174805;UIS_EST;
SCHBSP.1.WINTERN;ECLAC: All countries (UNSDCode:98300);2012;33.86167144775391;UIS_EST;
SCHBSP.1.WINTERN;ECLAC: All countries (UNSDCode:98300);2013;35.4109992980957;UIS_EST;
SCHBSP.1.WINTERN;ECLAC: All countries (UNSDCode:98300);2014;36.93830871582031;UIS_EST;
SCHBSP.1.WINTERN;ECLAC: All countries (UNSDCode:98300);2015;38.4488410949707;UIS_EST;
SCHBSP.1.WINTERN;ECLAC: All countries (UNSDCode:98300);2016;39.70454025268555;UIS_EST;
SCHBSP.1.WINTERN;ECLAC: All countries (UNSDCode:98300);2017;40.07791137695313;UIS_EST;
SCHBSP.1.WINTERN;ECLAC: All countries (UNSDCode:98300);2018;40.29180908203125;UIS_EST;
SCHBSP.1.WINTERN;ECLAC: All countries (UNSDCode:98300);2019;41.85210037231445;UIS_EST;
SCHBSP.1.WINTERN;ECLAC: All countries (UNSDCode:98300);2020;41.25466156005859;UIS_EST;
SCHBSP.1.WINTERN;ECLAC: All countries (UNSDCode:98300);2021;42.19491958618164;UIS_EST;
SCHBSP.1.WINTERN;ECLAC: All countries (UNSDCode:98300);2022;44.10131072998047;UIS_EST;
SCHBSP.1.WINTERN;ECLAC: All countries (UNSDCode:98300);2023;44.05252838134766;UIS_EST;
SCHBSP.1.WINTERN;ECLAC: Carribean (UNSDCode:98301);2022;83.2906723022461;UIS_EST;
SCHBSP.1.WINTERN;ECLAC: Carribean (UNSDCode:98301);2023;86.21634674072266;UIS_EST;
SCHBSP.1.WINTERN;ECLAC: Carribean (UNSDCode:98301);2024;86.20938110351562;UIS_EST;
SCHBSP.1.WINTERN;ECLAC: Latin America (UNSDCode:98302);2009;29.59749031066895;UIS_EST;
SCHBSP.1.WINTERN;ECLAC: Latin America (UNSDCode:98302);2010;30.20306015014648;UIS_EST;
SCHBSP.1.WINTERN;ECLAC: Latin America (UNSDCode:98302);2011;31.75897979736328;UIS_EST;
SCHBSP.1.WINTERN;ECLAC: Latin America (UNSDCode:98302);2012;33.47811889648438;UIS_EST;
SCHBSP.1.WINTERN;ECLAC: Latin America (UNSDCode:98302);2013;35.03406143188477;UIS_EST;
SCHBSP.1.WINTERN;ECLAC: Latin America (UNSDCode:98302);2014;36.56721115112305;UIS_EST;
SCHBSP.1.WINTERN;ECLAC: Latin America (UNSDCode:98302);2015;38.08261871337891;UIS_EST;
SCHBSP.1.WINTERN;ECLAC: Latin America (UNSDCode:98302);2016;39.33969879150391;UIS_EST;
SCHBSP.1.WINTERN;ECLAC: Latin America (UNSDCode:98302);2017;39.69361877441406;UIS_EST;
SCHBSP.1.WINTERN;ECLAC: Latin America (UNSDCode:98302);2018;39.92129135131836;UIS_EST;
SCHBSP.1.WINTERN;ECLAC: Latin America (UNSDCode:98302);2019;41.49420928955078;UIS_EST;
SCHBSP.1.WINTERN;ECLAC: Latin America (UNSDCode:98302);2020;40.88365936279297;UIS_EST;
SCHBSP.1.WINTERN;ECLAC: Latin America (UNSDCode:98302);2021;41.80635833740234;UIS_EST;
SCHBSP.1.WINTERN;ECLAC: Latin America (UNSDCode:98302);2022;43.72409057617188;UIS_EST;
SCHBSP.1.WINTERN;ECLAC: Latin America (UNSDCode:98302);2023;43.66975021362305;UIS_EST;
SCHBSP.1.WINTERN;ECU;2009;15.26377010345459;;
SCHBSP.1.WINTERN;ECU;2013;49.49921035766602;UIS_EST;
SCHBSP.1.WINTERN;ECU;2016;37.19972546328071;;
SCHBSP.1.WINTERN;ECU;2017;38.16319321794419;;
SCHBSP.1.WINTERN;ECU;2018;39.27888361549904;;
SCHBSP.1.WINTERN;ECU;2019;40.05841704067821;;
SCHBSP.1.WINTERN;ECU;2020;41.09921484653818;;
SCHBSP.1.WINTERN;ECU;2021;41.58815612382234;;
SCHBSP.1.WINTERN;ECU;2022;55.56346044393853;;
SCHBSP.1.WINTERN;ECU;2023;43.17330127978505;;
SCHBSP.1.WINTERN;ECU;2024;59.44951531875752;;
SCHBSP.1.WINTERN;EGY;2016;47.58319253654595;;
SCHBSP.1.WINTERN;EGY;2019;71.27625317542667;;
SCHBSP.1.WINTERN;EGY;2023;30.41058961775074;;
SCHBSP.1.WINTERN;EGY;2024;32.5140545728781;;
SCHBSP.1.WINTERN;ESCAP: ASEAN (ASEAN) (UNSDCode:98406);2017;65.89164733886719;UIS_EST;
SCHBSP.1.WINTERN;ESCAP: ASEAN (ASEAN) (UNSDCode:98406);2018;66.61518096923828;UIS_EST;
SCHBSP.1.WINTERN;ESCAP: ASEAN (ASEAN) (UNSDCode:98406);2019;65.86026763916016;UIS_EST;
SCHBSP.1.WINTERN;ESCAP: ASEAN (ASEAN) (UNSDCode:98406);2021;67.22759246826172;UIS_EST;
SCHBSP.1.WINTERN;ESCAP: ASEAN (ASEAN) (UNSDCode:98406);2022;68.9284896850586;UIS_EST;
SCHBSP.1.WINTERN;ESCAP: ASEAN (ASEAN) (UNSDCode:98406);2023;70.6559829711914;UIS_EST;
SCHBSP.1.WINTERN;ESCAP: ASEAN (ASEAN) (UNSDCode:98406);2024;67.20964050292969;;
SCHBSP.1.WINTERN;ESCAP: All countries (UNSDCode:98400);2018;32.68896102905273;UIS_EST;
SCHBSP.1.WINTERN;ESCAP: All countries (UNSDCode:98400);2019;32.53166961669922;;
SCHBSP.1.WINTERN;ESCAP: All countries (UNSDCode:98400);2020;34.02584075927734;;
SCHBSP.1.WINTERN;ESCAP: All countries (UNSDCode:98400);2021;35.74671936035156;UIS_EST;
SCHBSP.1.WINTERN;ESCAP: All countries (UNSDCode:98400);2022;40.75458908081055;UIS_EST;
SCHBSP.1.WINTERN;ESCAP: All countries (UNSDCode:98400);2023;49.0501594543457;;
SCHBSP.1.WINTERN;ESCAP: All countries (UNSDCode:98400);2024;50.54573822021484;;
SCHBSP.1.WINTERN;ESCAP: Countries with Special Needs (CSN) (UNSDCode:98434);2019;37.13568878173828;UIS_EST;
SCHBSP.1.WINTERN;ESCAP: Countries with Special Needs (CSN) (UNSDCode:98434);2020;37.96868896484375;;
SCHBSP.1.WINTERN;ESCAP: Countries with Special Needs (CSN) (UNSDCode:98434);2021;39.8468017578125;UIS_EST;
SCHBSP.1.WINTERN;ESCAP: ECO (ECO) (UNSDCode:98407);2023;21.63212966918945;UIS_EST;
SCHBSP.1.WINTERN;ESCAP: ECO (ECO) (UNSDCode:98407);2024;21.89916038513184;;
SCHBSP.1.WINTERN;ESCAP: East and North-East Asia (ENEA) (UNSDCode:98408);2015;83.12357330322266;UIS_EST;
SCHBSP.1.WINTERN;ESCAP: East and North-East Asia (ENEA) (UNSDCode:98408);2016;83.11290740966797;;
SCHBSP.1.WINTERN;ESCAP: East and North-East Asia (ENEA) (UNSDCode:98408);2017;88.70333862304688;;
SCHBSP.1.WINTERN;ESCAP: East and North-East Asia (ENEA) (UNSDCode:98408);2018;91.65753173828125;;
SCHBSP.1.WINTERN;ESCAP: East and North-East Asia (ENEA) (UNSDCode:98408);2019;92.86647033691406;;
SCHBSP.1.WINTERN;ESCAP: East and North-East Asia (ENEA) (UNSDCode:98408);2020;93.4017333984375;;
SCHBSP.1.WINTERN;ESCAP: East and North-East Asia (ENEA) (UNSDCode:98408);2021;93.58770751953125;;
SCHBSP.1.WINTERN;ESCAP: East and North-East Asia (ENEA) (UNSDCode:98408);2022;93.8662109375;;
SCHBSP.1.WINTERN;ESCAP: East and North-East Asia (ENEA) (UNSDCode:98408);2023;93.99899291992188;;
SCHBSP.1.WINTERN;ESCAP: East and North-East Asia (ENEA) (UNSDCode:98408);2024;93.86659240722656;;
SCHBSP.1.WINTERN;ESCAP: Europe (Europe) (UNSDCode:98423);2004;89.00691986083984;UIS_EST;
SCHBSP.1.WINTERN;ESCAP: Europe (Europe) (UNSDCode:98423);2005;89.19029998779297;UIS_EST;
SCHBSP.1.WINTERN;ESCAP: Europe (Europe) (UNSDCode:98423);2006;89.22521209716797;UIS_EST;
SCHBSP.1.WINTERN;ESCAP: Europe (Europe) (UNSDCode:98423);2013;91.05402374267578;UIS_EST;
SCHBSP.1.WINTERN;ESCAP: Europe (Europe) (UNSDCode:98423);2014;91.72223663330078;UIS_EST;
SCHBSP.1.WINTERN;ESCAP: Europe (Europe) (UNSDCode:98423);2015;92.36064910888672;UIS_EST;
SCHBSP.1.WINTERN;ESCAP: Europe (Europe) (UNSDCode:98423);2016;93.06011962890625;UIS_EST;
SCHBSP.1.WINTERN;ESCAP: Europe (Europe) (UNSDCode:98423);2017;93.19943237304688;UIS_EST;
SCHBSP.1.WINTERN;ESCAP: LDC (LDC_E) (UNSDCode:98411);2019;31.80110931396484;UIS_EST;
SCHBSP.1.WINTERN;ESCAP: LDC (LDC_E) (UNSDCode:98411);2020;31.80640029907227;;
SCHBSP.1.WINTERN;ESCAP: LDC (LDC_E) (UNSDCode:98411);2021;33.32955932617188;UIS_EST;
SCHBSP.1.WINTERN;ESCAP: LLDC (LLDC_E) (UNSDCode:98412);2019;36.16976165771484;UIS_EST;
SCHBSP.1.WINTERN;ESCAP: LLDC (LLDC_E) (UNSDCode:98412);2020;38.50566101074219;;
SCHBSP.1.WINTERN;ESCAP: LLDC (LLDC_E) (UNSDCode:98412);2021;42.69010925292969;UIS_EST;
SCHBSP.1.WINTERN;ESCAP: LLDC (LLDC_E) (UNSDCode:98412);2022;47.4823112487793;UIS_EST;
SCHBSP.1.WINTERN;ESCAP: LLDC (LLDC_E) (UNSDCode:98412);2023;52.45434188842773;UIS_EST;
SCHBSP.1.WINTERN;ESCAP: LLDC (LLDC_E) (UNSDCode:98412);2024;57.06306838989258;;
SCHBSP.1.WINTERN;ESCAP: Latin America (LAC) (UNSDCode:98424);2009;29.99027061462402;UIS_EST;
SCHBSP.1.WINTERN;ESCAP: Latin America (LAC) (UNSDCode:98424);2010;30.59618949890137;UIS_EST;
SCHBSP.1.WINTERN;ESCAP: Latin America (LAC) (UNSDCode:98424);2011;32.14558029174805;UIS_EST;
SCHBSP.1.WINTERN;ESCAP: Latin America (LAC) (UNSDCode:98424);2012;33.86167144775391;UIS_EST;
SCHBSP.1.WINTERN;ESCAP: Latin America (LAC) (UNSDCode:98424);2013;35.4109992980957;UIS_EST;
SCHBSP.1.WINTERN;ESCAP: Latin America (LAC) (UNSDCode:98424);2014;36.93830871582031;UIS_EST;
SCHBSP.1.WINTERN;ESCAP: Latin America (LAC) (UNSDCode:98424);2015;38.4488410949707;UIS_EST;
SCHBSP.1.WINTERN;ESCAP: Latin America (LAC) (UNSDCode:98424);2016;39.70454025268555;UIS_EST;
SCHBSP.1.WINTERN;ESCAP: Latin America (LAC) (UNSDCode:98424);2017;40.07791137695313;UIS_EST;
SCHBSP.1.WINTERN;ESCAP: Latin America (LAC) (UNSDCode:98424);2018;40.29180908203125;UIS_EST;
SCHBSP.1.WINTERN;ESCAP: Latin America (LAC) (UNSDCode:98424);2019;41.85210037231445;UIS_EST;
SCHBSP.1.WINTERN;ESCAP: Latin America (LAC) (UNSDCode:98424);2020;41.25466156005859;UIS_EST;
SCHBSP.1.WINTERN;ESCAP: Latin America (LAC) (UNSDCode:98424);2021;42.19491958618164;UIS_EST;
SCHBSP.1.WINTERN;ESCAP: Latin America (LAC) (UNSDCode:98424);2022;44.10131072998047;UIS_EST;
SCHBSP.1.WINTERN;ESCAP: Latin America (LAC) (UNSDCode:98424);2023;44.05252838134766;UIS_EST;
SCHBSP.1.WINTERN;ESCAP: North America (NAM) (UNSDCode:98425);2014;99.70076751708984;UIS_EST;
SCHBSP.1.WINTERN;ESCAP: North America (NAM) (UNSDCode:98425);2015;99.70468139648438;;
SCHBSP.1.WINTERN;ESCAP: North America (NAM) (UNSDCode:98425);2016;99.70575714111328;UIS_EST;
SCHBSP.1.WINTERN;ESCAP: North America (NAM) (UNSDCode:98425);2017;99.69786071777344;UIS_EST;
SCHBSP.1.WINTERN;ESCAP: North America (NAM) (UNSDCode:98425);2018;99.67478942871094;UIS_EST;
SCHBSP.1.WINTERN;ESCAP: North America (NAM) (UNSDCode:98425);2019;99.69571685791016;;
SCHBSP.1.WINTERN;ESCAP: North America (NAM) (UNSDCode:98425);2020;99.71266174316406;UIS_EST;
SCHBSP.1.WINTERN;ESCAP: North and Central Asia (NCA) (UNSDCode:98417);2016;79.79379272460938;UIS_EST;
SCHBSP.1.WINTERN;ESCAP: North and Central Asia (NCA) (UNSDCode:98417);2017;80.15154266357422;UIS_EST;
SCHBSP.1.WINTERN;ESCAP: North and Central Asia (NCA) (UNSDCode:98417);2018;79.92819213867188;UIS_EST;
SCHBSP.1.WINTERN;ESCAP: North and Central Asia (NCA) (UNSDCode:98417);2019;80.39508819580078;UIS_EST;
SCHBSP.1.WINTERN;ESCAP: North and Central Asia (NCA) (UNSDCode:98417);2020;84.84310913085938;UIS_EST;
SCHBSP.1.WINTERN;ESCAP: North and Central Asia (NCA) (UNSDCode:98417);2021;85.0144271850586;UIS_EST;
SCHBSP.1.WINTERN;ESCAP: North and Central Asia (NCA) (UNSDCode:98417);2022;86.02159881591797;UIS_EST;
SCHBSP.1.WINTERN;ESCAP: North and Central Asia (NCA) (UNSDCode:98417);2023;87.39598846435547;UIS_EST;
SCHBSP.1.WINTERN;ESCAP: North and Central Asia (NCA) (UNSDCode:98417);2024;88.06533813476562;;
SCHBSP.1.WINTERN;ESCAP: Other Area (OTH_REGION) (UNSDCode:98426);2016;65.14351654052734;UIS_EST;
SCHBSP.1.WINTERN;ESCAP: Other Area (OTH_REGION) (UNSDCode:98426);2017;66.75301361083984;UIS_EST;
SCHBSP.1.WINTERN;ESCAP: Other Area (OTH_REGION) (UNSDCode:98426);2018;68.5013427734375;UIS_EST;
SCHBSP.1.WINTERN;ESCAP: Other Area (OTH_REGION) (UNSDCode:98426);2019;70.09803771972656;UIS_EST;
SCHBSP.1.WINTERN;ESCAP: Other Area (OTH_REGION) (UNSDCode:98426);2020;70.83477020263672;UIS_EST;
SCHBSP.1.WINTERN;ESCAP: Other Area (OTH_REGION) (UNSDCode:98426);2021;69.9939193725586;UIS_EST;
SCHBSP.1.WINTERN;ESCAP: Other Area (OTH_REGION) (UNSDCode:98426);2022;70.60936737060547;UIS_EST;
SCHBSP.1.WINTERN;ESCAP: Other Area (OTH_REGION) (UNSDCode:98426);2023;71.75267028808594;UIS_EST;
SCHBSP.1.WINTERN;ESCAP: Other Area (OTH_REGION) (UNSDCode:98426);2024;69.65985870361328;UIS_EST;
SCHBSP.1.WINTERN;ESCAP: PACIFIC (PAC) (UNSDCode:98418);2000;59.83121109008789;UIS_EST;
SCHBSP.1.WINTERN;ESCAP: PACIFIC (PAC) (UNSDCode:98418);2001;59.82072067260742;UIS_EST;
SCHBSP.1.WINTERN;ESCAP: PACIFIC (PAC) (UNSDCode:98418);2002;59.83686828613281;UIS_EST;
SCHBSP.1.WINTERN;ESCAP: PACIFIC (PAC) (UNSDCode:98418);2003;59.81660842895508;UIS_EST;
SCHBSP.1.WINTERN;ESCAP: PACIFIC (PAC) (UNSDCode:98418);2004;59.82659149169922;UIS_EST;
SCHBSP.1.WINTERN;ESCAP: PACIFIC (PAC) (UNSDCode:98418);2005;59.8365592956543;UIS_EST;
SCHBSP.1.WINTERN;ESCAP: PACIFIC (PAC) (UNSDCode:98418);2006;59.81782150268555;UIS_EST;
SCHBSP.1.WINTERN;ESCAP: PACIFIC (PAC) (UNSDCode:98418);2007;59.76076126098633;UIS_EST;
SCHBSP.1.WINTERN;ESCAP: PACIFIC (PAC) (UNSDCode:98418);2008;59.6350212097168;UIS_EST;
SCHBSP.1.WINTERN;ESCAP: PACIFIC (PAC) (UNSDCode:98418);2009;59.59273910522461;UIS_EST;
SCHBSP.1.WINTERN;ESCAP: PACIFIC (PAC) (UNSDCode:98418);2010;59.54370880126953;UIS_EST;
SCHBSP.1.WINTERN;ESCAP: PACIFIC (PAC) (UNSDCode:98418);2011;59.45706176757813;UIS_EST;
SCHBSP.1.WINTERN;ESCAP: PACIFIC (PAC) (UNSDCode:98418);2012;59.81607055664063;UIS_EST;
SCHBSP.1.WINTERN;ESCAP: PACIFIC (PAC) (UNSDCode:98418);2013;59.26100158691406;UIS_EST;
SCHBSP.1.WINTERN;ESCAP: PACIFIC (PAC) (UNSDCode:98418);2014;58.77330017089844;UIS_EST;
SCHBSP.1.WINTERN;ESCAP: PACIFIC (PAC) (UNSDCode:98418);2015;58.33343124389648;UIS_EST;
SCHBSP.1.WINTERN;ESCAP: PACIFIC (PAC) (UNSDCode:98418);2016;57.90307998657227;UIS_EST;
SCHBSP.1.WINTERN;ESCAP: PACIFIC (PAC) (UNSDCode:98418);2017;57.54806137084961;UIS_EST;
SCHBSP.1.WINTERN;ESCAP: PACIFIC (PAC) (UNSDCode:98418);2018;57.64495086669922;UIS_EST;
SCHBSP.1.WINTERN;ESCAP: PACIFIC (PAC) (UNSDCode:98418);2019;58.29468154907227;UIS_EST;
SCHBSP.1.WINTERN;ESCAP: PACIFIC (PAC) (UNSDCode:98418);2020;60.46884918212891;UIS_EST;
SCHBSP.1.WINTERN;ESCAP: PACIFIC (PAC) (UNSDCode:98418);2021;67.62684631347656;UIS_EST;
SCHBSP.1.WINTERN;ESCAP: PACIFIC (PAC) (UNSDCode:98418);2022;67.72229766845703;UIS_EST;
SCHBSP.1.WINTERN;ESCAP: SAARC (SAARC) (UNSDCode:98428);2018;10.78477954864502;UIS_EST;
SCHBSP.1.WINTERN;ESCAP: SAARC (SAARC) (UNSDCode:98428);2019;10.80105972290039;;
SCHBSP.1.WINTERN;ESCAP: SAARC (SAARC) (UNSDCode:98428);2020;12.13889980316162;;
SCHBSP.1.WINTERN;ESCAP: SAARC (SAARC) (UNSDCode:98428);2021;14.36456966400146;;
SCHBSP.1.WINTERN;ESCAP: SAARC (SAARC) (UNSDCode:98428);2022;21.7926197052002;;
SCHBSP.1.WINTERN;ESCAP: SAARC (SAARC) (UNSDCode:98428);2023;34.62189102172852;;
SCHBSP.1.WINTERN;ESCAP: SAARC (SAARC) (UNSDCode:98428);2024;38.01805877685547;;
SCHBSP.1.WINTERN;ESCAP: South and South-West Asia (SSWA) (UNSDCode:98420);2018;12.49934005737305;UIS_EST;
SCHBSP.1.WINTERN;ESCAP: South and South-West Asia (SSWA) (UNSDCode:98420);2019;12.50870990753174;;
SCHBSP.1.WINTERN;ESCAP: South and South-West Asia (SSWA) (UNSDCode:98420);2020;13.82505989074707;;
SCHBSP.1.WINTERN;ESCAP: South and South-West Asia (SSWA) (UNSDCode:98420);2021;15.8831901550293;;
SCHBSP.1.WINTERN;ESCAP: South and South-West Asia (SSWA) (UNSDCode:98420);2022;22.76886940002441;;
SCHBSP.1.WINTERN;ESCAP: South and South-West Asia (SSWA) (UNSDCode:98420);2023;34.62411117553711;;
SCHBSP.1.WINTERN;ESCAP: South and South-West Asia (SSWA) (UNSDCode:98420);2024;37.75717163085938;;
SCHBSP.1.WINTERN;ESCAP: South-East Asia (SEA) (UNSDCode:98419);2017;65.89164733886719;UIS_EST;
SCHBSP.1.WINTERN;ESCAP: South-East Asia (SEA) (UNSDCode:98419);2018;66.61518096923828;UIS_EST;
SCHBSP.1.WINTERN;ESCAP: South-East Asia (SEA) (UNSDCode:98419);2019;65.86026763916016;UIS_EST;
SCHBSP.1.WINTERN;ESCAP: South-East Asia (SEA) (UNSDCode:98419);2021;67.22759246826172;UIS_EST;
SCHBSP.1.WINTERN;ESCAP: South-East Asia (SEA) (UNSDCode:98419);2022;68.9284896850586;UIS_EST;
SCHBSP.1.WINTERN;ESCAP: South-East Asia (SEA) (UNSDCode:98419);2023;70.6559829711914;UIS_EST;
SCHBSP.1.WINTERN;ESCAP: South-East Asia (SEA) (UNSDCode:98419);2024;67.20964050292969;;
SCHBSP.1.WINTERN;ESCAP: WB High Income Economies (WB_HIGH) (UNSDCode:98436);2018;78.45751190185547;UIS_EST;
SCHBSP.1.WINTERN;ESCAP: WB High Income Economies (WB_HIGH) (UNSDCode:98436);2019;78.62306213378906;UIS_EST;
SCHBSP.1.WINTERN;ESCAP: WB High Income Economies (WB_HIGH) (UNSDCode:98436);2020;78.96562957763672;UIS_EST;
SCHBSP.1.WINTERN;ESCAP: WB High Income Economies (WB_HIGH) (UNSDCode:98436);2021;79.75335693359375;UIS_EST;
SCHBSP.1.WINTERN;ESCAP: WB High Income Economies (WB_HIGH) (UNSDCode:98436);2022;80.59573364257812;UIS_EST;
SCHBSP.1.WINTERN;ESCAP: WB Low Income Economies (WB_LOW) (UNSDCode:98439);2015;12.05749034881592;UIS_EST;
SCHBSP.1.WINTERN;ESCAP: WB Low Income Economies (WB_LOW) (UNSDCode:98439);2016;12.03516960144043;UIS_EST;
SCHBSP.1.WINTERN;ESCAP: WB Lower Middle Income Economies (WB_LOWER_MID) (UNSDCode:98438);2018;15.13654041290283;UIS_EST;
SCHBSP.1.WINTERN;ESCAP: WB Lower Middle Income Economies (WB_LOWER_MID) (UNSDCode:98438);2019;15.62409973144531;UIS_EST;
SCHBSP.1.WINTERN;ESCAP: WB Lower Middle Income Economies (WB_LOWER_MID) (UNSDCode:98438);2020;16.60062980651855;;
SCHBSP.1.WINTERN;ESCAP: WB Lower Middle Income Economies (WB_LOWER_MID) (UNSDCode:98438);2021;18.39170074462891;UIS_EST;
SCHBSP.1.WINTERN;ESCAP: WB Lower Middle Income Economies (WB_LOWER_MID) (UNSDCode:98438);2022;23.6215991973877;UIS_EST;
SCHBSP.1.WINTERN;ESCAP: WB Lower Middle Income Economies (WB_LOWER_MID) (UNSDCode:98438);2023;32.82883071899414;UIS_EST;
SCHBSP.1.WINTERN;ESCAP: WB Lower Middle Income Economies (WB_LOWER_MID) (UNSDCode:98438);2024;34.77304840087891;;
SCHBSP.1.WINTERN;ESCAP: WB Upper Middle Income Economies (WB_UPPER_MID) (UNSDCode:98437);2015;87.76863861083984;UIS_EST;
SCHBSP.1.WINTERN;ESCAP: WB Upper Middle Income Economies (WB_UPPER_MID) (UNSDCode:98437);2016;87.76225280761719;UIS_EST;
SCHBSP.1.WINTERN;ESCAP: WB Upper Middle Income Economies (WB_UPPER_MID) (UNSDCode:98437);2017;90.6368408203125;UIS_EST;
SCHBSP.1.WINTERN;ESCAP: WB Upper Middle Income Economies (WB_UPPER_MID) (UNSDCode:98437);2018;92.07279968261719;UIS_EST;
SCHBSP.1.WINTERN;ESCAP: WB Upper Middle Income Economies (WB_UPPER_MID) (UNSDCode:98437);2019;92.75199127197266;UIS_EST;
SCHBSP.1.WINTERN;ESCAP: WB Upper Middle Income Economies (WB_UPPER_MID) (UNSDCode:98437);2020;93.14698028564453;UIS_EST;
SCHBSP.1.WINTERN;ESCAP: WB Upper Middle Income Economies (WB_UPPER_MID) (UNSDCode:98437);2021;93.31942749023438;UIS_EST;
SCHBSP.1.WINTERN;ESCAP: WB Upper Middle Income Economies (WB_UPPER_MID) (UNSDCode:98437);2022;93.46090698242188;UIS_EST;
SCHBSP.1.WINTERN;ESCAP: WB Upper Middle Income Economies (WB_UPPER_MID) (UNSDCode:98437);2023;93.5651626586914;;
SCHBSP.1.WINTERN;ESCAP: WB Upper Middle Income Economies (WB_UPPER_MID) (UNSDCode:98437);2024;89.57317352294922;;
SCHBSP.1.WINTERN;ESCWA: All countries (UNSDCode:98500);2015;61.71068954467773;UIS_EST;
SCHBSP.1.WINTERN;ESCWA: All countries (UNSDCode:98500);2016;62.04623031616211;UIS_EST;
SCHBSP.1.WINTERN;ESCWA: All countries (UNSDCode:98500);2017;64.80634307861328;UIS_EST;
SCHBSP.1.WINTERN;ESCWA: All countries (UNSDCode:98500);2018;67.32833099365234;UIS_EST;
SCHBSP.1.WINTERN;ESCWA: All countries (UNSDCode:98500);2019;70.90132141113281;UIS_EST;
SCHBSP.1.WINTERN;ESCWA: All countries (UNSDCode:98500);2020;67.26811981201172;UIS_EST;
SCHBSP.1.WINTERN;ESCWA: All countries (UNSDCode:98500);2021;62.33681106567383;UIS_EST;
SCHBSP.1.WINTERN;ESCWA: All countries (UNSDCode:98500);2022;63.83158111572266;UIS_EST;
SCHBSP.1.WINTERN;ESCWA: All countries (UNSDCode:98500);2023;63.33364105224609;UIS_EST;
SCHBSP.1.WINTERN;ESCWA: All countries (UNSDCode:98500);2024;62.31975936889648;UIS_EST;
SCHBSP.1.WINTERN;ESCWA: Arab Middle-Income Countries (MICs) (UNSDCode:98508);2015;46.85430908203125;UIS_EST;
SCHBSP.1.WINTERN;ESCWA: Arab Middle-Income Countries (MICs) (UNSDCode:98508);2016;47.02101898193359;UIS_EST;
SCHBSP.1.WINTERN;ESCWA: Arab Middle-Income Countries (MICs) (UNSDCode:98508);2017;49.96601867675781;UIS_EST;
SCHBSP.1.WINTERN;ESCWA: Arab Middle-Income Countries (MICs) (UNSDCode:98508);2018;52.58691024780273;UIS_EST;
SCHBSP.1.WINTERN;ESCWA: Arab Middle-Income Countries (MICs) (UNSDCode:98508);2019;56.70439147949219;UIS_EST;
SCHBSP.1.WINTERN;ESCWA: Arab Middle-Income Countries (MICs) (UNSDCode:98508);2020;51.67475128173828;UIS_EST;
SCHBSP.1.WINTERN;ESCWA: Arab Middle-Income Countries (MICs) (UNSDCode:98508);2021;45.59199142456055;UIS_EST;
SCHBSP.1.WINTERN;ESCWA: Arab Middle-Income Countries (MICs) (UNSDCode:98508);2022;46.45141983032227;UIS_EST;
SCHBSP.1.WINTERN;ESCWA: Arab Middle-Income Countries (MICs) (UNSDCode:98508);2023;56.34051895141602;;
SCHBSP.1.WINTERN;ESCWA: Arab Middle-Income Countries (MICs) (UNSDCode:98508);2024;45.50521850585938;;
SCHBSP.1.WINTERN;ESCWA: Arab countries (UNSDCode:98501);2016;54.08675003051758;UIS_EST;
SCHBSP.1.WINTERN;ESCWA: Arab countries (UNSDCode:98501);2017;56.46905136108398;UIS_EST;
SCHBSP.1.WINTERN;ESCWA: Arab countries (UNSDCode:98501);2018;58.55342102050781;UIS_EST;
SCHBSP.1.WINTERN;ESCWA: Arab countries (UNSDCode:98501);2019;61.69329833984375;UIS_EST;
SCHBSP.1.WINTERN;ESCWA: Arab countries (UNSDCode:98501);2020;58.54365158081055;UIS_EST;
SCHBSP.1.WINTERN;ESCWA: Arab countries (UNSDCode:98501);2021;54.33470916748047;UIS_EST;
SCHBSP.1.WINTERN;ESCWA: Arab countries (UNSDCode:98501);2022;55.27639007568359;UIS_EST;
SCHBSP.1.WINTERN;ESCWA: Arab countries (UNSDCode:98501);2023;61.85084915161133;UIS_EST;
SCHBSP.1.WINTERN;ESCWA: Arab countries (UNSDCode:98501);2024;54.11619186401367;UIS_EST;
SCHBSP.1.WINTERN;ESCWA: Arab non-conflict and non-LDC middle income countries (UNSDCode:98507);2015;40.27408981323242;UIS_EST;
SCHBSP.1.WINTERN;ESCWA: Arab non-conflict and non-LDC middle income countries (UNSDCode:98507);2016;40.46408843994141;UIS_EST;
SCHBSP.1.WINTERN;ESCWA: Arab non-conflict and non-LDC middle income countries (UNSDCode:98507);2017;43.58332061767578;UIS_EST;
SCHBSP.1.WINTERN;ESCWA: Arab non-conflict and non-LDC middle income countries (UNSDCode:98507);2018;46.14023971557617;UIS_EST;
SCHBSP.1.WINTERN;ESCWA: Arab non-conflict and non-LDC middle income countries (UNSDCode:98507);2019;50.94625091552734;;
SCHBSP.1.WINTERN;ESCWA: Arab non-conflict and non-LDC middle income countries (UNSDCode:98507);2020;43.53321075439453;UIS_EST;
SCHBSP.1.WINTERN;ESCWA: Arab non-conflict and non-LDC middle income countries (UNSDCode:98507);2021;35.52772903442383;UIS_EST;
SCHBSP.1.WINTERN;ESCWA: Arab non-conflict and non-LDC middle income countries (UNSDCode:98507);2022;35.91313934326172;;
SCHBSP.1.WINTERN;ESCWA: Arab non-conflict and non-LDC middle income countries (UNSDCode:98507);2023;49.27901840209961;;
SCHBSP.1.WINTERN;ESCWA: Arab non-conflict and non-LDC middle income countries (UNSDCode:98507);2024;35.86143112182617;;
SCHBSP.1.WINTERN;ESCWA: Gulf Cooperation Council (GCC) (UNSDCode:98502);2015;99.54459381103516;UIS_EST;
SCHBSP.1.WINTERN;ESCWA: Gulf Cooperation Council (GCC) (UNSDCode:98502);2016;100;;
SCHBSP.1.WINTERN;ESCWA: Gulf Cooperation Council (GCC) (UNSDCode:98502);2017;100;;
SCHBSP.1.WINTERN;ESCWA: Gulf Cooperation Council (GCC) (UNSDCode:98502);2018;100;;
SCHBSP.1.WINTERN;ESCWA: Gulf Cooperation Council (GCC) (UNSDCode:98502);2019;100;;
SCHBSP.1.WINTERN;ESCWA: Gulf Cooperation Council (GCC) (UNSDCode:98502);2020;100;;
SCHBSP.1.WINTERN;ESCWA: Gulf Cooperation Council (GCC) (UNSDCode:98502);2021;99.90263366699219;;
SCHBSP.1.WINTERN;ESCWA: Gulf Cooperation Council (GCC) (UNSDCode:98502);2022;99.95011138916016;;
SCHBSP.1.WINTERN;ESCWA: Gulf Cooperation Council (GCC) (UNSDCode:98502);2023;100;UIS_EST;
SCHBSP.1.WINTERN;ESCWA: Gulf Cooperation Council (GCC) (UNSDCode:98502);2024;99.72029113769531;;
SCHBSP.1.WINTERN;ESCWA: Maghreb subregion (UNSDCode:98504);2016;40.64773178100586;UIS_EST;
SCHBSP.1.WINTERN;ESCWA: Maghreb subregion (UNSDCode:98504);2017;40.83364868164063;UIS_EST;
SCHBSP.1.WINTERN;ESCWA: Maghreb subregion (UNSDCode:98504);2018;40.27713012695313;UIS_EST;
SCHBSP.1.WINTERN;ESCWA: Maghreb subregion (UNSDCode:98504);2019;42.98041152954102;UIS_EST;
SCHBSP.1.WINTERN;ESCWA: Maghreb subregion (UNSDCode:98504);2020;44.26079177856445;;
SCHBSP.1.WINTERN;ESCWA: Maghreb subregion (UNSDCode:98504);2021;44.46121978759766;;
SCHBSP.1.WINTERN;ESCWA: Maghreb subregion (UNSDCode:98504);2022;44.5578498840332;;
SCHBSP.1.WINTERN;ESCWA: Maghreb subregion (UNSDCode:98504);2023;66.82463073730469;;
SCHBSP.1.WINTERN;ESCWA: Maghreb subregion (UNSDCode:98504);2024;43.64498901367188;;
SCHBSP.1.WINTERN;ESCWA: Mashreq subregion (UNSDCode:98503);2015;44.70537948608398;UIS_EST;
SCHBSP.1.WINTERN;ESCWA: Mashreq subregion (UNSDCode:98503);2016;45.05886077880859;UIS_EST;
SCHBSP.1.WINTERN;ESCWA: Mashreq subregion (UNSDCode:98503);2017;50.06900024414063;UIS_EST;
SCHBSP.1.WINTERN;ESCWA: Mashreq subregion (UNSDCode:98503);2018;55.25035858154297;UIS_EST;
SCHBSP.1.WINTERN;ESCWA: Mashreq subregion (UNSDCode:98503);2019;60.48460006713867;;
SCHBSP.1.WINTERN;ESCWA: Mashreq subregion (UNSDCode:98503);2020;50.90163040161133;UIS_EST;
SCHBSP.1.WINTERN;ESCWA: Mashreq subregion (UNSDCode:98503);2021;40.02611923217773;UIS_EST;
SCHBSP.1.WINTERN;ESCWA: Mashreq subregion (UNSDCode:98503);2022;41.56557083129883;UIS_EST;
SCHBSP.1.WINTERN;ESCWA: Mashreq subregion (UNSDCode:98503);2023;41.44350814819336;;
SCHBSP.1.WINTERN;ESCWA: Mashreq subregion (UNSDCode:98503);2024;40.97935104370117;;
SCHBSP.1.WINTERN;ESP;2003;96.69999694824219;NAT_EST;
SCHBSP.1.WINTERN;ESP;2004;97.9000015258789;NAT_EST;
SCHBSP.1.WINTERN;ESP;2005;98.80000305175781;NAT_EST;
SCHBSP.1.WINTERN;ESP;2006;98.69999694824219;NAT_EST;
SCHBSP.1.WINTERN;ESP;2007;99.30000305175781;NAT_EST;
SCHBSP.1.WINTERN;ESP;2008;99.30000305175781;NAT_EST;
SCHBSP.1.WINTERN;ESP;2009;99.5999984741211;NAT_EST;
SCHBSP.1.WINTERN;ESP;2010;99.80000305175781;NAT_EST;
SCHBSP.1.WINTERN;ESP;2011;99.9000015258789;NAT_EST;
SCHBSP.1.WINTERN;ESP;2012;100;;
SCHBSP.1.WINTERN;ESP;2013;100;;
SCHBSP.1.WINTERN;ESP;2014;100;;
SCHBSP.1.WINTERN;ESP;2015;100;;
SCHBSP.1.WINTERN;ESP;2016;100;;
SCHBSP.1.WINTERN;ESP;2017;100;;
SCHBSP.1.WINTERN;ESP;2018;100;;
SCHBSP.1.WINTERN;ESP;2019;100;;
SCHBSP.1.WINTERN;ESP;2020;100;;
SCHBSP.1.WINTERN;ESP;2021;100;;
SCHBSP.1.WINTERN;EST;2000;100;;
SCHBSP.1.WINTERN;EST;2001;100;;
SCHBSP.1.WINTERN;EST;2002;100;;
SCHBSP.1.WINTERN;EST;2003;100;;
SCHBSP.1.WINTERN;EST;2004;100;;
SCHBSP.1.WINTERN;EST;2005;100;;
SCHBSP.1.WINTERN;EST;2006;100;;
SCHBSP.1.WINTERN;EST;2007;100;;
SCHBSP.1.WINTERN;EST;2008;100;;
SCHBSP.1.WINTERN;EST;2009;100;;
SCHBSP.1.WINTERN;EST;2010;100;;
SCHBSP.1.WINTERN;EST;2011;100;;
SCHBSP.1.WINTERN;EST;2012;100;;
SCHBSP.1.WINTERN;EST;2013;100;;
SCHBSP.1.WINTERN;EST;2014;100;;
SCHBSP.1.WINTERN;EST;2015;100;;
SCHBSP.1.WINTERN;EST;2016;100;;
SCHBSP.1.WINTERN;EST;2017;100;;
SCHBSP.1.WINTERN;EST;2018;100;;
SCHBSP.1.WINTERN;EST;2019;100;;
SCHBSP.1.WINTERN;EST;2020;100;;
SCHBSP.1.WINTERN;EST;2021;100;;
SCHBSP.1.WINTERN;FIN;2000;100;;
SCHBSP.1.WINTERN;FIN;2001;100;;
SCHBSP.1.WINTERN;FIN;2002;100;;
SCHBSP.1.WINTERN;FIN;2003;100;;
SCHBSP.1.WINTERN;FIN;2004;100;;
SCHBSP.1.WINTERN;FIN;2005;100;;
SCHBSP.1.WINTERN;FIN;2006;100;;
SCHBSP.1.WINTERN;FIN;2007;100;;
SCHBSP.1.WINTERN;FIN;2008;100;;
SCHBSP.1.WINTERN;FIN;2009;100;;
SCHBSP.1.WINTERN;FIN;2010;100;;
SCHBSP.1.WINTERN;FIN;2011;100;;
SCHBSP.1.WINTERN;FIN;2012;100;;
SCHBSP.1.WINTERN;FIN;2013;100;;
SCHBSP.1.WINTERN;FIN;2014;100;;
SCHBSP.1.WINTERN;FIN;2015;100;;
SCHBSP.1.WINTERN;FIN;2016;100;;
SCHBSP.1.WINTERN;FIN;2017;100;;
SCHBSP.1.WINTERN;FIN;2018;100;;
SCHBSP.1.WINTERN;FIN;2019;100;;
SCHBSP.1.WINTERN;FIN;2020;100;;
SCHBSP.1.WINTERN;FIN;2021;100;;
SCHBSP.1.WINTERN;FJI;2023;38.61788617886179;;
SCHBSP.1.WINTERN;FJI;2024;89.66442953020135;;
SCHBSP.1.WINTERN;FRA;2005;89;NAT_EST;
SCHBSP.1.WINTERN;FSM;2019;28.27586206896552;;
SCHBSP.1.WINTERN;FSM;2020;41.25874125874126;;
SCHBSP.1.WINTERN;FSM;2021;41.95804195804196;;
SCHBSP.1.WINTERN;FSM;2022;41.95804195804196;;
SCHBSP.1.WINTERN;FSM;2023;7.638889789581299;;
SCHBSP.1.WINTERN;FSM;2024;7.638888888888889;;
SCHBSP.1.WINTERN;GAB;2019;12.19921656407387;;
SCHBSP.1.WINTERN;GEO;2016;100;;
SCHBSP.1.WINTERN;GEO;2017;99.74025974025975;;
SCHBSP.1.WINTERN;GEO;2018;100;;
SCHBSP.1.WINTERN;GEO;2019;100;;
SCHBSP.1.WINTERN;GEO;2020;100;;
SCHBSP.1.WINTERN;GEO;2021;100;;
SCHBSP.1.WINTERN;GEO;2022;100;;
SCHBSP.1.WINTERN;GEO;2023;100;;
SCHBSP.1.WINTERN;GEO;2024;100;;
SCHBSP.1.WINTERN;GHA;2018;8.409810769105823;;
SCHBSP.1.WINTERN;GHA;2019;23.25499274139758;;
SCHBSP.1.WINTERN;GIB;2016;100;;
SCHBSP.1.WINTERN;GIB;2017;100;;
SCHBSP.1.WINTERN;GIB;2019;100;;
SCHBSP.1.WINTERN;GIB;2020;100;;
SCHBSP.1.WINTERN;GIB;2021;100;;
SCHBSP.1.WINTERN;GIB;2022;100;;
SCHBSP.1.WINTERN;GIB;2023;100;;
SCHBSP.1.WINTERN;GIB;2024;100;;
SCHBSP.1.WINTERN;GIN;2016;0;;NIL
SCHBSP.1.WINTERN;GMB;2022;4.603174603174604;;
SCHBSP.1.WINTERN;GMB;2023;5.753217259651779;;
SCHBSP.1.WINTERN;GMB;2024;7.331378299120235;;
SCHBSP.1.WINTERN;GMB;2025;8.240997229916898;;
SCHBSP.1.WINTERN;GPE: East Asia & Pacific WB FY24, December 2024;2019;59.86381912231445;UIS_EST;
SCHBSP.1.WINTERN;GPE: East Asia & Pacific WB FY24, December 2024;2022;63.3713493347168;UIS_EST;
SCHBSP.1.WINTERN;GPE: East Asia & Pacific WB FY24, December 2024;2023;65.09906768798828;;
SCHBSP.1.WINTERN;GPE: East Asia & Pacific WB FY24, December 2024;2024;62.4287109375;;
SCHBSP.1.WINTERN;GPE: Europe & Central Asia WB FY24, December 2024;2016;76.37727355957031;UIS_EST;
SCHBSP.1.WINTERN;GPE: Europe & Central Asia WB FY24, December 2024;2017;76.7741470336914;;
SCHBSP.1.WINTERN;GPE: Europe & Central Asia WB FY24, December 2024;2018;77.15743255615234;;
SCHBSP.1.WINTERN;GPE: Europe & Central Asia WB FY24, December 2024;2019;78.10111999511719;;
SCHBSP.1.WINTERN;GPE: Europe & Central Asia WB FY24, December 2024;2020;84.94590759277344;;
SCHBSP.1.WINTERN;GPE: Europe & Central Asia WB FY24, December 2024;2021;86.58969116210938;;
SCHBSP.1.WINTERN;GPE: Europe & Central Asia WB FY24, December 2024;2022;86.60527801513672;UIS_EST;
SCHBSP.1.WINTERN;GPE: Europe & Central Asia WB FY24, December 2024;2023;87.14221954345703;UIS_EST;
SCHBSP.1.WINTERN;GPE: Europe & Central Asia WB FY24, December 2024;2024;87.58727264404297;;
SCHBSP.1.WINTERN;GPE: Fragile or Conflict-affected countries (FCAC) FY24, December 2024;2023;20.09078979492188;UIS_EST;
SCHBSP.1.WINTERN;GPE: Fragile or Conflict-affected countries (FCAC) FY24, December 2024;2024;20.93494987487793;UIS_EST;
SCHBSP.1.WINTERN;GPE: Latin America & Caribbean WB FY24, December 2024;2015;31.34429931640625;UIS_EST;
SCHBSP.1.WINTERN;GPE: Latin America & Caribbean WB FY24, December 2024;2016;31.74926948547363;UIS_EST;
SCHBSP.1.WINTERN;GPE: Latin America & Caribbean WB FY24, December 2024;2017;32.30331039428711;UIS_EST;
SCHBSP.1.WINTERN;GPE: Low income WB FY24, December 2024;2016;11.88895988464355;UIS_EST;
SCHBSP.1.WINTERN;GPE: Lower middle Income WB FY24, December 2024;2019;23.8941593170166;UIS_EST;
SCHBSP.1.WINTERN;GPE: Lower middle Income WB FY24, December 2024;2020;23.99324989318848;UIS_EST;
SCHBSP.1.WINTERN;GPE: Lower middle Income WB FY24, December 2024;2021;25.31764984130859;UIS_EST;
SCHBSP.1.WINTERN;GPE: Lower middle Income WB FY24, December 2024;2023;28.06789016723633;UIS_EST;
SCHBSP.1.WINTERN;GPE: Lower middle Income WB FY24, December 2024;2024;29.34584045410156;UIS_EST;
SCHBSP.1.WINTERN;GPE: Middle East & North Africa WB FY24, December 2024;2015;52.14437103271484;UIS_EST;
SCHBSP.1.WINTERN;GPE: Middle East & North Africa WB FY24, December 2024;2016;52.1528205871582;;
SCHBSP.1.WINTERN;GPE: Middle East & North Africa WB FY24, December 2024;2017;56.74454116821289;UIS_EST;
SCHBSP.1.WINTERN;GPE: Middle East & North Africa WB FY24, December 2024;2018;60.62459945678711;UIS_EST;
SCHBSP.1.WINTERN;GPE: Middle East & North Africa WB FY24, December 2024;2019;66.58525085449219;;
SCHBSP.1.WINTERN;GPE: Middle East & North Africa WB FY24, December 2024;2020;56.39007949829102;UIS_EST;
SCHBSP.1.WINTERN;GPE: Middle East & North Africa WB FY24, December 2024;2021;45.7592887878418;UIS_EST;
SCHBSP.1.WINTERN;GPE: Middle East & North Africa WB FY24, December 2024;2022;47.3331413269043;UIS_EST;
SCHBSP.1.WINTERN;GPE: Middle East & North Africa WB FY24, December 2024;2023;46.72140884399414;;
SCHBSP.1.WINTERN;GPE: Middle East & North Africa WB FY24, December 2024;2024;46.75521850585938;UIS_EST;
SCHBSP.1.WINTERN;GPE: Non Fragile & non Conflict-affected countries (NON-FCAC) FY24, December 2024;2019;41.42605972290039;UIS_EST;
SCHBSP.1.WINTERN;GPE: Non Fragile & non Conflict-affected countries (NON-FCAC) FY24, December 2024;2020;41.38127136230469;UIS_EST;
SCHBSP.1.WINTERN;GPE: Non Fragile & non Conflict-affected countries (NON-FCAC) FY24, December 2024;2021;41.9940185546875;UIS_EST;
SCHBSP.1.WINTERN;GPE: Non Fragile & non Conflict-affected countries (NON-FCAC) FY24, December 2024;2022;42.5849494934082;UIS_EST;
SCHBSP.1.WINTERN;GPE: Non Fragile & non Conflict-affected countries (NON-FCAC) FY24, December 2024;2023;42.18867874145508;UIS_EST;
SCHBSP.1.WINTERN;GPE: Non Fragile & non Conflict-affected countries (NON-FCAC) FY24, December 2024;2024;41.52883911132813;UIS_EST;
SCHBSP.1.WINTERN;GPE: Overall FY24, all 90 countries, December 2024;2023;31.16671943664551;UIS_EST;
SCHBSP.1.WINTERN;GPE: Overall FY24, all 90 countries, December 2024;2024;31.1576099395752;UIS_EST;
SCHBSP.1.WINTERN;GPE: Region 1;2017;20.06518936157227;UIS_EST;
SCHBSP.1.WINTERN;GPE: Region 3;2019;39.71435165405273;UIS_EST;
SCHBSP.1.WINTERN;GPE: Region 3;2020;40.12311935424805;UIS_EST;
SCHBSP.1.WINTERN;GPE: Region 3;2021;41.55406951904297;UIS_EST;
SCHBSP.1.WINTERN;GPE: Region 3;2022;42.99726104736328;UIS_EST;
SCHBSP.1.WINTERN;GPE: Region 3;2023;43.34965896606445;UIS_EST;
SCHBSP.1.WINTERN;GPE: Region 3;2024;43.41379165649414;UIS_EST;
SCHBSP.1.WINTERN;GPE: Small island and landlocked developing states, December 2024;2017;26.10075950622559;UIS_EST;
SCHBSP.1.WINTERN;GPE: Small island and landlocked developing states, December 2024;2018;26.30060005187988;;
SCHBSP.1.WINTERN;GPE: Small island and landlocked developing states, December 2024;2019;28.89702987670898;;
SCHBSP.1.WINTERN;GPE: Small island and landlocked developing states, December 2024;2020;33.81206893920898;UIS_EST;
SCHBSP.1.WINTERN;GPE: Small island and landlocked developing states, December 2024;2021;38.98440170288086;UIS_EST;
SCHBSP.1.WINTERN;GPE: Small island and landlocked developing states, December 2024;2022;43.64007949829102;;
SCHBSP.1.WINTERN;GPE: Small island and landlocked developing states, December 2024;2023;43.77056884765625;;
SCHBSP.1.WINTERN;GPE: Small island and landlocked developing states, December 2024;2024;47.24362945556641;UIS_EST;
SCHBSP.1.WINTERN;GPE: South Asia WB FY24, December 2024;2019;20.83604049682617;UIS_EST;
SCHBSP.1.WINTERN;GPE: South Asia WB FY24, December 2024;2020;21.34339904785156;UIS_EST;
SCHBSP.1.WINTERN;GPE: South Asia WB FY24, December 2024;2021;22.8339900970459;UIS_EST;
SCHBSP.1.WINTERN;GPE: South Asia WB FY24, December 2024;2023;25.42519950866699;UIS_EST;
SCHBSP.1.WINTERN;GPE: South Asia WB FY24, December 2024;2024;26.45508003234863;UIS_EST;
SCHBSP.1.WINTERN;GPE: Upper middle Income WB FY24, December 2024;2022;76.72628784179688;UIS_EST;
SCHBSP.1.WINTERN;GPE: Upper middle Income WB FY24, December 2024;2023;71.30809783935547;;
SCHBSP.1.WINTERN;GPE: Upper middle Income WB FY24, December 2024;2024;68.99732971191406;;
SCHBSP.1.WINTERN;GRD;2017;100;;
SCHBSP.1.WINTERN;GRD;2018;72.15190124511719;;
SCHBSP.1.WINTERN;GRD;2020;100;;
SCHBSP.1.WINTERN;GRD;2022;100;;
SCHBSP.1.WINTERN;GRD;2023;100;;
SCHBSP.1.WINTERN;GRD;2024;100;;
SCHBSP.1.WINTERN;GTM;2013;23.65494918823242;UIS_EST;
SCHBSP.1.WINTERN;GTM;2016;9.116424116424117;;
SCHBSP.1.WINTERN;GTM;2019;29.72069931030273;UIS_EST;
SCHBSP.1.WINTERN;GUY;2023;54.83146067415731;;
SCHBSP.1.WINTERN;GUY;2024;79.32584269662921;;
SCHBSP.1.WINTERN;HKG;2016;99.20508744038156;;
SCHBSP.1.WINTERN;HKG;2017;98.89240506329115;;
SCHBSP.1.WINTERN;HKG;2018;99.21752738654148;;
SCHBSP.1.WINTERN;HKG;2019;99.38080495356037;;
SCHBSP.1.WINTERN;HKG;2020;99.53560371517027;;
SCHBSP.1.WINTERN;HKG;2021;100;;
SCHBSP.1.WINTERN;HKG;2022;100;;
SCHBSP.1.WINTERN;HKG;2023;100;;
SCHBSP.1.WINTERN;HKG;2024;100;;
SCHBSP.1.WINTERN;HND;2013;24.50772094726563;UIS_EST;
SCHBSP.1.WINTERN;HND;2016;16.14220514052366;;
SCHBSP.1.WINTERN;HND;2019;24.70723915100098;UIS_EST;
SCHBSP.1.WINTERN;HUN;2002;75.0657730102539;UIS_EST;
SCHBSP.1.WINTERN;HUN;2003;82.37036895751953;UIS_EST;
SCHBSP.1.WINTERN;HUN;2004;88.82478332519531;UIS_EST;
SCHBSP.1.WINTERN;HUN;2005;97.38937377929688;NAT_EST;
SCHBSP.1.WINTERN;HUN;2006;100;;
SCHBSP.1.WINTERN;HUN;2007;100;;
SCHBSP.1.WINTERN;HUN;2008;100;;
SCHBSP.1.WINTERN;HUN;2009;100;;
SCHBSP.1.WINTERN;HUN;2010;100;;
SCHBSP.1.WINTERN;HUN;2011;100;;
SCHBSP.1.WINTERN;HUN;2012;100;;
SCHBSP.1.WINTERN;HUN;2013;100;;
SCHBSP.1.WINTERN;HUN;2014;100;;
SCHBSP.1.WINTERN;HUN;2015;100;;
SCHBSP.1.WINTERN;HUN;2016;100;;
SCHBSP.1.WINTERN;IDN;2021;80.99002978291415;;
SCHBSP.1.WINTERN;IDN;2022;84.08370919243985;;
SCHBSP.1.WINTERN;IDN;2023;86.80518295954501;;
SCHBSP.1.WINTERN;IDN;2024;77.46873362797383;;
SCHBSP.1.WINTERN;IDN;2025;80.71575108274448;;
SCHBSP.1.WINTERN;IND;2019;6.364577512995227;;
SCHBSP.1.WINTERN;IND;2020;7.89633841010115;;
SCHBSP.1.WINTERN;IND;2021;10.5049164754202;;
SCHBSP.1.WINTERN;IND;2022;20.60266154695842;;
SCHBSP.1.WINTERN;IND;2023;38.91407096952953;;
SCHBSP.1.WINTERN;IND;2024;43.46418937539624;;
SCHBSP.1.WINTERN;IRN;2012;10.5503396987915;;
SCHBSP.1.WINTERN;ISR;2016;84.98677062988281;;
SCHBSP.1.WINTERN;ISR;2017;85.00164794921875;;
SCHBSP.1.WINTERN;ISR;2018;85.99935913085938;;
SCHBSP.1.WINTERN;ISR;2019;88.00633239746094;;
SCHBSP.1.WINTERN;ISR;2020;92.00617218017578;;
SCHBSP.1.WINTERN;ITA;2012;68.38777923583984;;
SCHBSP.1.WINTERN;ITA;2016;70;NAT_EST;
SCHBSP.1.WINTERN;JAM;2016;84.40366972477065;;
SCHBSP.1.WINTERN;JAM;2017;84.3069873997709;;
SCHBSP.1.WINTERN;JAM;2019;78.83295194508008;;
SCHBSP.1.WINTERN;JAM;2023;98.91304347826086;;
SCHBSP.1.WINTERN;JOR;2017;31.78473828042884;;
SCHBSP.1.WINTERN;JOR;2018;32.31278444352503;;
SCHBSP.1.WINTERN;JOR;2019;33.51471180975413;;
SCHBSP.1.WINTERN;JOR;2020;33.56192012908431;;
SCHBSP.1.WINTERN;JOR;2022;31.5586262954684;;
SCHBSP.1.WINTERN;JOR;2023;100;;
SCHBSP.1.WINTERN;JOR;2024;100;;
SCHBSP.1.WINTERN;KAZ;2020;100;;
SCHBSP.1.WINTERN;KAZ;2021;100;;
SCHBSP.1.WINTERN;KAZ;2023;100;;
SCHBSP.1.WINTERN;KAZ;2024;100;;
SCHBSP.1.WINTERN;KAZ;2025;100;;
SCHBSP.1.WINTERN;KEN;2023;31.92015743604161;;
SCHBSP.1.WINTERN;KGZ;2017;41.36851520572451;;
SCHBSP.1.WINTERN;KHM;2021;7.064622124863089;;
SCHBSP.1.WINTERN;KHM;2022;4.598959759102108;;
SCHBSP.1.WINTERN;KHM;2023;5.723630417007359;;
SCHBSP.1.WINTERN;KHM;2024;9.635135135135135;;
SCHBSP.1.WINTERN;KIR;2020;7.216494845360824;;
SCHBSP.1.WINTERN;KIR;2021;28.8659793814433;;
SCHBSP.1.WINTERN;KIR;2022;15.4639175257732;;
SCHBSP.1.WINTERN;KIR;2023;19.58762886597938;;
SCHBSP.1.WINTERN;KIR;2024;13.4020618556701;;
SCHBSP.1.WINTERN;KNA;2010;100;;
SCHBSP.1.WINTERN;KNA;2014;100;;
SCHBSP.1.WINTERN;KNA;2015;100;;
SCHBSP.1.WINTERN;KNA;2016;100;;
SCHBSP.1.WINTERN;KNA;2017;100;;
SCHBSP.1.WINTERN;KNA;2018;100;;
SCHBSP.1.WINTERN;KNA;2019;100;;
SCHBSP.1.WINTERN;KNA;2020;100;;
SCHBSP.1.WINTERN;KNA;2021;100;;
SCHBSP.1.WINTERN;KNA;2022;100;;
SCHBSP.1.WINTERN;KNA;2023;100;;
SCHBSP.1.WINTERN;KNA;2024;100;;
SCHBSP.1.WINTERN;KOR;2000;100;;
SCHBSP.1.WINTERN;KOR;2001;100;;
SCHBSP.1.WINTERN;KOR;2002;100;;
SCHBSP.1.WINTERN;KOR;2003;100;;
SCHBSP.1.WINTERN;KOR;2004;100;;
SCHBSP.1.WINTERN;KOR;2005;100;;
SCHBSP.1.WINTERN;KOR;2006;100;;
SCHBSP.1.WINTERN;KOR;2007;100;;
SCHBSP.1.WINTERN;KOR;2008;100;;
SCHBSP.1.WINTERN;KOR;2009;100;;
SCHBSP.1.WINTERN;KOR;2010;100;;
SCHBSP.1.WINTERN;KOR;2011;100;;
SCHBSP.1.WINTERN;KOR;2012;100;;
SCHBSP.1.WINTERN;KOR;2013;100;;
SCHBSP.1.WINTERN;KOR;2014;100;;
SCHBSP.1.WINTERN;KOR;2015;100;;
SCHBSP.1.WINTERN;KOR;2016;100;;
SCHBSP.1.WINTERN;KOR;2017;100;;
SCHBSP.1.WINTERN;KOR;2018;100;;
SCHBSP.1.WINTERN;KOR;2019;100;;
SCHBSP.1.WINTERN;KOR;2020;100;;
SCHBSP.1.WINTERN;KOR;2021;100;;
SCHBSP.1.WINTERN;KOR;2022;100;;
SCHBSP.1.WINTERN;KWT;2019;100;;
SCHBSP.1.WINTERN;KWT;2020;100;;
SCHBSP.1.WINTERN;KWT;2021;100;;
SCHBSP.1.WINTERN;LAO;2024;5.360848512796864;;
SCHBSP.1.WINTERN;LAO;2025;11.76606832657788;;
SCHBSP.1.WINTERN;LBN;2018;89.87915407854985;;
SCHBSP.1.WINTERN;LBN;2019;91.09062980030723;;
SCHBSP.1.WINTERN;LBN;2020;91.31832797427653;;
SCHBSP.1.WINTERN;LBN;2021;92.85714285714286;;
SCHBSP.1.WINTERN;LBN;2022;93.4010152284264;;
SCHBSP.1.WINTERN;LBN;2023;93.6842105263158;;
SCHBSP.1.WINTERN;LBN;2024;84.11867364746945;;
SCHBSP.1.WINTERN;LCA;2010;100;;
SCHBSP.1.WINTERN;LCA;2016;98.75;;
SCHBSP.1.WINTERN;LCA;2017;98.75;;
SCHBSP.1.WINTERN;LCA;2018;100;;
SCHBSP.1.WINTERN;LCA;2019;98.75;;
SCHBSP.1.WINTERN;LCA;2020;100;;
SCHBSP.1.WINTERN;LCA;2022;100;;
SCHBSP.1.WINTERN;LCA;2023;100;;
SCHBSP.1.WINTERN;LKA;2017;8.37199266371777;;
SCHBSP.1.WINTERN;LKA;2018;15.26047871764324;;
SCHBSP.1.WINTERN;LKA;2019;17.65087605451006;;
SCHBSP.1.WINTERN;LKA;2020;16.45919030093094;;
SCHBSP.1.WINTERN;LKA;2021;40.45917262291531;;
SCHBSP.1.WINTERN;LKA;2022;40.52443384982121;;
SCHBSP.1.WINTERN;LKA;2023;40.66949244647321;;
SCHBSP.1.WINTERN;LTU;2017;92.7631607055664;;
SCHBSP.1.WINTERN;LTU;2018;97.95918273925781;;
SCHBSP.1.WINTERN;LTU;2019;95.71428680419922;;
SCHBSP.1.WINTERN;LTU;2020;98.42520141601562;;
SCHBSP.1.WINTERN;LTU;2021;97.5999984741211;;
SCHBSP.1.WINTERN;LTU;2022;95;;
SCHBSP.1.WINTERN;LTU;2023;95;;
SCHBSP.1.WINTERN;LUX;2012;100;;
SCHBSP.1.WINTERN;LUX;2013;100;;
SCHBSP.1.WINTERN;LUX;2014;100;;
SCHBSP.1.WINTERN;LUX;2015;100;;
SCHBSP.1.WINTERN;LUX;2016;100;;
SCHBSP.1.WINTERN;LUX;2017;100;;
SCHBSP.1.WINTERN;LUX;2018;100;;
SCHBSP.1.WINTERN;LUX;2019;100;;
SCHBSP.1.WINTERN;LUX;2021;100;;
SCHBSP.1.WINTERN;LVA;2016;100;;
SCHBSP.1.WINTERN;MAC;2016;100;;
SCHBSP.1.WINTERN;MAC;2017;100;;
SCHBSP.1.WINTERN;MAC;2018;100;;
SCHBSP.1.WINTERN;MAC;2019;100;;
SCHBSP.1.WINTERN;MAC;2020;100;;
SCHBSP.1.WINTERN;MAC;2021;100;;
SCHBSP.1.WINTERN;MAC;2022;100;;
SCHBSP.1.WINTERN;MAC;2023;100;;
SCHBSP.1.WINTERN;MAC;2024;100;;
SCHBSP.1.WINTERN;MAR;2017;78.67155894251576;;
SCHBSP.1.WINTERN;MAR;2018;78.96144622763327;;
SCHBSP.1.WINTERN;MAR;2019;82.79676258992805;;
SCHBSP.1.WINTERN;MAR;2020;82.84537166900421;;
SCHBSP.1.WINTERN;MAR;2021;79.01869960542118;;
SCHBSP.1.WINTERN;MAR;2022;78.97741583410293;;
SCHBSP.1.WINTERN;MAR;2023;70.96986121376365;;
SCHBSP.1.WINTERN;MAR;2024;75.41036629740438;;
SCHBSP.1.WINTERN;MCO;2016;100;;
SCHBSP.1.WINTERN;MCO;2017;100;;
SCHBSP.1.WINTERN;MCO;2018;100;;
SCHBSP.1.WINTERN;MCO;2019;100;;
SCHBSP.1.WINTERN;MCO;2020;100;;
SCHBSP.1.WINTERN;MCO;2021;100;;
SCHBSP.1.WINTERN;MCO;2022;100;;
SCHBSP.1.WINTERN;MCO;2023;100;;
SCHBSP.1.WINTERN;MCO;2024;100;;
SCHBSP.1.WINTERN;MDA;2016;89.34240362811792;;
SCHBSP.1.WINTERN;MDA;2017;85.43764523625097;;
SCHBSP.1.WINTERN;MDA;2018;90.56143205858422;;
SCHBSP.1.WINTERN;MDA;2019;98.7012987012987;;
SCHBSP.1.WINTERN;MDA;2020;92.49174917491749;;
SCHBSP.1.WINTERN;MDA;2021;94.46704637917006;;
SCHBSP.1.WINTERN;MDA;2022;96.96472518457753;;
SCHBSP.1.WINTERN;MDA;2023;97.00996677740864;;
SCHBSP.1.WINTERN;MDA;2024;98.06560134566863;;
SCHBSP.1.WINTERN;MDG;2018;0.4084743179393385;;
SCHBSP.1.WINTERN;MDG;2019;0.1237212951507288;;
SCHBSP.1.WINTERN;MDG: Caribbean;2017;58.01472854614258;UIS_EST;
SCHBSP.1.WINTERN;MDG: Caribbean;2018;58.73579025268555;UIS_EST;
SCHBSP.1.WINTERN;MDG: Caribbean;2019;61.08536911010742;UIS_EST;
SCHBSP.1.WINTERN;MDG: Caribbean;2020;65.14774322509766;UIS_EST;
SCHBSP.1.WINTERN;MDG: Caribbean;2021;70.6667709350586;UIS_EST;
SCHBSP.1.WINTERN;MDG: Caribbean;2022;69.72972106933594;UIS_EST;
SCHBSP.1.WINTERN;MDG: Caribbean;2023;71.43782043457031;UIS_EST;
SCHBSP.1.WINTERN;MDG: Caribbean;2024;75.01335906982422;UIS_EST;
SCHBSP.1.WINTERN;MDG: Caucasus and Central Asia;2016;78.79711151123047;UIS_EST;
SCHBSP.1.WINTERN;MDG: Caucasus and Central Asia;2017;79.09581756591797;UIS_EST;
SCHBSP.1.WINTERN;MDG: Caucasus and Central Asia;2018;78.63172149658203;UIS_EST;
SCHBSP.1.WINTERN;MDG: Caucasus and Central Asia;2019;78.73426055908203;UIS_EST;
SCHBSP.1.WINTERN;MDG: Caucasus and Central Asia;2020;83.67804718017578;;
SCHBSP.1.WINTERN;MDG: Caucasus and Central Asia;2021;83.67105102539062;;
SCHBSP.1.WINTERN;MDG: Caucasus and Central Asia;2022;84.79049682617188;UIS_EST;
SCHBSP.1.WINTERN;MDG: Caucasus and Central Asia;2023;86.3381118774414;UIS_EST;
SCHBSP.1.WINTERN;MDG: Caucasus and Central Asia;2024;87.08196258544922;;
SCHBSP.1.WINTERN;MDG: Developed regions;2014;91.8699722290039;UIS_EST;
SCHBSP.1.WINTERN;MDG: Developed regions;2015;92.23076629638672;UIS_EST;
SCHBSP.1.WINTERN;MDG: Developed regions;2016;92.61029052734375;UIS_EST;
SCHBSP.1.WINTERN;MDG: Developed regions;2017;92.80634307861328;UIS_EST;
SCHBSP.1.WINTERN;MDG: Developed regions;2018;92.96764373779297;UIS_EST;
SCHBSP.1.WINTERN;MDG: Developed regions;2019;93.50657653808594;UIS_EST;
SCHBSP.1.WINTERN;MDG: Developed regions;2020;93.68672180175781;UIS_EST;
SCHBSP.1.WINTERN;MDG: Developing regions;2018;30.34108924865723;UIS_EST;
SCHBSP.1.WINTERN;MDG: Developing regions;2019;30.9042797088623;UIS_EST;
SCHBSP.1.WINTERN;MDG: Developing regions;2020;31.55335998535156;UIS_EST;
SCHBSP.1.WINTERN;MDG: Developing regions;2021;32.59885025024414;UIS_EST;
SCHBSP.1.WINTERN;MDG: Developing regions;2022;35.93490982055664;UIS_EST;
SCHBSP.1.WINTERN;MDG: Developing regions;2023;41.1870002746582;UIS_EST;
SCHBSP.1.WINTERN;MDG: Developing regions;2024;41.87863922119141;UIS_EST;
SCHBSP.1.WINTERN;MDG: Eastern Asia;2015;85.61221313476562;UIS_EST;
SCHBSP.1.WINTERN;MDG: Eastern Asia;2016;85.61966705322266;;
SCHBSP.1.WINTERN;MDG: Eastern Asia;2017;92.1304931640625;;
SCHBSP.1.WINTERN;MDG: Eastern Asia;2018;95.63126373291016;;
SCHBSP.1.WINTERN;MDG: Eastern Asia;2019;97.09230041503906;;
SCHBSP.1.WINTERN;MDG: Eastern Asia;2020;97.67620849609375;;
SCHBSP.1.WINTERN;MDG: Eastern Asia;2021;97.81596374511719;;
SCHBSP.1.WINTERN;MDG: Eastern Asia;2022;97.94933319091797;;
SCHBSP.1.WINTERN;MDG: Eastern Asia;2023;97.9356918334961;;
SCHBSP.1.WINTERN;MDG: Eastern Asia;2024;98.09394073486328;;
SCHBSP.1.WINTERN;MDG: Eastern Asia (excluding China);2000;84.7231216430664;UIS_EST;
SCHBSP.1.WINTERN;MDG: Eastern Asia (excluding China);2001;84.80290985107422;UIS_EST;
SCHBSP.1.WINTERN;MDG: Eastern Asia (excluding China);2002;84.86946105957031;UIS_EST;
SCHBSP.1.WINTERN;MDG: Eastern Asia (excluding China);2003;84.94109344482422;UIS_EST;
SCHBSP.1.WINTERN;MDG: Eastern Asia (excluding China);2004;85.02224731445312;UIS_EST;
SCHBSP.1.WINTERN;MDG: Eastern Asia (excluding China);2005;85.11154174804688;UIS_EST;
SCHBSP.1.WINTERN;MDG: Eastern Asia (excluding China);2006;85.17188262939453;UIS_EST;
SCHBSP.1.WINTERN;MDG: Eastern Asia (excluding China);2007;85.14765167236328;UIS_EST;
SCHBSP.1.WINTERN;MDG: Eastern Asia (excluding China);2008;85.17767333984375;UIS_EST;
SCHBSP.1.WINTERN;MDG: Eastern Asia (excluding China);2009;85.1579818725586;UIS_EST;
SCHBSP.1.WINTERN;MDG: Eastern Asia (excluding China);2010;85.19532775878906;UIS_EST;
SCHBSP.1.WINTERN;MDG: Eastern Asia (excluding China);2011;85.2574234008789;UIS_EST;
SCHBSP.1.WINTERN;MDG: Eastern Asia (excluding China);2012;85.35494232177734;UIS_EST;
SCHBSP.1.WINTERN;MDG: Eastern Asia (excluding China);2013;85.47782135009766;UIS_EST;
SCHBSP.1.WINTERN;MDG: Eastern Asia (excluding China);2014;85.598876953125;UIS_EST;
SCHBSP.1.WINTERN;MDG: Eastern Asia (excluding China);2015;85.73892974853516;UIS_EST;
SCHBSP.1.WINTERN;MDG: Eastern Asia (excluding China);2016;85.86135864257812;;
SCHBSP.1.WINTERN;MDG: Eastern Asia (excluding China);2017;86.55970001220703;UIS_EST;
SCHBSP.1.WINTERN;MDG: Eastern Asia (excluding China);2018;87.16387939453125;UIS_EST;
SCHBSP.1.WINTERN;MDG: Eastern Asia (excluding China);2019;87.42130279541016;UIS_EST;
SCHBSP.1.WINTERN;MDG: Eastern Asia (excluding China);2020;87.69854736328125;UIS_EST;
SCHBSP.1.WINTERN;MDG: Eastern Asia (excluding China);2021;88.03343963623047;UIS_EST;
SCHBSP.1.WINTERN;MDG: Eastern Asia (excluding China);2022;88.53108215332031;UIS_EST;
SCHBSP.1.WINTERN;MDG: Eastern Asia (excluding China);2023;88.95317077636719;UIS_EST;
SCHBSP.1.WINTERN;MDG: Latin America;2009;28.66605949401855;UIS_EST;
SCHBSP.1.WINTERN;MDG: Latin America;2010;29.30961990356445;UIS_EST;
SCHBSP.1.WINTERN;MDG: Latin America;2011;30.87228012084961;UIS_EST;
SCHBSP.1.WINTERN;MDG: Latin America;2012;32.56003952026367;UIS_EST;
SCHBSP.1.WINTERN;MDG: Latin America;2013;34.15745162963867;UIS_EST;
SCHBSP.1.WINTERN;MDG: Latin America;2014;35.73575973510742;UIS_EST;
SCHBSP.1.WINTERN;MDG: Latin America;2015;37.30007934570313;UIS_EST;
SCHBSP.1.WINTERN;MDG: Latin America;2016;38.59402847290039;UIS_EST;
SCHBSP.1.WINTERN;MDG: Latin America;2017;38.75719833374023;UIS_EST;
SCHBSP.1.WINTERN;MDG: Latin America;2018;38.93059921264648;UIS_EST;
SCHBSP.1.WINTERN;MDG: Latin America;2019;40.42712020874023;UIS_EST;
SCHBSP.1.WINTERN;MDG: Latin America;2020;39.5189208984375;UIS_EST;
SCHBSP.1.WINTERN;MDG: Latin America;2021;40.10594940185547;UIS_EST;
SCHBSP.1.WINTERN;MDG: Latin America;2022;42.22441864013672;UIS_EST;
SCHBSP.1.WINTERN;MDG: Latin America;2023;42.13557815551758;UIS_EST;
SCHBSP.1.WINTERN;MDG: Latin America and the Caribbean;2009;29.99027061462402;UIS_EST;
SCHBSP.1.WINTERN;MDG: Latin America and the Caribbean;2010;30.59618949890137;UIS_EST;
SCHBSP.1.WINTERN;MDG: Latin America and the Caribbean;2011;32.14558029174805;UIS_EST;
SCHBSP.1.WINTERN;MDG: Latin America and the Caribbean;2012;33.86167144775391;UIS_EST;
SCHBSP.1.WINTERN;MDG: Latin America and the Caribbean;2013;35.4109992980957;UIS_EST;
SCHBSP.1.WINTERN;MDG: Latin America and the Caribbean;2014;36.93830871582031;UIS_EST;
SCHBSP.1.WINTERN;MDG: Latin America and the Caribbean;2015;38.4488410949707;UIS_EST;
SCHBSP.1.WINTERN;MDG: Latin America and the Caribbean;2016;39.70454025268555;UIS_EST;
SCHBSP.1.WINTERN;MDG: Latin America and the Caribbean;2017;40.07791137695313;UIS_EST;
SCHBSP.1.WINTERN;MDG: Latin America and the Caribbean;2018;40.29180908203125;UIS_EST;
SCHBSP.1.WINTERN;MDG: Latin America and the Caribbean;2019;41.85210037231445;UIS_EST;
SCHBSP.1.WINTERN;MDG: Latin America and the Caribbean;2020;41.25466156005859;UIS_EST;
SCHBSP.1.WINTERN;MDG: Latin America and the Caribbean;2021;42.19491958618164;UIS_EST;
SCHBSP.1.WINTERN;MDG: Latin America and the Caribbean;2022;44.10131072998047;UIS_EST;
SCHBSP.1.WINTERN;MDG: Latin America and the Caribbean;2023;44.05252838134766;UIS_EST;
SCHBSP.1.WINTERN;MDG: Northern Africa;2015;43.12728881835938;UIS_EST;
SCHBSP.1.WINTERN;MDG: Northern Africa;2016;43.38285064697266;UIS_EST;
SCHBSP.1.WINTERN;MDG: Northern Africa;2017;46.57484817504883;UIS_EST;
SCHBSP.1.WINTERN;MDG: Northern Africa;2018;49.19081115722656;UIS_EST;
SCHBSP.1.WINTERN;MDG: Northern Africa;2019;54.01190185546875;UIS_EST;
SCHBSP.1.WINTERN;MDG: Northern Africa;2020;46.80545043945313;UIS_EST;
SCHBSP.1.WINTERN;MDG: Northern Africa;2021;38.96900177001953;UIS_EST;
SCHBSP.1.WINTERN;MDG: Northern Africa;2022;39.56578063964844;UIS_EST;
SCHBSP.1.WINTERN;MDG: Northern Africa;2023;52.72769927978516;;
SCHBSP.1.WINTERN;MDG: Northern Africa;2024;39.36946105957031;;
SCHBSP.1.WINTERN;MDG: South-eastern Asia;2017;65.89164733886719;UIS_EST;
SCHBSP.1.WINTERN;MDG: South-eastern Asia;2018;66.61518096923828;UIS_EST;
SCHBSP.1.WINTERN;MDG: South-eastern Asia;2019;65.86026763916016;UIS_EST;
SCHBSP.1.WINTERN;MDG: South-eastern Asia;2021;67.22759246826172;UIS_EST;
SCHBSP.1.WINTERN;MDG: South-eastern Asia;2022;68.9284896850586;UIS_EST;
SCHBSP.1.WINTERN;MDG: South-eastern Asia;2023;70.6559829711914;UIS_EST;
SCHBSP.1.WINTERN;MDG: South-eastern Asia;2024;67.20964050292969;;
SCHBSP.1.WINTERN;MDG: Southern Asia;2018;10.77272987365723;UIS_EST;
SCHBSP.1.WINTERN;MDG: Southern Asia;2019;10.78800964355469;;
SCHBSP.1.WINTERN;MDG: Southern Asia;2020;12.0511999130249;;
SCHBSP.1.WINTERN;MDG: Southern Asia;2021;14.15223979949951;;
SCHBSP.1.WINTERN;MDG: Southern Asia;2022;21.15600967407227;;
SCHBSP.1.WINTERN;MDG: Southern Asia;2023;33.23860931396484;;
SCHBSP.1.WINTERN;MDG: Southern Asia;2024;36.43014144897461;;
SCHBSP.1.WINTERN;MDG: Southern Asia (excluding India);2019;19.27313995361328;UIS_EST;
SCHBSP.1.WINTERN;MDG: Southern Asia (excluding India);2020;19.65687942504883;UIS_EST;
SCHBSP.1.WINTERN;MDG: Southern Asia (excluding India);2021;20.88744926452637;UIS_EST;
SCHBSP.1.WINTERN;MDG: Southern Asia (excluding India);2023;23.03339958190918;UIS_EST;
SCHBSP.1.WINTERN;MDG: Southern Asia (excluding India);2024;23.89740943908691;UIS_EST;
SCHBSP.1.WINTERN;MDG: Western Asia;2011;75.10124206542969;UIS_EST;
SCHBSP.1.WINTERN;MDG: Western Asia;2012;75.64064025878906;UIS_EST;
SCHBSP.1.WINTERN;MDG: Western Asia;2013;75.0907211303711;UIS_EST;
SCHBSP.1.WINTERN;MDG: Western Asia;2014;75.23973083496094;UIS_EST;
SCHBSP.1.WINTERN;MDG: Western Asia;2015;75.29737854003906;UIS_EST;
SCHBSP.1.WINTERN;MDG: Western Asia;2016;75.35533142089844;UIS_EST;
SCHBSP.1.WINTERN;MDG: Western Asia;2017;76.22261810302734;UIS_EST;
SCHBSP.1.WINTERN;MDG: Western Asia;2018;77.31871795654297;UIS_EST;
SCHBSP.1.WINTERN;MDG: Western Asia;2019;78.38495635986328;UIS_EST;
SCHBSP.1.WINTERN;MDG: Western Asia;2020;78.8084487915039;;
SCHBSP.1.WINTERN;MDG: Western Asia;2021;78.17040252685547;;
SCHBSP.1.WINTERN;MDG: Western Asia;2022;78.63495635986328;;
SCHBSP.1.WINTERN;MDG: Western Asia;2023;79.47411346435547;UIS_EST;
SCHBSP.1.WINTERN;MDG: World;2016;36.91054153442383;UIS_EST;
SCHBSP.1.WINTERN;MDG: World;2017;37.16938018798828;UIS_EST;
SCHBSP.1.WINTERN;MDG: World;2018;37.52434158325195;UIS_EST;
SCHBSP.1.WINTERN;MDG: World;2019;38.12870025634766;UIS_EST;
SCHBSP.1.WINTERN;MDG: World;2020;38.7016487121582;UIS_EST;
SCHBSP.1.WINTERN;MDG: World;2021;39.69937896728516;UIS_EST;
SCHBSP.1.WINTERN;MDG: World;2022;42.69604110717773;UIS_EST;
SCHBSP.1.WINTERN;MDG: World;2023;47.33977890014648;UIS_EST;
SCHBSP.1.WINTERN;MDG: World;2024;47.97980880737305;UIS_EST;
SCHBSP.1.WINTERN;MDV;2017;100;;
SCHBSP.1.WINTERN;MDV;2018;98.57820129394531;;
SCHBSP.1.WINTERN;MDV;2019;98.57820129394531;;
SCHBSP.1.WINTERN;MDV;2023;100;;
SCHBSP.1.WINTERN;MDV;2024;100;;
SCHBSP.1.WINTERN;MEX;2007;26.90251922607422;;
SCHBSP.1.WINTERN;MEX;2010;32.44897842407227;;
SCHBSP.1.WINTERN;MEX;2013;32.34413146972656;UIS_EST;
SCHBSP.1.WINTERN;MEX;2015;38.23516845703125;;
SCHBSP.1.WINTERN;MEX;2016;38.87630081176758;;
SCHBSP.1.WINTERN;MEX;2019;48.86714172363281;UIS_EST;
SCHBSP.1.WINTERN;MEX;2021;29.61473083496094;;
SCHBSP.1.WINTERN;MHL;2016;25.53191489361702;;
SCHBSP.1.WINTERN;MHL;2019;29.78723404255319;;
SCHBSP.1.WINTERN;MHL;2020;29.78723404255319;;
SCHBSP.1.WINTERN;MHL;2021;30.43478260869566;;
SCHBSP.1.WINTERN;MLI;2023;1.447410743004181;;
SCHBSP.1.WINTERN;MMR;2017;0.1891500055789948;;
SCHBSP.1.WINTERN;MMR;2018;0.2301699966192245;;
SCHBSP.1.WINTERN;MNG;2016;70.65949249267578;;
SCHBSP.1.WINTERN;MNG;2020;100;;
SCHBSP.1.WINTERN;MNG;2021;100;;
SCHBSP.1.WINTERN;MNG;2022;100;;
SCHBSP.1.WINTERN;MNG;2023;100;;
SCHBSP.1.WINTERN;MNG;2024;100;;
SCHBSP.1.WINTERN;MSR;2010;50;;
SCHBSP.1.WINTERN;MSR;2012;100;;
SCHBSP.1.WINTERN;MSR;2013;100;;
SCHBSP.1.WINTERN;MSR;2014;100;;
SCHBSP.1.WINTERN;MSR;2015;100;;
SCHBSP.1.WINTERN;MSR;2016;100;;
SCHBSP.1.WINTERN;MSR;2017;100;;
SCHBSP.1.WINTERN;MSR;2018;100;;
SCHBSP.1.WINTERN;MSR;2019;100;;
SCHBSP.1.WINTERN;MSR;2020;100;;
SCHBSP.1.WINTERN;MSR;2021;100;;
SCHBSP.1.WINTERN;MSR;2022;100;;
SCHBSP.1.WINTERN;MSR;2023;100;;
SCHBSP.1.WINTERN;MSR;2024;100;;
SCHBSP.1.WINTERN;MUS;2013;55.93749999999999;;
SCHBSP.1.WINTERN;MUS;2014;49.375;;
SCHBSP.1.WINTERN;MUS;2015;40.9375;;
SCHBSP.1.WINTERN;MUS;2016;38.05031446540881;;
SCHBSP.1.WINTERN;MUS;2017;34.59119496855346;;
SCHBSP.1.WINTERN;MUS;2018;27.0440251572327;;
SCHBSP.1.WINTERN;MUS;2019;40.25157232704403;;
SCHBSP.1.WINTERN;MUS;2020;66.66666666666666;;
SCHBSP.1.WINTERN;MUS;2021;100;;
SCHBSP.1.WINTERN;MUS;2023;100;;
SCHBSP.1.WINTERN;MUS;2024;100;;
SCHBSP.1.WINTERN;MWI;2022;2.518518518518519;;
SCHBSP.1.WINTERN;MWI;2023;1.783146390566581;;
SCHBSP.1.WINTERN;MYS;2011;90.20722769775082;;
SCHBSP.1.WINTERN;MYS;2016;100;;
SCHBSP.1.WINTERN;MYS;2017;100;;
SCHBSP.1.WINTERN;MYS;2018;100;;
SCHBSP.1.WINTERN;MYS;2019;100;;
SCHBSP.1.WINTERN;MYS;2020;100;;
SCHBSP.1.WINTERN;MYS;2021;99.59626770019531;;
SCHBSP.1.WINTERN;MYS;2022;99.9585835576724;;
SCHBSP.1.WINTERN;MYS;2023;100;;
SCHBSP.1.WINTERN;MYS;2024;100;;
SCHBSP.1.WINTERN;NAM;2020;54.63126843657817;;
SCHBSP.1.WINTERN;NAM;2021;58.92236384704519;;
SCHBSP.1.WINTERN;NAM;2022;61.8663594470046;;
SCHBSP.1.WINTERN;NAM;2023;61.83765501691093;;
SCHBSP.1.WINTERN;NAM;2024;62.27777777777778;;
SCHBSP.1.WINTERN;NER;2016;0;;NIL
SCHBSP.1.WINTERN;NER;2018;0;;NIL
SCHBSP.1.WINTERN;NER;2019;1.213278660899848;;
SCHBSP.1.WINTERN;NER;2021;1.830538200153458;;
SCHBSP.1.WINTERN;NER;2023;0.4258378497953766;;
SCHBSP.1.WINTERN;NER;2024;0.4315352697095436;;
SCHBSP.1.WINTERN;NIC;2013;9.043219566345215;UIS_EST;
SCHBSP.1.WINTERN;NIC;2019;5.583662986755371;UIS_EST;
SCHBSP.1.WINTERN;NIC;2022;3.467299938201904;;
SCHBSP.1.WINTERN;NIU;2016;100;;
SCHBSP.1.WINTERN;NIU;2019;100;;
SCHBSP.1.WINTERN;NIU;2020;100;;
SCHBSP.1.WINTERN;NIU;2021;100;;
SCHBSP.1.WINTERN;NIU;2022;100;;
SCHBSP.1.WINTERN;NIU;2023;100;;
SCHBSP.1.WINTERN;NIU;2024;100;;
SCHBSP.1.WINTERN;NIU;2025;100;;
SCHBSP.1.WINTERN;NLD;2000;100;;
SCHBSP.1.WINTERN;NLD;2001;100;;
SCHBSP.1.WINTERN;NLD;2002;100;;
SCHBSP.1.WINTERN;NLD;2003;100;;
SCHBSP.1.WINTERN;NLD;2004;100;;
SCHBSP.1.WINTERN;NLD;2005;100;;
SCHBSP.1.WINTERN;NLD;2006;100;;
SCHBSP.1.WINTERN;NLD;2007;100;;
SCHBSP.1.WINTERN;NLD;2008;100;;
SCHBSP.1.WINTERN;NLD;2009;100;;
SCHBSP.1.WINTERN;NLD;2010;100;;
SCHBSP.1.WINTERN;NLD;2011;100;;
SCHBSP.1.WINTERN;NLD;2012;100;;
SCHBSP.1.WINTERN;NLD;2013;100;;
SCHBSP.1.WINTERN;NLD;2014;100;;
SCHBSP.1.WINTERN;NLD;2015;100;;
SCHBSP.1.WINTERN;NLD;2016;100;;
SCHBSP.1.WINTERN;NLD;2017;100;;
SCHBSP.1.WINTERN;NLD;2018;100;;
SCHBSP.1.WINTERN;NLD;2019;100;;
SCHBSP.1.WINTERN;NLD;2020;100;;
SCHBSP.1.WINTERN;NLD;2021;100;;
SCHBSP.1.WINTERN;NLD;2022;100;;
SCHBSP.1.WINTERN;NOR;2000;100;;
SCHBSP.1.WINTERN;NOR;2001;100;;
SCHBSP.1.WINTERN;NOR;2002;100;;
SCHBSP.1.WINTERN;NOR;2003;100;;
SCHBSP.1.WINTERN;NOR;2004;100;;
SCHBSP.1.WINTERN;NOR;2005;100;;
SCHBSP.1.WINTERN;NOR;2006;100;;
SCHBSP.1.WINTERN;NOR;2007;100;;
SCHBSP.1.WINTERN;NOR;2008;100;;
SCHBSP.1.WINTERN;NOR;2009;100;;
SCHBSP.1.WINTERN;NOR;2010;100;;
SCHBSP.1.WINTERN;NOR;2011;100;;
SCHBSP.1.WINTERN;NOR;2012;100;;
SCHBSP.1.WINTERN;NOR;2013;100;;
SCHBSP.1.WINTERN;NOR;2014;100;;
SCHBSP.1.WINTERN;NOR;2015;100;;
SCHBSP.1.WINTERN;NOR;2016;100;;
SCHBSP.1.WINTERN;NOR;2020;100;;
SCHBSP.1.WINTERN;NOR;2021;100;;
SCHBSP.1.WINTERN;NOR;2022;100;;
SCHBSP.1.WINTERN;NPL;2020;9.125530242919922;;
SCHBSP.1.WINTERN;NPL;2023;13.19927082146519;;
SCHBSP.1.WINTERN;NPL;2024;45.24532973216295;;
SCHBSP.1.WINTERN;NPL;2025;78.20972155612604;;
SCHBSP.1.WINTERN;NRU;2020;0;;NIL
SCHBSP.1.WINTERN;NRU;2022;0;;NIL
SCHBSP.1.WINTERN;NRU;2023;0;;NIL
SCHBSP.1.WINTERN;NRU;2024;0;;NIL
SCHBSP.1.WINTERN;OMN;2011;70.91152815013405;;
SCHBSP.1.WINTERN;OMN;2016;100;;
SCHBSP.1.WINTERN;OMN;2017;100;;
SCHBSP.1.WINTERN;OMN;2018;100;;
SCHBSP.1.WINTERN;OMN;2019;100;;
SCHBSP.1.WINTERN;OMN;2020;100;;
SCHBSP.1.WINTERN;OMN;2021;98.49198868991517;;
SCHBSP.1.WINTERN;OMN;2022;99.25857275254866;;
SCHBSP.1.WINTERN;OMN;2023;100;;
SCHBSP.1.WINTERN;OMN;2024;100;;
SCHBSP.1.WINTERN;PAK;2024;1.501992945654263;;
SCHBSP.1.WINTERN;PAN;2013;34.01396179199219;UIS_EST;
SCHBSP.1.WINTERN;PAN;2019;46.20060790273556;;
SCHBSP.1.WINTERN;PAN;2020;46.20060790273556;;
SCHBSP.1.WINTERN;PAN;2021;46.58289917254061;;
SCHBSP.1.WINTERN;PAN;2022;46.20060790273556;;
SCHBSP.1.WINTERN;PAN;2023;40.86021505376344;;
SCHBSP.1.WINTERN;PER;2013;53.97124099731445;UIS_EST;
SCHBSP.1.WINTERN;PER;2016;39.18455123901367;;
SCHBSP.1.WINTERN;PER;2017;38.20740127563477;;
SCHBSP.1.WINTERN;PER;2018;40.77000045776367;;
SCHBSP.1.WINTERN;PER;2019;49.82238006591797;;
SCHBSP.1.WINTERN;PER;2020;42.38336181640625;;
SCHBSP.1.WINTERN;PER;2021;47.92221069335938;;
SCHBSP.1.WINTERN;PER;2022;49.27304840087891;;
SCHBSP.1.WINTERN;PER;2023;52.70444869995117;;
SCHBSP.1.WINTERN;PER;2024;46.65639877319336;;
SCHBSP.1.WINTERN;PHL;2010;6.654290702556962;;
SCHBSP.1.WINTERN;PHL;2011;6.655935963805629;;
SCHBSP.1.WINTERN;PHL;2012;6.654383873414978;;
SCHBSP.1.WINTERN;PHL;2013;10.21181579809898;;
SCHBSP.1.WINTERN;PHL;2014;13.21733821733822;;
SCHBSP.1.WINTERN;PHL;2015;22.60719365982524;;
SCHBSP.1.WINTERN;PHL;2016;22.66852176718488;;
SCHBSP.1.WINTERN;PHL;2017;26.59079663532905;;
SCHBSP.1.WINTERN;PHL;2018;31.41533227755294;;
SCHBSP.1.WINTERN;PHL;2019;29.3273350471294;;
SCHBSP.1.WINTERN;PHL;2020;31.07509896838862;;
SCHBSP.1.WINTERN;PHL;2021;35.09159257712274;;
SCHBSP.1.WINTERN;PHL;2022;64.02195107242648;;
SCHBSP.1.WINTERN;PHL;2023;63.97805934501882;;
SCHBSP.1.WINTERN;PHL;2024;74.20505441501327;;
SCHBSP.1.WINTERN;PLW;2020;84.21052631578947;;
SCHBSP.1.WINTERN;PLW;2021;100;;
SCHBSP.1.WINTERN;PLW;2022;94.73684210526315;;
SCHBSP.1.WINTERN;PLW;2023;94.73684210526315;;
SCHBSP.1.WINTERN;POL;2000;100;;
SCHBSP.1.WINTERN;POL;2001;100;;
SCHBSP.1.WINTERN;POL;2002;100;;
SCHBSP.1.WINTERN;POL;2003;100;;
SCHBSP.1.WINTERN;POL;2004;100;;
SCHBSP.1.WINTERN;POL;2005;100;;
SCHBSP.1.WINTERN;POL;2006;100;;
SCHBSP.1.WINTERN;POL;2007;100;;
SCHBSP.1.WINTERN;POL;2008;100;;
SCHBSP.1.WINTERN;POL;2009;100;;
SCHBSP.1.WINTERN;POL;2010;100;;
SCHBSP.1.WINTERN;POL;2011;100;;
SCHBSP.1.WINTERN;POL;2012;100;;
SCHBSP.1.WINTERN;POL;2013;100;;
SCHBSP.1.WINTERN;POL;2014;100;;
SCHBSP.1.WINTERN;POL;2015;100;;
SCHBSP.1.WINTERN;POL;2016;100;;
SCHBSP.1.WINTERN;POL;2017;100;;
SCHBSP.1.WINTERN;POL;2018;100;;
SCHBSP.1.WINTERN;POL;2019;100;;
SCHBSP.1.WINTERN;POL;2020;100;;
SCHBSP.1.WINTERN;POL;2021;100;;
SCHBSP.1.WINTERN;PRI;2023;49.66117858886719;;
SCHBSP.1.WINTERN;PRI;2024;100;;
SCHBSP.1.WINTERN;PRT;2000;100;;
SCHBSP.1.WINTERN;PRT;2001;100;;
SCHBSP.1.WINTERN;PRT;2002;100;;
SCHBSP.1.WINTERN;PRT;2003;100;;
SCHBSP.1.WINTERN;PRT;2004;100;;
SCHBSP.1.WINTERN;PRT;2005;100;;
SCHBSP.1.WINTERN;PRT;2006;100;;
SCHBSP.1.WINTERN;PRT;2007;100;;
SCHBSP.1.WINTERN;PRT;2008;100;;
SCHBSP.1.WINTERN;PRT;2009;100;;
SCHBSP.1.WINTERN;PRT;2010;100;;
SCHBSP.1.WINTERN;PRT;2011;100;;
SCHBSP.1.WINTERN;PRT;2012;98.19322204589844;;
SCHBSP.1.WINTERN;PRT;2013;99.40338897705078;;
SCHBSP.1.WINTERN;PRT;2014;99.41200256347656;;
SCHBSP.1.WINTERN;PRT;2015;99.66590118408203;;
SCHBSP.1.WINTERN;PRT;2016;99.57948303222656;;
SCHBSP.1.WINTERN;PRT;2017;98.17086029052734;;
SCHBSP.1.WINTERN;PRT;2018;92.87731170654297;;
SCHBSP.1.WINTERN;PRT;2019;95.00762939453125;;
SCHBSP.1.WINTERN;PRT;2020;94.1971206665039;;
SCHBSP.1.WINTERN;PRT;2021;98.96975708007812;;
SCHBSP.1.WINTERN;PRY;2013;12.6187801361084;UIS_EST;
SCHBSP.1.WINTERN;PRY;2016;5.405063291139241;;
SCHBSP.1.WINTERN;PRY;2019;24.21010971069336;UIS_EST;
SCHBSP.1.WINTERN;PSE;2016;31.69198533263489;;
SCHBSP.1.WINTERN;PSE;2017;48.79425346331452;;
SCHBSP.1.WINTERN;PSE;2018;71.07692307692308;;
SCHBSP.1.WINTERN;PSE;2019;81.11675126903553;;
SCHBSP.1.WINTERN;PSE;2020;90.7175112895133;;
SCHBSP.1.WINTERN;PSE;2021;91.57947184853015;;
SCHBSP.1.WINTERN;PSE;2022;98.28263002944063;;
SCHBSP.1.WINTERN;PSE;2023;98.02409638554217;;
SCHBSP.1.WINTERN;QAT;2011;61.76470588235294;;
SCHBSP.1.WINTERN;QAT;2016;100;;
SCHBSP.1.WINTERN;QAT;2017;100;;
SCHBSP.1.WINTERN;QAT;2018;100;;
SCHBSP.1.WINTERN;QAT;2019;100;;
SCHBSP.1.WINTERN;QAT;2020;100;;
SCHBSP.1.WINTERN;QAT;2021;100;;
SCHBSP.1.WINTERN;QAT;2022;100;;
SCHBSP.1.WINTERN;QAT;2023;100;;
SCHBSP.1.WINTERN;QAT;2024;100;;
SCHBSP.1.WINTERN;RWA;2011;5.741250491545419;;
SCHBSP.1.WINTERN;RWA;2012;5.859676175790286;;
SCHBSP.1.WINTERN;RWA;2013;6.568516421291053;;
SCHBSP.1.WINTERN;RWA;2014;8.151973441534489;;
SCHBSP.1.WINTERN;RWA;2015;9.44767441860465;;
SCHBSP.1.WINTERN;RWA;2016;9.781843771991555;;
SCHBSP.1.WINTERN;RWA;2017;25.1303441084463;;
SCHBSP.1.WINTERN;RWA;2018;30.0103128222757;;
SCHBSP.1.WINTERN;RWA;2019;34.75177304964539;;
SCHBSP.1.WINTERN;RWA;2021;31.78000541858575;;
SCHBSP.1.WINTERN;RWA;2022;54.05899243017489;;
SCHBSP.1.WINTERN;RWA;2023;56.53611393692777;;
SCHBSP.1.WINTERN;RWA;2024;59.44073249195744;;
SCHBSP.1.WINTERN;SAU;2016;100;;
SCHBSP.1.WINTERN;SAU;2017;100;;
SCHBSP.1.WINTERN;SAU;2018;100;;
SCHBSP.1.WINTERN;SAU;2019;100;;
SCHBSP.1.WINTERN;SAU;2020;100;;
SCHBSP.1.WINTERN;SAU;2021;100;;
SCHBSP.1.WINTERN;SAU;2022;100;;
SCHBSP.1.WINTERN;SAU;2024;100;;
SCHBSP.1.WINTERN;SDG: Australia and New Zealand;2000;91.73986053466797;;
SCHBSP.1.WINTERN;SDG: Australia and New Zealand;2001;91.73739624023438;;
SCHBSP.1.WINTERN;SDG: Australia and New Zealand;2002;91.74076080322266;;
SCHBSP.1.WINTERN;SDG: Australia and New Zealand;2003;91.73664855957031;;
SCHBSP.1.WINTERN;SDG: Australia and New Zealand;2004;91.7393798828125;;
SCHBSP.1.WINTERN;SDG: Australia and New Zealand;2005;91.74211120605469;;
SCHBSP.1.WINTERN;SDG: Australia and New Zealand;2006;91.73706817626953;;
SCHBSP.1.WINTERN;SDG: Australia and New Zealand;2007;91.72225952148438;;
SCHBSP.1.WINTERN;SDG: Australia and New Zealand;2008;91.68678283691406;;
SCHBSP.1.WINTERN;SDG: Australia and New Zealand;2009;91.6763916015625;;
SCHBSP.1.WINTERN;SDG: Australia and New Zealand;2010;91.66512298583984;;
SCHBSP.1.WINTERN;SDG: Australia and New Zealand;2011;91.647216796875;;
SCHBSP.1.WINTERN;SDG: Australia and New Zealand;2012;91.69046783447266;;
SCHBSP.1.WINTERN;SDG: Australia and New Zealand;2013;91.54287719726562;;
SCHBSP.1.WINTERN;SDG: Australia and New Zealand;2014;91.40901184082031;;
SCHBSP.1.WINTERN;SDG: Australia and New Zealand;2015;91.28473663330078;;
SCHBSP.1.WINTERN;SDG: Australia and New Zealand;2016;91.1593017578125;;
SCHBSP.1.WINTERN;SDG: Australia and New Zealand;2017;91.0413818359375;;
SCHBSP.1.WINTERN;SDG: Australia and New Zealand;2018;91.01563262939453;;
SCHBSP.1.WINTERN;SDG: Australia and New Zealand;2019;91.14933013916016;;
SCHBSP.1.WINTERN;SDG: Australia and New Zealand;2020;91.6815185546875;;
SCHBSP.1.WINTERN;SDG: Australia and New Zealand;2021;93.45977783203125;;
SCHBSP.1.WINTERN;SDG: Australia and New Zealand;2022;93.47737884521484;UIS_EST;
SCHBSP.1.WINTERN;SDG: Central Asia;2016;80.97483825683594;UIS_EST;
SCHBSP.1.WINTERN;SDG: Central Asia;2017;80.79502868652344;UIS_EST;
SCHBSP.1.WINTERN;SDG: Central Asia;2018;80.08625030517578;UIS_EST;
SCHBSP.1.WINTERN;SDG: Central Asia;2019;80.01307678222656;UIS_EST;
SCHBSP.1.WINTERN;SDG: Central Asia;2020;85.48763275146484;UIS_EST;
SCHBSP.1.WINTERN;SDG: Central Asia;2021;84.76167297363281;UIS_EST;
SCHBSP.1.WINTERN;SDG: Central Asia;2022;85.56562042236328;UIS_EST;
SCHBSP.1.WINTERN;SDG: Central Asia;2024;87.05793762207031;;
SCHBSP.1.WINTERN;SDG: Central and Southern Asia;2018;12.03232002258301;UIS_EST;
SCHBSP.1.WINTERN;SDG: Central and Southern Asia;2019;12.10309028625488;;
SCHBSP.1.WINTERN;SDG: Central and Southern Asia;2020;13.53089046478271;;
SCHBSP.1.WINTERN;SDG: Central and Southern Asia;2021;15.59780979156494;;
SCHBSP.1.WINTERN;SDG: Central and Southern Asia;2022;22.51675987243652;;
SCHBSP.1.WINTERN;SDG: Central and Southern Asia;2023;34.39427185058594;;
SCHBSP.1.WINTERN;SDG: Central and Southern Asia;2024;37.55548095703125;;
SCHBSP.1.WINTERN;SDG: Eastern Asia;2015;83.12357330322266;UIS_EST;
SCHBSP.1.WINTERN;SDG: Eastern Asia;2016;83.11290740966797;;
SCHBSP.1.WINTERN;SDG: Eastern Asia;2017;88.70333862304688;;
SCHBSP.1.WINTERN;SDG: Eastern Asia;2018;91.65753173828125;;
SCHBSP.1.WINTERN;SDG: Eastern Asia;2019;92.86647033691406;;
SCHBSP.1.WINTERN;SDG: Eastern Asia;2020;93.4017333984375;;
SCHBSP.1.WINTERN;SDG: Eastern Asia;2021;93.58770751953125;;
SCHBSP.1.WINTERN;SDG: Eastern Asia;2022;93.8662109375;;
SCHBSP.1.WINTERN;SDG: Eastern Asia;2023;93.99899291992188;;
SCHBSP.1.WINTERN;SDG: Eastern Asia;2024;93.86659240722656;;
SCHBSP.1.WINTERN;SDG: Eastern and South-Eastern Asia;2015;72.61296081542969;UIS_EST;
SCHBSP.1.WINTERN;SDG: Eastern and South-Eastern Asia;2016;72.49890899658203;UIS_EST;
SCHBSP.1.WINTERN;SDG: Eastern and South-Eastern Asia;2017;75.04776763916016;UIS_EST;
SCHBSP.1.WINTERN;SDG: Eastern and South-Eastern Asia;2018;76.34237670898438;UIS_EST;
SCHBSP.1.WINTERN;SDG: Eastern and South-Eastern Asia;2019;76.28092193603516;UIS_EST;
SCHBSP.1.WINTERN;SDG: Eastern and South-Eastern Asia;2020;76.50193786621094;UIS_EST;
SCHBSP.1.WINTERN;SDG: Eastern and South-Eastern Asia;2021;77.44097900390625;UIS_EST;
SCHBSP.1.WINTERN;SDG: Eastern and South-Eastern Asia;2022;78.57219696044922;UIS_EST;
SCHBSP.1.WINTERN;SDG: Eastern and South-Eastern Asia;2023;79.61962890625;;
SCHBSP.1.WINTERN;SDG: Eastern and South-Eastern Asia;2024;77.26146697998047;;
SCHBSP.1.WINTERN;SDG: Europe;2004;88.9664077758789;UIS_EST;
SCHBSP.1.WINTERN;SDG: Europe;2005;89.15879821777344;UIS_EST;
SCHBSP.1.WINTERN;SDG: Europe;2006;89.19680786132812;UIS_EST;
SCHBSP.1.WINTERN;SDG: Europe;2014;91.6568832397461;UIS_EST;
SCHBSP.1.WINTERN;SDG: Europe;2015;92.2877197265625;UIS_EST;
SCHBSP.1.WINTERN;SDG: Europe;2016;92.98014831542969;UIS_EST;
SCHBSP.1.WINTERN;SDG: Europe;2017;93.1247329711914;UIS_EST;
SCHBSP.1.WINTERN;SDG: Europe and Northern America;2014;94.10904693603516;UIS_EST;
SCHBSP.1.WINTERN;SDG: Europe and Northern America;2015;94.5730209350586;UIS_EST;
SCHBSP.1.WINTERN;SDG: Europe and Northern America;2016;95.06633758544922;UIS_EST;
SCHBSP.1.WINTERN;SDG: Europe and Northern America;2017;95.14092254638672;UIS_EST;
SCHBSP.1.WINTERN;SDG: Europe and Northern America;2018;95.22273254394531;UIS_EST;
SCHBSP.1.WINTERN;SDG: Europe and Northern America;2019;95.75273132324219;UIS_EST;
SCHBSP.1.WINTERN;SDG: Europe and Northern America;2020;95.90709686279297;UIS_EST;
SCHBSP.1.WINTERN;SDG: Europe, Northern America, Australia and New Zealand;2014;94.03044128417969;UIS_EST;
SCHBSP.1.WINTERN;SDG: Europe, Northern America, Australia and New Zealand;2015;94.47590637207031;UIS_EST;
SCHBSP.1.WINTERN;SDG: Europe, Northern America, Australia and New Zealand;2016;94.94915008544922;UIS_EST;
SCHBSP.1.WINTERN;SDG: Europe, Northern America, Australia and New Zealand;2017;95.01789855957031;UIS_EST;
SCHBSP.1.WINTERN;SDG: Europe, Northern America, Australia and New Zealand;2018;95.09544372558594;UIS_EST;
SCHBSP.1.WINTERN;SDG: Europe, Northern America, Australia and New Zealand;2019;95.61386108398438;UIS_EST;
SCHBSP.1.WINTERN;SDG: Europe, Northern America, Australia and New Zealand;2020;95.77645874023438;UIS_EST;
SCHBSP.1.WINTERN;SDG: Landlocked Developing Countries;2019;19.61650085449219;UIS_EST;
SCHBSP.1.WINTERN;SDG: Landlocked Developing Countries;2020;20.86640930175781;UIS_EST;
SCHBSP.1.WINTERN;SDG: Landlocked Developing Countries;2021;22.6270809173584;UIS_EST;
SCHBSP.1.WINTERN;SDG: Landlocked Developing Countries;2022;24.89999961853027;UIS_EST;
SCHBSP.1.WINTERN;SDG: Landlocked Developing Countries;2023;27.00115966796875;UIS_EST;
SCHBSP.1.WINTERN;SDG: Landlocked Developing Countries;2024;28.67568016052246;UIS_EST;
SCHBSP.1.WINTERN;SDG: Latin America and the Caribbean;2009;29.99027061462402;UIS_EST;
SCHBSP.1.WINTERN;SDG: Latin America and the Caribbean;2010;30.59618949890137;UIS_EST;
SCHBSP.1.WINTERN;SDG: Latin America and the Caribbean;2011;32.14558029174805;UIS_EST;
SCHBSP.1.WINTERN;SDG: Latin America and the Caribbean;2012;33.86167144775391;UIS_EST;
SCHBSP.1.WINTERN;SDG: Latin America and the Caribbean;2013;35.4109992980957;UIS_EST;
SCHBSP.1.WINTERN;SDG: Latin America and the Caribbean;2014;36.93830871582031;UIS_EST;
SCHBSP.1.WINTERN;SDG: Latin America and the Caribbean;2015;38.4488410949707;UIS_EST;
SCHBSP.1.WINTERN;SDG: Latin America and the Caribbean;2016;39.70454025268555;UIS_EST;
SCHBSP.1.WINTERN;SDG: Latin America and the Caribbean;2017;40.07791137695313;UIS_EST;
SCHBSP.1.WINTERN;SDG: Latin America and the Caribbean;2018;40.29180908203125;UIS_EST;
SCHBSP.1.WINTERN;SDG: Latin America and the Caribbean;2019;41.85210037231445;UIS_EST;
SCHBSP.1.WINTERN;SDG: Latin America and the Caribbean;2020;41.25466156005859;UIS_EST;
SCHBSP.1.WINTERN;SDG: Latin America and the Caribbean;2021;42.19491958618164;UIS_EST;
SCHBSP.1.WINTERN;SDG: Latin America and the Caribbean;2022;44.10131072998047;UIS_EST;
SCHBSP.1.WINTERN;SDG: Latin America and the Caribbean;2023;44.05252838134766;UIS_EST;
SCHBSP.1.WINTERN;SDG: Least Developed Countries;2019;22.57720947265625;UIS_EST;
SCHBSP.1.WINTERN;SDG: Least Developed Countries;2020;22.80821990966797;UIS_EST;
SCHBSP.1.WINTERN;SDG: Least Developed Countries;2021;23.41086959838867;UIS_EST;
SCHBSP.1.WINTERN;SDG: Northern Africa;2015;47.839599609375;UIS_EST;
SCHBSP.1.WINTERN;SDG: Northern Africa;2016;48.09609985351563;UIS_EST;
SCHBSP.1.WINTERN;SDG: Northern Africa;2017;51.15835952758789;UIS_EST;
SCHBSP.1.WINTERN;SDG: Northern Africa;2018;53.55131912231445;UIS_EST;
SCHBSP.1.WINTERN;SDG: Northern Africa;2019;57.97700119018555;UIS_EST;
SCHBSP.1.WINTERN;SDG: Northern Africa;2020;52.33543014526367;UIS_EST;
SCHBSP.1.WINTERN;SDG: Northern Africa;2021;45.95289993286133;UIS_EST;
SCHBSP.1.WINTERN;SDG: Northern Africa;2022;46.87028884887695;UIS_EST;
SCHBSP.1.WINTERN;SDG: Northern Africa;2023;57.44157028198242;;
SCHBSP.1.WINTERN;SDG: Northern Africa;2024;46.05422973632813;;
SCHBSP.1.WINTERN;SDG: Northern Africa and Western Asia;2015;62.56867980957031;UIS_EST;
SCHBSP.1.WINTERN;SDG: Northern Africa and Western Asia;2016;62.48669052124023;UIS_EST;
SCHBSP.1.WINTERN;SDG: Northern Africa and Western Asia;2017;64.20951843261719;UIS_EST;
SCHBSP.1.WINTERN;SDG: Northern Africa and Western Asia;2018;65.8243408203125;UIS_EST;
SCHBSP.1.WINTERN;SDG: Northern Africa and Western Asia;2019;68.3062973022461;UIS_EST;
SCHBSP.1.WINTERN;SDG: Northern Africa and Western Asia;2020;65.81913757324219;UIS_EST;
SCHBSP.1.WINTERN;SDG: Northern Africa and Western Asia;2021;62.34888076782227;UIS_EST;
SCHBSP.1.WINTERN;SDG: Northern Africa and Western Asia;2022;63.38674926757813;UIS_EST;
SCHBSP.1.WINTERN;SDG: Northern Africa and Western Asia;2023;68.83049011230469;UIS_EST;
SCHBSP.1.WINTERN;SDG: Northern Africa and Western Asia;2024;62.31829071044922;UIS_EST;
SCHBSP.1.WINTERN;SDG: Northern America;2014;99.70076751708984;UIS_EST;
SCHBSP.1.WINTERN;SDG: Northern America;2015;99.70468139648438;;
SCHBSP.1.WINTERN;SDG: Northern America;2016;99.70575714111328;UIS_EST;
SCHBSP.1.WINTERN;SDG: Northern America;2017;99.69786071777344;UIS_EST;
SCHBSP.1.WINTERN;SDG: Northern America;2018;99.67478942871094;UIS_EST;
SCHBSP.1.WINTERN;SDG: Northern America;2019;99.69571685791016;;
SCHBSP.1.WINTERN;SDG: Northern America;2020;99.71266174316406;UIS_EST;
SCHBSP.1.WINTERN;SDG: Oceania;2000;59.8236083984375;UIS_EST;
SCHBSP.1.WINTERN;SDG: Oceania;2001;59.8131217956543;UIS_EST;
SCHBSP.1.WINTERN;SDG: Oceania;2002;59.82926940917969;UIS_EST;
SCHBSP.1.WINTERN;SDG: Oceania;2003;59.80902099609375;UIS_EST;
SCHBSP.1.WINTERN;SDG: Oceania;2004;59.81900024414063;UIS_EST;
SCHBSP.1.WINTERN;SDG: Oceania;2005;59.82897186279297;UIS_EST;
SCHBSP.1.WINTERN;SDG: Oceania;2006;59.81023025512695;UIS_EST;
SCHBSP.1.WINTERN;SDG: Oceania;2007;59.75317001342773;UIS_EST;
SCHBSP.1.WINTERN;SDG: Oceania;2008;59.62746810913086;UIS_EST;
SCHBSP.1.WINTERN;SDG: Oceania;2009;59.58517074584961;UIS_EST;
SCHBSP.1.WINTERN;SDG: Oceania;2010;59.5361213684082;UIS_EST;
SCHBSP.1.WINTERN;SDG: Oceania;2011;59.44947052001953;UIS_EST;
SCHBSP.1.WINTERN;SDG: Oceania;2012;59.80838012695313;UIS_EST;
SCHBSP.1.WINTERN;SDG: Oceania;2013;59.25350952148438;UIS_EST;
SCHBSP.1.WINTERN;SDG: Oceania;2014;58.76599884033203;UIS_EST;
SCHBSP.1.WINTERN;SDG: Oceania;2015;58.32630920410156;UIS_EST;
SCHBSP.1.WINTERN;SDG: Oceania;2016;57.89614105224609;UIS_EST;
SCHBSP.1.WINTERN;SDG: Oceania;2017;57.54130172729492;UIS_EST;
SCHBSP.1.WINTERN;SDG: Oceania;2018;57.63832092285156;UIS_EST;
SCHBSP.1.WINTERN;SDG: Oceania;2019;58.28799819946289;UIS_EST;
SCHBSP.1.WINTERN;SDG: Oceania;2020;60.46192932128906;UIS_EST;
SCHBSP.1.WINTERN;SDG: Oceania;2021;67.63054656982422;UIS_EST;
SCHBSP.1.WINTERN;SDG: Oceania;2022;67.72599029541016;UIS_EST;
SCHBSP.1.WINTERN;SDG: Small Island Developing States;2017;50.09281158447266;UIS_EST;
SCHBSP.1.WINTERN;SDG: Small Island Developing States;2018;50.6256217956543;UIS_EST;
SCHBSP.1.WINTERN;SDG: Small Island Developing States;2019;52.58454132080078;UIS_EST;
SCHBSP.1.WINTERN;SDG: Small Island Developing States;2020;56.08581161499023;UIS_EST;
SCHBSP.1.WINTERN;SDG: Small Island Developing States;2021;62.87628173828125;UIS_EST;
SCHBSP.1.WINTERN;SDG: Small Island Developing States;2022;62.31547927856445;UIS_EST;
SCHBSP.1.WINTERN;SDG: Small Island Developing States;2023;63.19210815429688;UIS_EST;
SCHBSP.1.WINTERN;SDG: Small Island Developing States;2024;67.64855194091797;UIS_EST;
SCHBSP.1.WINTERN;SDG: South-Eastern Asia;2017;65.89164733886719;UIS_EST;
SCHBSP.1.WINTERN;SDG: South-Eastern Asia;2018;66.61518096923828;UIS_EST;
SCHBSP.1.WINTERN;SDG: South-Eastern Asia;2019;65.86026763916016;UIS_EST;
SCHBSP.1.WINTERN;SDG: South-Eastern Asia;2021;67.22759246826172;UIS_EST;
SCHBSP.1.WINTERN;SDG: South-Eastern Asia;2022;68.9284896850586;UIS_EST;
SCHBSP.1.WINTERN;SDG: South-Eastern Asia;2023;70.6559829711914;UIS_EST;
SCHBSP.1.WINTERN;SDG: South-Eastern Asia;2024;67.20964050292969;;
SCHBSP.1.WINTERN;SDG: Southern Asia;2018;10.77272987365723;UIS_EST;
SCHBSP.1.WINTERN;SDG: Southern Asia;2019;10.78800964355469;;
SCHBSP.1.WINTERN;SDG: Southern Asia;2020;12.0511999130249;;
SCHBSP.1.WINTERN;SDG: Southern Asia;2021;14.15223979949951;;
SCHBSP.1.WINTERN;SDG: Southern Asia;2022;21.15600967407227;;
SCHBSP.1.WINTERN;SDG: Southern Asia;2023;33.23860931396484;;
SCHBSP.1.WINTERN;SDG: Southern Asia;2024;36.43014144897461;;
SCHBSP.1.WINTERN;SDG: Western Asia;2011;75.13613891601562;UIS_EST;
SCHBSP.1.WINTERN;SDG: Western Asia;2012;75.72525024414062;UIS_EST;
SCHBSP.1.WINTERN;SDG: Western Asia;2015;75.44081115722656;UIS_EST;
SCHBSP.1.WINTERN;SDG: Western Asia;2016;75.49590301513672;UIS_EST;
SCHBSP.1.WINTERN;SDG: Western Asia;2017;76.4121322631836;;
SCHBSP.1.WINTERN;SDG: Western Asia;2018;77.4298324584961;;
SCHBSP.1.WINTERN;SDG: Western Asia;2019;78.47852325439453;;
SCHBSP.1.WINTERN;SDG: Western Asia;2020;79.27410888671875;;
SCHBSP.1.WINTERN;SDG: Western Asia;2021;78.90809631347656;;
SCHBSP.1.WINTERN;SDG: Western Asia;2022;79.4952621459961;;
SCHBSP.1.WINTERN;SDG: Western Asia;2023;80.5695571899414;UIS_EST;
SCHBSP.1.WINTERN;SDG: Western Asia;2024;79.2889633178711;UIS_EST;
SCHBSP.1.WINTERN;SDG: World;2016;36.91075897216797;UIS_EST;
SCHBSP.1.WINTERN;SDG: World;2017;37.16960906982422;UIS_EST;
SCHBSP.1.WINTERN;SDG: World;2018;37.52457809448242;UIS_EST;
SCHBSP.1.WINTERN;SDG: World;2019;38.12894821166992;UIS_EST;
SCHBSP.1.WINTERN;SDG: World;2020;38.70188140869141;UIS_EST;
SCHBSP.1.WINTERN;SDG: World;2021;39.69961166381836;UIS_EST;
SCHBSP.1.WINTERN;SDG: World;2022;42.69625854492188;UIS_EST;
SCHBSP.1.WINTERN;SDG: World;2023;47.33998107910156;UIS_EST;
SCHBSP.1.WINTERN;SDG: World;2024;47.98001098632813;UIS_EST;
SCHBSP.1.WINTERN;SEN;2019;12.93628541042251;;
SCHBSP.1.WINTERN;SEN;2020;13.75701645894777;;
SCHBSP.1.WINTERN;SEN;2021;28.3869760479042;;
SCHBSP.1.WINTERN;SEN;2022;26.58780709736124;;
SCHBSP.1.WINTERN;SEN;2023;26.61036744227832;;
SCHBSP.1.WINTERN;SEN;2024;27.7703246579018;;
SCHBSP.1.WINTERN;SGP;2016;100;;
SCHBSP.1.WINTERN;SGP;2017;100;;
SCHBSP.1.WINTERN;SGP;2018;100;;
SCHBSP.1.WINTERN;SGP;2019;100;;
SCHBSP.1.WINTERN;SGP;2020;100;;
SCHBSP.1.WINTERN;SGP;2021;100;;
SCHBSP.1.WINTERN;SGP;2022;100;;
SCHBSP.1.WINTERN;SGP;2023;100;;
SCHBSP.1.WINTERN;SLB;2018;0;;NIL
SCHBSP.1.WINTERN;SLB;2019;2.469135802469136;;
SCHBSP.1.WINTERN;SLB;2023;7.644882860665844;;
SCHBSP.1.WINTERN;SLB;2024;7.901234567901234;;
SCHBSP.1.WINTERN;SLE;2017;0.2802865151043289;;
SCHBSP.1.WINTERN;SLE;2018;0.5569837189374465;;
SCHBSP.1.WINTERN;SLE;2019;0.7408442829186469;;
SCHBSP.1.WINTERN;SLE;2020;0.7407407407407408;;
SCHBSP.1.WINTERN;SLE;2021;0.7134203795934849;;
SCHBSP.1.WINTERN;SLE;2022;1.460342979635584;;
SCHBSP.1.WINTERN;SLE;2023;1.45985401459854;;
SCHBSP.1.WINTERN;SLE;2024;1.465346534653465;;
SCHBSP.1.WINTERN;SLV;2016;27.38184546136534;;
SCHBSP.1.WINTERN;SLV;2018;23.24141812042769;;
SCHBSP.1.WINTERN;SLV;2019;94.37130737304688;UIS_EST;
SCHBSP.1.WINTERN;SMR;2018;100;;
SCHBSP.1.WINTERN;SMR;2019;100;;
SCHBSP.1.WINTERN;SMR;2020;100;;
SCHBSP.1.WINTERN;SMR;2021;100;;
SCHBSP.1.WINTERN;SMR;2022;100;;
SCHBSP.1.WINTERN;SMR;2023;100;;
SCHBSP.1.WINTERN;SMR;2024;100;;
SCHBSP.1.WINTERN;SVK;2014;100;;
SCHBSP.1.WINTERN;SVK;2015;100;;
SCHBSP.1.WINTERN;SVK;2016;100;;
SCHBSP.1.WINTERN;SVK;2017;100;;
SCHBSP.1.WINTERN;SVK;2018;100;;
SCHBSP.1.WINTERN;SVK;2019;100;;
SCHBSP.1.WINTERN;SVK;2020;100;;
SCHBSP.1.WINTERN;SVK;2021;100;;
SCHBSP.1.WINTERN;SVK;2022;100;;
SCHBSP.1.WINTERN;SVK;2023;100;;
SCHBSP.1.WINTERN;SVK;2024;100;;
SCHBSP.1.WINTERN;SVN;2000;100;;
SCHBSP.1.WINTERN;SVN;2001;100;;
SCHBSP.1.WINTERN;SVN;2002;100;;
SCHBSP.1.WINTERN;SVN;2003;100;;
SCHBSP.1.WINTERN;SVN;2004;100;;
SCHBSP.1.WINTERN;SVN;2005;100;;
SCHBSP.1.WINTERN;SVN;2006;100;;
SCHBSP.1.WINTERN;SVN;2007;100;;
SCHBSP.1.WINTERN;SVN;2008;100;;
SCHBSP.1.WINTERN;SVN;2009;100;;
SCHBSP.1.WINTERN;SVN;2010;100;;
SCHBSP.1.WINTERN;SVN;2011;100;;
SCHBSP.1.WINTERN;SVN;2012;100;;
SCHBSP.1.WINTERN;SVN;2013;100;;
SCHBSP.1.WINTERN;SVN;2014;100;;
SCHBSP.1.WINTERN;SVN;2015;100;;
SCHBSP.1.WINTERN;SVN;2016;100;;
SCHBSP.1.WINTERN;SVN;2017;100;;
SCHBSP.1.WINTERN;SVN;2018;100;;
SCHBSP.1.WINTERN;SVN;2019;100;;
SCHBSP.1.WINTERN;SVN;2020;100;;
SCHBSP.1.WINTERN;SVN;2021;100;;
SCHBSP.1.WINTERN;SVN;2022;100;;
SCHBSP.1.WINTERN;SWE;2017;100;;
SCHBSP.1.WINTERN;SWE;2018;100;;
SCHBSP.1.WINTERN;SWE;2019;100;;
SCHBSP.1.WINTERN;SWE;2020;100;;
SCHBSP.1.WINTERN;SWE;2021;100;;
SCHBSP.1.WINTERN;SWZ;2016;15.59485530546624;;
SCHBSP.1.WINTERN;SWZ;2019;63.10975609756098;;
SCHBSP.1.WINTERN;SWZ;2022;13.72549019607843;;
SCHBSP.1.WINTERN;SWZ;2023;11.97604790419162;;
SCHBSP.1.WINTERN;SYC;2016;96.42857142857143;;
SCHBSP.1.WINTERN;SYC;2017;85.71428571428571;;
SCHBSP.1.WINTERN;SYC;2018;100;;
SCHBSP.1.WINTERN;SYC;2019;100;;
SCHBSP.1.WINTERN;SYC;2020;100;;
SCHBSP.1.WINTERN;SYC;2021;100;;
SCHBSP.1.WINTERN;SYC;2022;100;;
SCHBSP.1.WINTERN;SYC;2023;100;;
SCHBSP.1.WINTERN;SYC;2024;100;;
SCHBSP.1.WINTERN;SYR;2020;6.704559803009033;;
SCHBSP.1.WINTERN;SYR;2021;3.425580024719238;;
SCHBSP.1.WINTERN;SYR;2022;7.01161003112793;;
SCHBSP.1.WINTERN;SYR;2023;7.666999816894531;;
SCHBSP.1.WINTERN;SYR;2024;8.234800338745117;;
SCHBSP.1.WINTERN;TCA;2010;6.25;;
SCHBSP.1.WINTERN;TCA;2018;93.10344696044922;;
SCHBSP.1.WINTERN;TCA;2021;93.10344696044922;;
SCHBSP.1.WINTERN;TCA;2022;100;;
SCHBSP.1.WINTERN;TCA;2023;100;;
SCHBSP.1.WINTERN;TCA;2024;100;;
SCHBSP.1.WINTERN;TCD;2021;0;;NIL
SCHBSP.1.WINTERN;TCD;2023;0.7408003865045495;;
SCHBSP.1.WINTERN;TCD;2024;0.753968253968254;;
SCHBSP.1.WINTERN;TGO;2020;0.4813782619711173;;
SCHBSP.1.WINTERN;TGO;2021;0.7584234738281735;;
SCHBSP.1.WINTERN;TGO;2022;0.8052708638360175;;
SCHBSP.1.WINTERN;TGO;2023;1.204819277108434;;
SCHBSP.1.WINTERN;TGO;2024;1.692402717726992;;
SCHBSP.1.WINTERN;THA;2011;98.8017910071262;;
SCHBSP.1.WINTERN;THA;2019;99.82396056716705;;
SCHBSP.1.WINTERN;THA;2020;99.84005519663802;;
SCHBSP.1.WINTERN;THA;2021;99.86760099460716;;
SCHBSP.1.WINTERN;THA;2022;99.94184731689981;;
SCHBSP.1.WINTERN;THA;2023;99.89989343494688;;
SCHBSP.1.WINTERN;THA;2024;99.90317895756012;;
SCHBSP.1.WINTERN;THA;2025;99.93543805281168;;
SCHBSP.1.WINTERN;TKL;2019;0;;NIL
SCHBSP.1.WINTERN;TKL;2020;0;;NIL
SCHBSP.1.WINTERN;TKL;2021;100;;
SCHBSP.1.WINTERN;TKL;2023;100;;
SCHBSP.1.WINTERN;TKL;2024;100;;
SCHBSP.1.WINTERN;TKM;2019;28.21888412017167;;
SCHBSP.1.WINTERN;TKM;2020;31.10278372591007;;
SCHBSP.1.WINTERN;TKM;2021;30.53026245313337;;
SCHBSP.1.WINTERN;TKM;2022;34.11890733797537;;
SCHBSP.1.WINTERN;TKM;2023;37.24760892667376;;
SCHBSP.1.WINTERN;TKM;2024;41.66228300894267;;
SCHBSP.1.WINTERN;TLS;2011;26.83363148479427;;
SCHBSP.1.WINTERN;TLS;2022;57.52636625119847;;
SCHBSP.1.WINTERN;TLS;2023;57.52636625119847;;
SCHBSP.1.WINTERN;TON;2020;6.870229007633588;;
SCHBSP.1.WINTERN;TON;2021;8.396946564885496;;
SCHBSP.1.WINTERN;TON;2022;8.461538461538462;;
SCHBSP.1.WINTERN;TON;2023;5.426356589147287;;
SCHBSP.1.WINTERN;TON;2024;76.74418604651163;;
SCHBSP.1.WINTERN;TUN;2016;57.5423583984375;;
SCHBSP.1.WINTERN;TUN;2017;56.38962173461914;;
SCHBSP.1.WINTERN;TUN;2018;48.65505981445313;;
SCHBSP.1.WINTERN;TUN;2021;79.01614379882812;;
SCHBSP.1.WINTERN;TUN;2022;80.42146301269531;;
SCHBSP.1.WINTERN;TUN;2023;81.2452392578125;;
SCHBSP.1.WINTERN;TUR;2012;100;;
SCHBSP.1.WINTERN;TUR;2013;100;;
SCHBSP.1.WINTERN;TUR;2014;100;;
SCHBSP.1.WINTERN;TUR;2015;100;;
SCHBSP.1.WINTERN;TUR;2016;100;;
SCHBSP.1.WINTERN;TUR;2017;100;;
SCHBSP.1.WINTERN;TUR;2018;100;;
SCHBSP.1.WINTERN;TUR;2019;100;;
SCHBSP.1.WINTERN;TUR;2020;100;;
SCHBSP.1.WINTERN;TUR;2021;100;;
SCHBSP.1.WINTERN;TUR;2022;100;;
SCHBSP.1.WINTERN;TUV;2019;0;;NIL
SCHBSP.1.WINTERN;TUV;2021;90;;
SCHBSP.1.WINTERN;TUV;2022;90;;
SCHBSP.1.WINTERN;TUV;2023;90;;
SCHBSP.1.WINTERN;TUV;2024;90;;
SCHBSP.1.WINTERN;TUV;2025;90;;
SCHBSP.1.WINTERN;UIS: Arab States;2016;54.82514190673828;UIS_EST;
SCHBSP.1.WINTERN;UIS: Arab States;2017;57.23373031616211;UIS_EST;
SCHBSP.1.WINTERN;UIS: Arab States;2018;59.32965850830078;UIS_EST;
SCHBSP.1.WINTERN;UIS: Arab States;2019;62.47629165649414;UIS_EST;
SCHBSP.1.WINTERN;UIS: Arab States;2020;59.25873184204102;UIS_EST;
SCHBSP.1.WINTERN;UIS: Arab States;2021;54.95796966552734;UIS_EST;
SCHBSP.1.WINTERN;UIS: Arab States;2022;55.92380905151367;UIS_EST;
SCHBSP.1.WINTERN;UIS: Arab States;2023;62.58346939086914;UIS_EST;
SCHBSP.1.WINTERN;UIS: Arab States;2024;54.70676040649414;UIS_EST;
SCHBSP.1.WINTERN;UIS: Central Asia;2016;78.61274719238281;UIS_EST;
SCHBSP.1.WINTERN;UIS: Central Asia;2017;79.01055145263672;UIS_EST;
SCHBSP.1.WINTERN;UIS: Central Asia;2018;78.63880920410156;UIS_EST;
SCHBSP.1.WINTERN;UIS: Central Asia;2019;78.79698944091797;UIS_EST;
SCHBSP.1.WINTERN;UIS: Central Asia;2020;83.7190933227539;UIS_EST;
SCHBSP.1.WINTERN;UIS: Central Asia;2021;83.73509979248047;UIS_EST;
SCHBSP.1.WINTERN;UIS: Central Asia;2022;84.84735107421875;UIS_EST;
SCHBSP.1.WINTERN;UIS: Central Asia;2023;86.36962890625;UIS_EST;
SCHBSP.1.WINTERN;UIS: Central Asia;2024;87.1091537475586;;
SCHBSP.1.WINTERN;UIS: Central and Eastern Europe;2011;85.80386352539062;UIS_EST;
SCHBSP.1.WINTERN;UIS: Central and Eastern Europe;2012;87.14877319335938;UIS_EST;
SCHBSP.1.WINTERN;UIS: Central and Eastern Europe;2013;88.23101806640625;UIS_EST;
SCHBSP.1.WINTERN;UIS: Central and Eastern Europe;2014;89.77237701416016;UIS_EST;
SCHBSP.1.WINTERN;UIS: Central and Eastern Europe;2015;91.4390869140625;;
SCHBSP.1.WINTERN;UIS: Central and Eastern Europe;2016;93.31168365478516;;
SCHBSP.1.WINTERN;UIS: Central and Eastern Europe;2017;93.83332061767578;;
SCHBSP.1.WINTERN;UIS: Central and Eastern Europe;2018;94.77877044677734;;
SCHBSP.1.WINTERN;UIS: Central and Eastern Europe;2019;96.69586181640625;;
SCHBSP.1.WINTERN;UIS: Central and Eastern Europe;2020;97.32398223876953;;
SCHBSP.1.WINTERN;UIS: Central and Eastern Europe;2021;98.62996673583984;UIS_EST;
SCHBSP.1.WINTERN;UIS: Central and Eastern Europe;2022;98.40827941894531;UIS_EST;
SCHBSP.1.WINTERN;UIS: Central and Eastern Europe;2023;98.41578674316406;UIS_EST;
SCHBSP.1.WINTERN;UIS: East Asia and the Pacific;2015;72.0146713256836;UIS_EST;
SCHBSP.1.WINTERN;UIS: East Asia and the Pacific;2016;71.8874282836914;UIS_EST;
SCHBSP.1.WINTERN;UIS: East Asia and the Pacific;2017;74.27593231201172;UIS_EST;
SCHBSP.1.WINTERN;UIS: East Asia and the Pacific;2018;75.48255920410156;UIS_EST;
SCHBSP.1.WINTERN;UIS: East Asia and the Pacific;2019;75.4310531616211;UIS_EST;
SCHBSP.1.WINTERN;UIS: East Asia and the Pacific;2020;75.73062896728516;UIS_EST;
SCHBSP.1.WINTERN;UIS: East Asia and the Pacific;2021;76.95960998535156;UIS_EST;
SCHBSP.1.WINTERN;UIS: East Asia and the Pacific;2022;78.0317611694336;UIS_EST;
SCHBSP.1.WINTERN;UIS: East Asia and the Pacific;2023;78.98783111572266;;
SCHBSP.1.WINTERN;UIS: East Asia and the Pacific;2024;76.98792266845703;;
SCHBSP.1.WINTERN;UIS: Latin America and the Caribbean;2009;29.99349021911621;UIS_EST;
SCHBSP.1.WINTERN;UIS: Latin America and the Caribbean;2010;30.59936904907227;UIS_EST;
SCHBSP.1.WINTERN;UIS: Latin America and the Caribbean;2011;32.14870071411133;UIS_EST;
SCHBSP.1.WINTERN;UIS: Latin America and the Caribbean;2012;33.86473846435547;UIS_EST;
SCHBSP.1.WINTERN;UIS: Latin America and the Caribbean;2013;35.41400909423828;UIS_EST;
SCHBSP.1.WINTERN;UIS: Latin America and the Caribbean;2014;36.94124984741211;UIS_EST;
SCHBSP.1.WINTERN;UIS: Latin America and the Caribbean;2015;38.45172882080078;UIS_EST;
SCHBSP.1.WINTERN;UIS: Latin America and the Caribbean;2016;39.70740127563477;UIS_EST;
SCHBSP.1.WINTERN;UIS: Latin America and the Caribbean;2017;40.08076095581055;UIS_EST;
SCHBSP.1.WINTERN;UIS: Latin America and the Caribbean;2018;40.29467010498047;UIS_EST;
SCHBSP.1.WINTERN;UIS: Latin America and the Caribbean;2019;41.85491180419922;UIS_EST;
SCHBSP.1.WINTERN;UIS: Latin America and the Caribbean;2020;41.25751113891602;UIS_EST;
SCHBSP.1.WINTERN;UIS: Latin America and the Caribbean;2021;42.19773101806641;UIS_EST;
SCHBSP.1.WINTERN;UIS: Latin America and the Caribbean;2022;44.10404968261719;UIS_EST;
SCHBSP.1.WINTERN;UIS: Latin America and the Caribbean;2023;44.05516052246094;UIS_EST;
SCHBSP.1.WINTERN;UIS: North America and Western Europe;2014;95.82270050048828;UIS_EST;
SCHBSP.1.WINTERN;UIS: North America and Western Europe;2015;95.83135223388672;UIS_EST;
SCHBSP.1.WINTERN;UIS: North America and Western Europe;2016;95.85746002197266;UIS_EST;
SCHBSP.1.WINTERN;UIS: North America and Western Europe;2017;95.8024673461914;UIS_EST;
SCHBSP.1.WINTERN;UIS: North America and Western Europe;2018;95.64540100097656;UIS_EST;
SCHBSP.1.WINTERN;UIS: North America and Western Europe;2019;95.75861358642578;UIS_EST;
SCHBSP.1.WINTERN;UIS: North America and Western Europe;2020;95.8414535522461;UIS_EST;
SCHBSP.1.WINTERN;UIS: South and West Asia;2018;10.77272987365723;UIS_EST;
SCHBSP.1.WINTERN;UIS: South and West Asia;2019;10.78800964355469;;
SCHBSP.1.WINTERN;UIS: South and West Asia;2020;12.0511999130249;;
SCHBSP.1.WINTERN;UIS: South and West Asia;2021;14.15223979949951;;
SCHBSP.1.WINTERN;UIS: South and West Asia;2022;21.15600967407227;;
SCHBSP.1.WINTERN;UIS: South and West Asia;2023;33.23860931396484;;
SCHBSP.1.WINTERN;UIS: South and West Asia;2024;36.43014144897461;;
SCHBSP.1.WINTERN;UIS: World;2016;36.91075897216797;UIS_EST;
SCHBSP.1.WINTERN;UIS: World;2017;37.16960906982422;UIS_EST;
SCHBSP.1.WINTERN;UIS: World;2018;37.52457809448242;UIS_EST;
SCHBSP.1.WINTERN;UIS: World;2019;38.12894821166992;UIS_EST;
SCHBSP.1.WINTERN;UIS: World;2020;38.70188140869141;UIS_EST;
SCHBSP.1.WINTERN;UIS: World;2021;39.69961166381836;UIS_EST;
SCHBSP.1.WINTERN;UIS: World;2022;42.69625854492188;UIS_EST;
SCHBSP.1.WINTERN;UIS: World;2023;47.33998107910156;UIS_EST;
SCHBSP.1.WINTERN;UIS: World;2024;47.98001098632813;UIS_EST;
SCHBSP.1.WINTERN;UKR;2016;41.2932138284251;;
SCHBSP.1.WINTERN;UKR;2017;48.15521628498728;;
SCHBSP.1.WINTERN;UKR;2018;57.78748180494906;;
SCHBSP.1.WINTERN;UKR;2019;78.42493847415915;;
SCHBSP.1.WINTERN;UKR;2020;93.26750448833035;;
SCHBSP.1.WINTERN;UKR;2021;100;;
SCHBSP.1.WINTERN;UKR;2023;98.99244332493703;;
SCHBSP.1.WINTERN;UKR;2024;99.43977591036415;;
SCHBSP.1.WINTERN;UNESCO: SIDS;2017;50.12226104736328;UIS_EST;
SCHBSP.1.WINTERN;UNESCO: SIDS;2018;50.66873931884766;UIS_EST;
SCHBSP.1.WINTERN;UNESCO: SIDS;2019;52.67121124267578;UIS_EST;
SCHBSP.1.WINTERN;UNESCO: SIDS;2020;56.24897003173828;UIS_EST;
SCHBSP.1.WINTERN;UNESCO: SIDS;2021;63.18368148803711;UIS_EST;
SCHBSP.1.WINTERN;UNESCO: SIDS;2022;62.60179138183594;UIS_EST;
SCHBSP.1.WINTERN;UNESCO: SIDS;2023;63.47890853881836;UIS_EST;
SCHBSP.1.WINTERN;UNESCO: SIDS;2024;68.01727294921875;UIS_EST;
SCHBSP.1.WINTERN;UNICEF: All UNICEF Countries;2018;30.80735015869141;UIS_EST;
SCHBSP.1.WINTERN;UNICEF: All UNICEF Countries;2019;31.42168045043945;UIS_EST;
SCHBSP.1.WINTERN;UNICEF: All UNICEF Countries;2020;32.04473114013672;UIS_EST;
SCHBSP.1.WINTERN;UNICEF: All UNICEF Countries;2021;33.1131591796875;UIS_EST;
SCHBSP.1.WINTERN;UNICEF: All UNICEF Countries;2022;36.43775177001953;UIS_EST;
SCHBSP.1.WINTERN;UNICEF: All UNICEF Countries;2023;41.64144134521484;UIS_EST;
SCHBSP.1.WINTERN;UNICEF: All UNICEF Countries;2024;42.32939910888672;UIS_EST;
SCHBSP.1.WINTERN;UNICEF: Association of South East Asian Nations (ASEAN);2017;65.92398834228516;UIS_EST;
SCHBSP.1.WINTERN;UNICEF: Association of South East Asian Nations (ASEAN);2018;66.65036010742188;UIS_EST;
SCHBSP.1.WINTERN;UNICEF: Association of South East Asian Nations (ASEAN);2019;65.89315795898438;UIS_EST;
SCHBSP.1.WINTERN;UNICEF: Association of South East Asian Nations (ASEAN);2021;67.26335144042969;UIS_EST;
SCHBSP.1.WINTERN;UNICEF: Association of South East Asian Nations (ASEAN);2022;68.9690933227539;UIS_EST;
SCHBSP.1.WINTERN;UNICEF: Association of South East Asian Nations (ASEAN);2023;70.70104217529297;UIS_EST;
SCHBSP.1.WINTERN;UNICEF: Association of South East Asian Nations (ASEAN);2024;67.24297332763672;;
SCHBSP.1.WINTERN;UNICEF: Central and Eastern Europe/Commonwealth of Independent States;2015;84.96485900878906;UIS_EST;
SCHBSP.1.WINTERN;UNICEF: Central and Eastern Europe/Commonwealth of Independent States;2016;86.26062774658203;UIS_EST;
SCHBSP.1.WINTERN;UNICEF: Central and Eastern Europe/Commonwealth of Independent States;2017;86.61009979248047;UIS_EST;
SCHBSP.1.WINTERN;UNICEF: Central and Eastern Europe/Commonwealth of Independent States;2018;87.19828796386719;UIS_EST;
SCHBSP.1.WINTERN;UNICEF: Central and Eastern Europe/Commonwealth of Independent States;2019;88.84158325195312;;
SCHBSP.1.WINTERN;UNICEF: Central and Eastern Europe/Commonwealth of Independent States;2020;91.23497772216797;;
SCHBSP.1.WINTERN;UNICEF: Central and Eastern Europe/Commonwealth of Independent States;2021;92.37834930419922;;
SCHBSP.1.WINTERN;UNICEF: Central and Eastern Europe/Commonwealth of Independent States;2022;92.60236358642578;UIS_EST;
SCHBSP.1.WINTERN;UNICEF: Central and Eastern Europe/Commonwealth of Independent States;2023;93.17076873779297;UIS_EST;
SCHBSP.1.WINTERN;UNICEF: Central and Eastern Europe/Commonwealth of Independent States;2024;93.47644805908203;UIS_EST;
SCHBSP.1.WINTERN;UNICEF: East Asia and Pacific;2015;71.98088836669922;UIS_EST;
SCHBSP.1.WINTERN;UNICEF: East Asia and Pacific;2016;71.85421752929688;UIS_EST;
SCHBSP.1.WINTERN;UNICEF: East Asia and Pacific;2017;74.2470474243164;UIS_EST;
SCHBSP.1.WINTERN;UNICEF: East Asia and Pacific;2018;75.45683288574219;UIS_EST;
SCHBSP.1.WINTERN;UNICEF: East Asia and Pacific;2019;75.40709686279297;UIS_EST;
SCHBSP.1.WINTERN;UNICEF: East Asia and Pacific;2020;75.7077865600586;UIS_EST;
SCHBSP.1.WINTERN;UNICEF: East Asia and Pacific;2021;76.93670654296875;UIS_EST;
SCHBSP.1.WINTERN;UNICEF: East Asia and Pacific;2022;78.00811767578125;UIS_EST;
SCHBSP.1.WINTERN;UNICEF: East Asia and Pacific;2023;78.962158203125;;
SCHBSP.1.WINTERN;UNICEF: East Asia and Pacific;2024;76.95902252197266;;
SCHBSP.1.WINTERN;UNICEF: East Asia and the Pacific Programme Countries;2015;71.51190948486328;UIS_EST;
SCHBSP.1.WINTERN;UNICEF: East Asia and the Pacific Programme Countries;2016;71.37679290771484;UIS_EST;
SCHBSP.1.WINTERN;UNICEF: East Asia and the Pacific Programme Countries;2017;73.92550659179688;UIS_EST;
SCHBSP.1.WINTERN;UNICEF: East Asia and the Pacific Programme Countries;2018;75.19563293457031;UIS_EST;
SCHBSP.1.WINTERN;UNICEF: East Asia and the Pacific Programme Countries;2019;75.12348937988281;UIS_EST;
SCHBSP.1.WINTERN;UNICEF: East Asia and the Pacific Programme Countries;2020;75.4180679321289;UIS_EST;
SCHBSP.1.WINTERN;UNICEF: East Asia and the Pacific Programme Countries;2021;76.68760681152344;UIS_EST;
SCHBSP.1.WINTERN;UNICEF: East Asia and the Pacific Programme Countries;2022;77.77889251708984;UIS_EST;
SCHBSP.1.WINTERN;UNICEF: East Asia and the Pacific Programme Countries;2023;78.74517822265625;;
SCHBSP.1.WINTERN;UNICEF: East Asia and the Pacific Programme Countries;2024;76.59072875976562;;
SCHBSP.1.WINTERN;UNICEF: Eastern Europe and Central Asia;2015;84.96485900878906;UIS_EST;
SCHBSP.1.WINTERN;UNICEF: Eastern Europe and Central Asia;2016;86.26062774658203;UIS_EST;
SCHBSP.1.WINTERN;UNICEF: Eastern Europe and Central Asia;2017;86.61009979248047;UIS_EST;
SCHBSP.1.WINTERN;UNICEF: Eastern Europe and Central Asia;2018;87.19828796386719;UIS_EST;
SCHBSP.1.WINTERN;UNICEF: Eastern Europe and Central Asia;2019;88.84158325195312;;
SCHBSP.1.WINTERN;UNICEF: Eastern Europe and Central Asia;2020;91.23497772216797;;
SCHBSP.1.WINTERN;UNICEF: Eastern Europe and Central Asia;2021;92.37834930419922;;
SCHBSP.1.WINTERN;UNICEF: Eastern Europe and Central Asia;2022;92.60236358642578;UIS_EST;
SCHBSP.1.WINTERN;UNICEF: Eastern Europe and Central Asia;2023;93.17076873779297;UIS_EST;
SCHBSP.1.WINTERN;UNICEF: Eastern Europe and Central Asia;2024;93.47644805908203;UIS_EST;
SCHBSP.1.WINTERN;UNICEF: Economic Community of Central African States (ECCAS);2014;3.732199907302856;UIS_EST;
SCHBSP.1.WINTERN;UNICEF: Economic Community of Central African States (ECCAS);2015;3.675839900970459;UIS_EST;
SCHBSP.1.WINTERN;UNICEF: Economic Community of Central African States (ECCAS);2016;3.806099891662598;UIS_EST;
SCHBSP.1.WINTERN;UNICEF: Europe and Central Asia;2011;89.77310180664062;UIS_EST;
SCHBSP.1.WINTERN;UNICEF: Europe and Central Asia;2012;90.20530700683594;UIS_EST;
SCHBSP.1.WINTERN;UNICEF: Europe and Central Asia;2013;90.6262435913086;UIS_EST;
SCHBSP.1.WINTERN;UNICEF: Europe and Central Asia;2014;91.12107849121094;UIS_EST;
SCHBSP.1.WINTERN;UNICEF: Europe and Central Asia;2015;91.58377838134766;UIS_EST;
SCHBSP.1.WINTERN;UNICEF: Europe and Central Asia;2016;92.09529113769531;UIS_EST;
SCHBSP.1.WINTERN;UNICEF: Europe and Central Asia;2017;92.24295806884766;UIS_EST;
SCHBSP.1.WINTERN;UNICEF: Europe and Central Asia;2018;92.29930114746094;UIS_EST;
SCHBSP.1.WINTERN;UNICEF: Europe and Central Asia;2019;92.90744018554688;UIS_EST;
SCHBSP.1.WINTERN;UNICEF: Europe and Central Asia;2020;93.53604888916016;UIS_EST;
SCHBSP.1.WINTERN;UNICEF: Europe and Central Asia;2021;94.01056671142578;UIS_EST;
SCHBSP.1.WINTERN;UNICEF: Europe and Central Asia;2022;94.08226013183594;UIS_EST;
SCHBSP.1.WINTERN;UNICEF: Europe and Central Asia Programme Countries;2015;84.816162109375;UIS_EST;
SCHBSP.1.WINTERN;UNICEF: Europe and Central Asia Programme Countries;2016;86.16899108886719;UIS_EST;
SCHBSP.1.WINTERN;UNICEF: Europe and Central Asia Programme Countries;2017;86.50652313232422;;
SCHBSP.1.WINTERN;UNICEF: Europe and Central Asia Programme Countries;2018;87.03971862792969;;
SCHBSP.1.WINTERN;UNICEF: Europe and Central Asia Programme Countries;2019;88.59552764892578;;
SCHBSP.1.WINTERN;UNICEF: Europe and Central Asia Programme Countries;2020;91.0495376586914;;
SCHBSP.1.WINTERN;UNICEF: Europe and Central Asia Programme Countries;2021;92.16181945800781;;
SCHBSP.1.WINTERN;UNICEF: Europe and Central Asia Programme Countries;2022;92.39594268798828;UIS_EST;
SCHBSP.1.WINTERN;UNICEF: Europe and Central Asia Programme Countries;2023;92.99291229248047;UIS_EST;
SCHBSP.1.WINTERN;UNICEF: Europe and Central Asia Programme Countries;2024;93.30811309814453;UIS_EST;
SCHBSP.1.WINTERN;UNICEF: Gulf Area;2015;99.8797607421875;UIS_EST;
SCHBSP.1.WINTERN;UNICEF: Gulf Area;2017;100;;
SCHBSP.1.WINTERN;UNICEF: Gulf Area;2018;100;;
SCHBSP.1.WINTERN;UNICEF: Gulf Area;2019;100;;
SCHBSP.1.WINTERN;UNICEF: Gulf Area;2020;100;;
SCHBSP.1.WINTERN;UNICEF: Gulf Area;2021;100;;
SCHBSP.1.WINTERN;UNICEF: Gulf Area;2022;100;;
SCHBSP.1.WINTERN;UNICEF: Gulf Area;2024;99.69051361083984;;
SCHBSP.1.WINTERN;UNICEF: Latin America and Caribbean;2009;29.92126083374023;UIS_EST;
SCHBSP.1.WINTERN;UNICEF: Latin America and Caribbean;2010;30.52401924133301;UIS_EST;
SCHBSP.1.WINTERN;UNICEF: Latin America and Caribbean;2011;32.07590103149414;UIS_EST;
SCHBSP.1.WINTERN;UNICEF: Latin America and Caribbean;2012;33.79487991333008;UIS_EST;
SCHBSP.1.WINTERN;UNICEF: Latin America and Caribbean;2013;35.35007095336914;UIS_EST;
SCHBSP.1.WINTERN;UNICEF: Latin America and Caribbean;2014;36.88285064697266;UIS_EST;
SCHBSP.1.WINTERN;UNICEF: Latin America and Caribbean;2015;38.39849090576172;UIS_EST;
SCHBSP.1.WINTERN;UNICEF: Latin America and Caribbean;2016;39.65813064575195;UIS_EST;
SCHBSP.1.WINTERN;UNICEF: Latin America and Caribbean;2017;40.03213119506836;UIS_EST;
SCHBSP.1.WINTERN;UNICEF: Latin America and Caribbean;2018;40.24753189086914;UIS_EST;
SCHBSP.1.WINTERN;UNICEF: Latin America and Caribbean;2019;41.81287002563477;UIS_EST;
SCHBSP.1.WINTERN;UNICEF: Latin America and Caribbean;2020;41.21384811401367;UIS_EST;
SCHBSP.1.WINTERN;UNICEF: Latin America and Caribbean;2021;42.15771102905273;UIS_EST;
SCHBSP.1.WINTERN;UNICEF: Latin America and Caribbean;2022;44.07033157348633;UIS_EST;
SCHBSP.1.WINTERN;UNICEF: Latin America and Caribbean;2023;44.02344131469727;UIS_EST;
SCHBSP.1.WINTERN;UNICEF: Middle East and North Africa;2011;37.58998870849609;UIS_EST;
SCHBSP.1.WINTERN;UNICEF: Middle East and North Africa;2012;38.8123893737793;UIS_EST;
SCHBSP.1.WINTERN;UNICEF: Middle East and North Africa;2013;38.93407821655273;UIS_EST;
SCHBSP.1.WINTERN;UNICEF: Middle East and North Africa;2016;39.47161865234375;UIS_EST;
SCHBSP.1.WINTERN;UNICEF: Middle East and North Africa;2017;40.99599075317383;UIS_EST;
SCHBSP.1.WINTERN;UNICEF: Middle East and North Africa;2018;42.40814971923828;UIS_EST;
SCHBSP.1.WINTERN;UNICEF: Middle East and North Africa;2019;44.5859489440918;UIS_EST;
SCHBSP.1.WINTERN;UNICEF: Middle East and North Africa;2020;42.02088165283203;UIS_EST;
SCHBSP.1.WINTERN;UNICEF: Middle East and North Africa;2021;38.84745025634766;UIS_EST;
SCHBSP.1.WINTERN;UNICEF: Middle East and North Africa;2022;39.20450973510742;UIS_EST;
SCHBSP.1.WINTERN;UNICEF: Middle East and North Africa;2023;44.45241165161133;UIS_EST;
SCHBSP.1.WINTERN;UNICEF: Middle East and North Africa;2024;38.8731689453125;UIS_EST;
SCHBSP.1.WINTERN;UNICEF: Middle East and North Africa Programme Countries;2019;46.56111907958984;UIS_EST;
SCHBSP.1.WINTERN;UNICEF: Middle East and North Africa Programme Countries;2020;44.11465072631836;UIS_EST;
SCHBSP.1.WINTERN;UNICEF: Middle East and North Africa Programme Countries;2021;41.08882904052734;UIS_EST;
SCHBSP.1.WINTERN;UNICEF: Middle East and North Africa Programme Countries;2022;41.53440856933594;UIS_EST;
SCHBSP.1.WINTERN;UNICEF: Middle East and North Africa Programme Countries;2023;46.59580993652344;UIS_EST;
SCHBSP.1.WINTERN;UNICEF: Middle East and North Africa Programme Countries;2024;41.08216094970703;UIS_EST;
SCHBSP.1.WINTERN;UNICEF: North America;2014;99.70069885253906;UIS_EST;
SCHBSP.1.WINTERN;UNICEF: North America;2015;99.70462036132812;;
SCHBSP.1.WINTERN;UNICEF: North America;2016;99.7056884765625;UIS_EST;
SCHBSP.1.WINTERN;UNICEF: North America;2017;99.69779968261719;UIS_EST;
SCHBSP.1.WINTERN;UNICEF: North America;2018;99.67471313476562;UIS_EST;
SCHBSP.1.WINTERN;UNICEF: North America;2019;99.69564819335938;;
SCHBSP.1.WINTERN;UNICEF: North America;2020;99.71260070800781;UIS_EST;
SCHBSP.1.WINTERN;UNICEF: South Asia;2018;10.78477954864502;UIS_EST;
SCHBSP.1.WINTERN;UNICEF: South Asia;2019;10.80105972290039;;
SCHBSP.1.WINTERN;UNICEF: South Asia;2020;12.13889980316162;;
SCHBSP.1.WINTERN;UNICEF: South Asia;2021;14.36456966400146;;
SCHBSP.1.WINTERN;UNICEF: South Asia;2022;21.7926197052002;;
SCHBSP.1.WINTERN;UNICEF: South Asia;2023;34.62189102172852;;
SCHBSP.1.WINTERN;UNICEF: South Asia;2024;38.01805877685547;;
SCHBSP.1.WINTERN;UNICEF: Western Europe;2004;94.03884887695312;UIS_EST;
SCHBSP.1.WINTERN;UNICEF: Western Europe;2005;94.20223236083984;UIS_EST;
SCHBSP.1.WINTERN;UNICEF: Western Europe;2006;94.22811126708984;UIS_EST;
SCHBSP.1.WINTERN;UNICEF: Western Europe;2011;94.25276947021484;UIS_EST;
SCHBSP.1.WINTERN;UNICEF: Western Europe;2012;94.21222686767578;UIS_EST;
SCHBSP.1.WINTERN;UNICEF: Western Europe;2013;94.30229949951172;UIS_EST;
SCHBSP.1.WINTERN;UNICEF: Western Europe;2014;94.3815689086914;UIS_EST;
SCHBSP.1.WINTERN;UNICEF: Western Europe;2015;94.39440155029297;UIS_EST;
SCHBSP.1.WINTERN;UNICEF: Western Europe;2016;94.45120239257812;UIS_EST;
SCHBSP.1.WINTERN;UNICEF: Western Europe;2017;94.45968627929688;UIS_EST;
SCHBSP.1.WINTERN;UNICEF: World;2016;36.88890838623047;UIS_EST;
SCHBSP.1.WINTERN;UNICEF: World;2017;37.14768981933594;UIS_EST;
SCHBSP.1.WINTERN;UNICEF: World;2018;37.50286102294922;UIS_EST;
SCHBSP.1.WINTERN;UNICEF: World;2019;38.10752868652344;UIS_EST;
SCHBSP.1.WINTERN;UNICEF: World;2020;38.6805305480957;UIS_EST;
SCHBSP.1.WINTERN;UNICEF: World;2021;39.67887115478516;UIS_EST;
SCHBSP.1.WINTERN;UNICEF: World;2022;42.67758178710938;UIS_EST;
SCHBSP.1.WINTERN;UNICEF: World;2023;47.32426071166992;UIS_EST;
SCHBSP.1.WINTERN;UNICEF: World;2024;47.96456909179688;UIS_EST;
SCHBSP.1.WINTERN;URY;2009;94.7859878540039;;
SCHBSP.1.WINTERN;URY;2013;13.76566982269287;UIS_EST;
SCHBSP.1.WINTERN;URY;2015;100;;
SCHBSP.1.WINTERN;URY;2016;100;;
SCHBSP.1.WINTERN;URY;2017;100;;
SCHBSP.1.WINTERN;URY;2018;100;;
SCHBSP.1.WINTERN;URY;2019;100;;
SCHBSP.1.WINTERN;URY;2020;99.87785016286645;;
SCHBSP.1.WINTERN;URY;2021;100;;
SCHBSP.1.WINTERN;URY;2022;100;;
SCHBSP.1.WINTERN;URY;2023;100;;
SCHBSP.1.WINTERN;USA;2015;100;;
SCHBSP.1.WINTERN;USA;2019;100;;
SCHBSP.1.WINTERN;UZB;2014;70.47550727608116;;
SCHBSP.1.WINTERN;UZB;2015;75.14640912360012;;
SCHBSP.1.WINTERN;UZB;2016;87.80864197530865;;
SCHBSP.1.WINTERN;UZB;2017;89.71087560448606;;
SCHBSP.1.WINTERN;UZB;2018;87.29162379090349;;
SCHBSP.1.WINTERN;UZB;2019;86.52407836914062;;
SCHBSP.1.WINTERN;UZB;2020;98.3664779663086;;
SCHBSP.1.WINTERN;UZB;2021;96.15422821044922;;
SCHBSP.1.WINTERN;UZB;2022;92.50656040431528;;
SCHBSP.1.WINTERN;UZB;2023;94.92491921687892;;
SCHBSP.1.WINTERN;UZB;2024;97.34883720930233;;
SCHBSP.1.WINTERN;UZB;2025;99.98172347619483;;
SCHBSP.1.WINTERN;VCT;2010;55.22388076782227;;
SCHBSP.1.WINTERN;VCT;2016;100;;
SCHBSP.1.WINTERN;VCT;2017;100;;
SCHBSP.1.WINTERN;VCT;2018;100;;
SCHBSP.1.WINTERN;VEN;2022;0;;NIL
SCHBSP.1.WINTERN;VEN;2024;47.02455139160156;;
SCHBSP.1.WINTERN;VGB;2010;100;;
SCHBSP.1.WINTERN;VGB;2016;62.96296296296296;;
SCHBSP.1.WINTERN;VGB;2017;100;;
SCHBSP.1.WINTERN;VGB;2018;100;;
SCHBSP.1.WINTERN;VGB;2019;100;;
SCHBSP.1.WINTERN;VGB;2020;100;;
SCHBSP.1.WINTERN;VGB;2021;100;;
SCHBSP.1.WINTERN;VGB;2022;65.625;;
SCHBSP.1.WINTERN;VGB;2023;100;;
SCHBSP.1.WINTERN;VGB;2024;100;;
SCHBSP.1.WINTERN;VNM;2020;88.88203070750713;;
SCHBSP.1.WINTERN;VNM;2021;83.79786814054481;;
SCHBSP.1.WINTERN;VNM;2022;90.83926714137131;;
SCHBSP.1.WINTERN;VNM;2023;93.65683732987686;;
SCHBSP.1.WINTERN;VNM;2024;95.47213303696385;;
SCHBSP.1.WINTERN;WB: Arab World;2016;54.08675003051758;UIS_EST;
SCHBSP.1.WINTERN;WB: Arab World;2017;56.46905136108398;UIS_EST;
SCHBSP.1.WINTERN;WB: Arab World;2018;58.55342102050781;UIS_EST;
SCHBSP.1.WINTERN;WB: Arab World;2019;61.69329833984375;UIS_EST;
SCHBSP.1.WINTERN;WB: Arab World;2020;58.54365158081055;UIS_EST;
SCHBSP.1.WINTERN;WB: Arab World;2021;54.33470916748047;UIS_EST;
SCHBSP.1.WINTERN;WB: Arab World;2022;55.27639007568359;UIS_EST;
SCHBSP.1.WINTERN;WB: Arab World;2023;61.85084915161133;UIS_EST;
SCHBSP.1.WINTERN;WB: Arab World;2024;54.11619186401367;UIS_EST;
SCHBSP.1.WINTERN;WB: Caribbean small states;2015;87.39167022705078;UIS_EST;
SCHBSP.1.WINTERN;WB: Caribbean small states;2016;88.70152282714844;UIS_EST;
SCHBSP.1.WINTERN;WB: Caribbean small states;2017;91.02388000488281;UIS_EST;
SCHBSP.1.WINTERN;WB: Caribbean small states;2018;89.07861328125;UIS_EST;
SCHBSP.1.WINTERN;WB: Caribbean small states;2019;89.19801330566406;UIS_EST;
SCHBSP.1.WINTERN;WB: Caribbean small states;2021;93.30967712402344;UIS_EST;
SCHBSP.1.WINTERN;WB: Caribbean small states;2022;93.72773742675781;UIS_EST;
SCHBSP.1.WINTERN;WB: Caribbean small states;2023;96.82849884033203;UIS_EST;
SCHBSP.1.WINTERN;WB: Caribbean small states;2024;96.82813262939453;UIS_EST;
SCHBSP.1.WINTERN;WB: Central Europe and the Baltics;2000;93.439453125;UIS_EST;
SCHBSP.1.WINTERN;WB: Central Europe and the Baltics;2001;93.291259765625;UIS_EST;
SCHBSP.1.WINTERN;WB: Central Europe and the Baltics;2002;93.15650177001953;UIS_EST;
SCHBSP.1.WINTERN;WB: Central Europe and the Baltics;2003;93.92369842529297;UIS_EST;
SCHBSP.1.WINTERN;WB: Central Europe and the Baltics;2004;94.6035385131836;UIS_EST;
SCHBSP.1.WINTERN;WB: Central Europe and the Baltics;2005;95.46295166015625;UIS_EST;
SCHBSP.1.WINTERN;WB: Central Europe and the Baltics;2006;95.71726989746094;UIS_EST;
SCHBSP.1.WINTERN;WB: Central Europe and the Baltics;2007;95.66858673095703;UIS_EST;
SCHBSP.1.WINTERN;WB: Central Europe and the Baltics;2008;95.64607238769531;UIS_EST;
SCHBSP.1.WINTERN;WB: Central Europe and the Baltics;2009;95.62496948242188;UIS_EST;
SCHBSP.1.WINTERN;WB: Central Europe and the Baltics;2010;95.62400817871094;UIS_EST;
SCHBSP.1.WINTERN;WB: Central Europe and the Baltics;2011;95.68598175048828;UIS_EST;
SCHBSP.1.WINTERN;WB: Central Europe and the Baltics;2012;95.7452392578125;UIS_EST;
SCHBSP.1.WINTERN;WB: Central Europe and the Baltics;2013;95.8628921508789;UIS_EST;
SCHBSP.1.WINTERN;WB: Central Europe and the Baltics;2014;95.93995666503906;UIS_EST;
SCHBSP.1.WINTERN;WB: Central Europe and the Baltics;2015;96.04032135009766;;
SCHBSP.1.WINTERN;WB: Central Europe and the Baltics;2016;96.20481872558594;;
SCHBSP.1.WINTERN;WB: Central Europe and the Baltics;2017;96.5963134765625;UIS_EST;
SCHBSP.1.WINTERN;WB: Central Europe and the Baltics;2018;97.1463623046875;UIS_EST;
SCHBSP.1.WINTERN;WB: Central Europe and the Baltics;2019;98.16793060302734;UIS_EST;
SCHBSP.1.WINTERN;WB: Central Europe and the Baltics;2020;98.520263671875;UIS_EST;
SCHBSP.1.WINTERN;WB: Central Europe and the Baltics;2021;99.00460052490234;UIS_EST;
SCHBSP.1.WINTERN;WB: Central Europe and the Baltics;2022;99.06781005859375;UIS_EST;
SCHBSP.1.WINTERN;WB: Early-demographic dividend;2018;24.40213966369629;UIS_EST;
SCHBSP.1.WINTERN;WB: Early-demographic dividend;2019;24.77058029174805;UIS_EST;
SCHBSP.1.WINTERN;WB: Early-demographic dividend;2020;25.49406051635742;UIS_EST;
SCHBSP.1.WINTERN;WB: Early-demographic dividend;2021;26.78482055664063;UIS_EST;
SCHBSP.1.WINTERN;WB: Early-demographic dividend;2022;31.55746078491211;UIS_EST;
SCHBSP.1.WINTERN;WB: Early-demographic dividend;2023;39.66146087646484;UIS_EST;
SCHBSP.1.WINTERN;WB: Early-demographic dividend;2024;40.89242172241211;;
SCHBSP.1.WINTERN;WB: East Asia & Pacific;2015;72.0121078491211;UIS_EST;
SCHBSP.1.WINTERN;WB: East Asia & Pacific;2016;71.88509368896484;UIS_EST;
SCHBSP.1.WINTERN;WB: East Asia & Pacific;2017;74.27584838867188;UIS_EST;
SCHBSP.1.WINTERN;WB: East Asia & Pacific;2018;75.48533630371094;UIS_EST;
SCHBSP.1.WINTERN;WB: East Asia & Pacific;2019;75.43679809570312;UIS_EST;
SCHBSP.1.WINTERN;WB: East Asia & Pacific;2020;75.73760223388672;UIS_EST;
SCHBSP.1.WINTERN;WB: East Asia & Pacific;2021;76.96565246582031;UIS_EST;
SCHBSP.1.WINTERN;WB: East Asia & Pacific;2022;78.03636932373047;UIS_EST;
SCHBSP.1.WINTERN;WB: East Asia & Pacific;2023;78.98985290527344;;
SCHBSP.1.WINTERN;WB: East Asia & Pacific;2024;76.9898910522461;;
SCHBSP.1.WINTERN;WB: East Asia & Pacific (IDA & IBRD);2015;71.5456771850586;UIS_EST;
SCHBSP.1.WINTERN;WB: East Asia & Pacific (IDA & IBRD);2016;71.40714263916016;UIS_EST;
SCHBSP.1.WINTERN;WB: East Asia & Pacific (IDA & IBRD);2017;73.9735107421875;UIS_EST;
SCHBSP.1.WINTERN;WB: East Asia & Pacific (IDA & IBRD);2018;75.2503433227539;UIS_EST;
SCHBSP.1.WINTERN;WB: East Asia & Pacific (IDA & IBRD);2019;75.17888641357422;UIS_EST;
SCHBSP.1.WINTERN;WB: East Asia & Pacific (IDA & IBRD);2020;75.47528076171875;UIS_EST;
SCHBSP.1.WINTERN;WB: East Asia & Pacific (IDA & IBRD);2021;76.75361633300781;UIS_EST;
SCHBSP.1.WINTERN;WB: East Asia & Pacific (IDA & IBRD);2022;77.84573364257812;UIS_EST;
SCHBSP.1.WINTERN;WB: East Asia & Pacific (IDA & IBRD);2023;78.81192016601562;;
SCHBSP.1.WINTERN;WB: East Asia & Pacific (IDA & IBRD);2024;76.64861297607422;;
SCHBSP.1.WINTERN;WB: East Asia & Pacific (excluding high income);2015;71.51216888427734;UIS_EST;
SCHBSP.1.WINTERN;WB: East Asia & Pacific (excluding high income);2016;71.3769302368164;UIS_EST;
SCHBSP.1.WINTERN;WB: East Asia & Pacific (excluding high income);2017;73.92652893066406;UIS_EST;
SCHBSP.1.WINTERN;WB: East Asia & Pacific (excluding high income);2018;75.19706726074219;UIS_EST;
SCHBSP.1.WINTERN;WB: East Asia & Pacific (excluding high income);2019;75.1250228881836;UIS_EST;
SCHBSP.1.WINTERN;WB: East Asia & Pacific (excluding high income);2020;75.41960144042969;UIS_EST;
SCHBSP.1.WINTERN;WB: East Asia & Pacific (excluding high income);2021;76.68834686279297;UIS_EST;
SCHBSP.1.WINTERN;WB: East Asia & Pacific (excluding high income);2022;77.77989196777344;UIS_EST;
SCHBSP.1.WINTERN;WB: East Asia & Pacific (excluding high income);2023;78.74639892578125;;
SCHBSP.1.WINTERN;WB: East Asia & Pacific (excluding high income);2024;76.59137725830078;;
SCHBSP.1.WINTERN;WB: Euro area;2004;92.30596923828125;UIS_EST;
SCHBSP.1.WINTERN;WB: Euro area;2005;92.37451171875;UIS_EST;
SCHBSP.1.WINTERN;WB: Euro area;2006;92.36498260498047;UIS_EST;
SCHBSP.1.WINTERN;WB: Euro area;2011;92.40476989746094;UIS_EST;
SCHBSP.1.WINTERN;WB: Euro area;2012;92.33370971679688;UIS_EST;
SCHBSP.1.WINTERN;WB: Euro area;2013;92.45317077636719;UIS_EST;
SCHBSP.1.WINTERN;WB: Euro area;2014;92.55805969238281;UIS_EST;
SCHBSP.1.WINTERN;WB: Euro area;2015;92.56320190429688;UIS_EST;
SCHBSP.1.WINTERN;WB: Euro area;2016;92.62640380859375;UIS_EST;
SCHBSP.1.WINTERN;WB: Euro area;2017;92.55220031738281;UIS_EST;
SCHBSP.1.WINTERN;WB: Europe & Central Asia;2011;89.52745819091797;UIS_EST;
SCHBSP.1.WINTERN;WB: Europe & Central Asia;2012;89.97371673583984;UIS_EST;
SCHBSP.1.WINTERN;WB: Europe & Central Asia;2013;90.40144348144531;UIS_EST;
SCHBSP.1.WINTERN;WB: Europe & Central Asia;2014;90.91004943847656;UIS_EST;
SCHBSP.1.WINTERN;WB: Europe & Central Asia;2015;91.38504791259766;UIS_EST;
SCHBSP.1.WINTERN;WB: Europe & Central Asia;2016;91.91216278076172;UIS_EST;
SCHBSP.1.WINTERN;WB: Europe & Central Asia;2017;92.06938171386719;UIS_EST;
SCHBSP.1.WINTERN;WB: Europe & Central Asia;2018;92.13633728027344;UIS_EST;
SCHBSP.1.WINTERN;WB: Europe & Central Asia;2019;92.76116180419922;UIS_EST;
SCHBSP.1.WINTERN;WB: Europe & Central Asia;2020;93.40337371826172;UIS_EST;
SCHBSP.1.WINTERN;WB: Europe & Central Asia;2021;93.88636779785156;UIS_EST;
SCHBSP.1.WINTERN;WB: Europe & Central Asia;2022;93.96121978759766;UIS_EST;
SCHBSP.1.WINTERN;WB: Europe & Central Asia (IDA & IBRD);2011;83.0682601928711;UIS_EST;
SCHBSP.1.WINTERN;WB: Europe & Central Asia (IDA & IBRD);2012;84.06714630126953;UIS_EST;
SCHBSP.1.WINTERN;WB: Europe & Central Asia (IDA & IBRD);2013;84.73558807373047;UIS_EST;
SCHBSP.1.WINTERN;WB: Europe & Central Asia (IDA & IBRD);2014;85.78417205810547;UIS_EST;
SCHBSP.1.WINTERN;WB: Europe & Central Asia (IDA & IBRD);2015;86.90070343017578;UIS_EST;
SCHBSP.1.WINTERN;WB: Europe & Central Asia (IDA & IBRD);2016;88.11736297607422;UIS_EST;
SCHBSP.1.WINTERN;WB: Europe & Central Asia (IDA & IBRD);2017;88.43807220458984;;
SCHBSP.1.WINTERN;WB: Europe & Central Asia (IDA & IBRD);2018;88.73078155517578;;
SCHBSP.1.WINTERN;WB: Europe & Central Asia (IDA & IBRD);2019;90.15939331054688;;
SCHBSP.1.WINTERN;WB: Europe & Central Asia (IDA & IBRD);2020;91.86943817138672;;
SCHBSP.1.WINTERN;WB: Europe & Central Asia (IDA & IBRD);2021;92.98168182373047;;
SCHBSP.1.WINTERN;WB: Europe & Central Asia (IDA & IBRD);2022;93.18110656738281;UIS_EST;
SCHBSP.1.WINTERN;WB: Europe & Central Asia (IDA & IBRD);2023;93.70468139648438;UIS_EST;
SCHBSP.1.WINTERN;WB: Europe & Central Asia (IDA & IBRD);2024;93.98503112792969;UIS_EST;
SCHBSP.1.WINTERN;WB: Europe & Central Asia (excluding high income);2011;79.64778137207031;UIS_EST;
SCHBSP.1.WINTERN;WB: Europe & Central Asia (excluding high income);2012;80.91484832763672;UIS_EST;
SCHBSP.1.WINTERN;WB: Europe & Central Asia (excluding high income);2013;81.6864013671875;UIS_EST;
SCHBSP.1.WINTERN;WB: Europe & Central Asia (excluding high income);2014;83.0000991821289;UIS_EST;
SCHBSP.1.WINTERN;WB: Europe & Central Asia (excluding high income);2015;84.37016296386719;UIS_EST;
SCHBSP.1.WINTERN;WB: Europe & Central Asia (excluding high income);2016;85.89057159423828;UIS_EST;
SCHBSP.1.WINTERN;WB: Europe & Central Asia (excluding high income);2017;86.19139099121094;;
SCHBSP.1.WINTERN;WB: Europe & Central Asia (excluding high income);2018;86.55599975585938;;
SCHBSP.1.WINTERN;WB: Europe & Central Asia (excluding high income);2019;87.84815979003906;;
SCHBSP.1.WINTERN;WB: Europe & Central Asia (excluding high income);2020;90.48101806640625;;
SCHBSP.1.WINTERN;WB: Europe & Central Asia (excluding high income);2021;91.49790954589844;;
SCHBSP.1.WINTERN;WB: Europe & Central Asia (excluding high income);2022;91.76493835449219;UIS_EST;
SCHBSP.1.WINTERN;WB: Europe & Central Asia (excluding high income);2023;92.44914245605469;UIS_EST;
SCHBSP.1.WINTERN;WB: Europe & Central Asia (excluding high income);2024;92.79364013671875;UIS_EST;
SCHBSP.1.WINTERN;WB: European Union;2004;92.93557739257812;UIS_EST;
SCHBSP.1.WINTERN;WB: European Union;2005;93.14997100830078;UIS_EST;
SCHBSP.1.WINTERN;WB: European Union;2006;93.19022369384766;UIS_EST;
SCHBSP.1.WINTERN;WB: European Union;2011;93.20287322998047;UIS_EST;
SCHBSP.1.WINTERN;WB: European Union;2012;93.1495132446289;UIS_EST;
SCHBSP.1.WINTERN;WB: European Union;2013;93.25942993164062;UIS_EST;
SCHBSP.1.WINTERN;WB: European Union;2014;93.35507202148438;UIS_EST;
SCHBSP.1.WINTERN;WB: European Union;2015;93.3751220703125;UIS_EST;
SCHBSP.1.WINTERN;WB: European Union;2016;93.45226287841797;UIS_EST;
SCHBSP.1.WINTERN;WB: European Union;2017;93.5118637084961;UIS_EST;
SCHBSP.1.WINTERN;WB: Global Partnership for Education (July 2019);2023;22.80837059020996;UIS_EST;
SCHBSP.1.WINTERN;WB: High income (July 2025);2014;89.0970687866211;UIS_EST;
SCHBSP.1.WINTERN;WB: High income (July 2025);2015;89.18975830078125;UIS_EST;
SCHBSP.1.WINTERN;WB: High income (July 2025);2016;89.27996826171875;UIS_EST;
SCHBSP.1.WINTERN;WB: High income (July 2025);2017;89.47379302978516;UIS_EST;
SCHBSP.1.WINTERN;WB: High income (July 2025);2018;89.53205871582031;UIS_EST;
SCHBSP.1.WINTERN;WB: High income (July 2025);2019;90.2130126953125;UIS_EST;
SCHBSP.1.WINTERN;WB: High income (July 2025);2020;90.32084655761719;UIS_EST;
SCHBSP.1.WINTERN;WB: IBRD only;2015;35.00106048583984;UIS_EST;
SCHBSP.1.WINTERN;WB: IBRD only;2016;36.62252044677734;UIS_EST;
SCHBSP.1.WINTERN;WB: IBRD only;2017;36.91017150878906;UIS_EST;
SCHBSP.1.WINTERN;WB: IBRD only;2018;37.10913848876953;UIS_EST;
SCHBSP.1.WINTERN;WB: IBRD only;2019;37.81703948974609;;
SCHBSP.1.WINTERN;WB: IBRD only;2020;38.48640823364258;;
SCHBSP.1.WINTERN;WB: IBRD only;2021;39.64400100708008;;
SCHBSP.1.WINTERN;WB: IBRD only;2022;44.63943099975586;;
SCHBSP.1.WINTERN;WB: IBRD only;2023;52.71374893188477;;
SCHBSP.1.WINTERN;WB: IBRD only;2024;53.75149917602539;;
SCHBSP.1.WINTERN;WB: IDA & IBRD total;2018;30.48996925354004;UIS_EST;
SCHBSP.1.WINTERN;WB: IDA & IBRD total;2019;31.09852981567383;UIS_EST;
SCHBSP.1.WINTERN;WB: IDA & IBRD total;2020;31.58633995056152;UIS_EST;
SCHBSP.1.WINTERN;WB: IDA & IBRD total;2021;32.63703918457031;UIS_EST;
SCHBSP.1.WINTERN;WB: IDA & IBRD total;2022;36.00928115844727;UIS_EST;
SCHBSP.1.WINTERN;WB: IDA & IBRD total;2023;41.26475143432617;UIS_EST;
SCHBSP.1.WINTERN;WB: IDA & IBRD total;2024;41.95418930053711;UIS_EST;
SCHBSP.1.WINTERN;WB: IDA blend;2023;15.62065029144287;UIS_EST;
SCHBSP.1.WINTERN;WB: IDA blend;2024;16.14364051818848;UIS_EST;
SCHBSP.1.WINTERN;WB: IDA only;2019;21.99889945983887;UIS_EST;
SCHBSP.1.WINTERN;WB: IDA only;2020;22.33161926269531;UIS_EST;
SCHBSP.1.WINTERN;WB: IDA only;2021;23.01272010803223;UIS_EST;
SCHBSP.1.WINTERN;WB: IDA total;2023;21.78370094299316;UIS_EST;
SCHBSP.1.WINTERN;WB: Late-demographic dividend;2015;72.06204986572266;UIS_EST;
SCHBSP.1.WINTERN;WB: Late-demographic dividend;2016;73.28717041015625;UIS_EST;
SCHBSP.1.WINTERN;WB: Late-demographic dividend;2017;75.8584976196289;;
SCHBSP.1.WINTERN;WB: Late-demographic dividend;2018;76.61750030517578;UIS_EST;
SCHBSP.1.WINTERN;WB: Late-demographic dividend;2019;77.6430435180664;UIS_EST;
SCHBSP.1.WINTERN;WB: Late-demographic dividend;2020;77.5656967163086;UIS_EST;
SCHBSP.1.WINTERN;WB: Late-demographic dividend;2021;78.22409057617188;UIS_EST;
SCHBSP.1.WINTERN;WB: Late-demographic dividend;2022;79.38152313232422;UIS_EST;
SCHBSP.1.WINTERN;WB: Late-demographic dividend;2023;79.2086410522461;UIS_EST;
SCHBSP.1.WINTERN;WB: Late-demographic dividend;2024;79.00321960449219;UIS_EST;
SCHBSP.1.WINTERN;WB: Latin America & Caribbean;2009;29.98945045471191;UIS_EST;
SCHBSP.1.WINTERN;WB: Latin America & Caribbean;2010;30.59538078308105;UIS_EST;
SCHBSP.1.WINTERN;WB: Latin America & Caribbean;2011;32.14469909667969;UIS_EST;
SCHBSP.1.WINTERN;WB: Latin America & Caribbean;2012;33.86069107055664;UIS_EST;
SCHBSP.1.WINTERN;WB: Latin America & Caribbean;2013;35.40991973876953;UIS_EST;
SCHBSP.1.WINTERN;WB: Latin America & Caribbean;2014;36.93711853027344;UIS_EST;
SCHBSP.1.WINTERN;WB: Latin America & Caribbean;2015;38.44752883911133;UIS_EST;
SCHBSP.1.WINTERN;WB: Latin America & Caribbean;2016;39.70312118530273;UIS_EST;
SCHBSP.1.WINTERN;WB: Latin America & Caribbean;2017;40.07640838623047;UIS_EST;
SCHBSP.1.WINTERN;WB: Latin America & Caribbean;2018;40.29022979736328;UIS_EST;
SCHBSP.1.WINTERN;WB: Latin America & Caribbean;2019;41.85047149658203;UIS_EST;
SCHBSP.1.WINTERN;WB: Latin America & Caribbean;2020;41.25315093994141;UIS_EST;
SCHBSP.1.WINTERN;WB: Latin America & Caribbean;2021;42.19356918334961;UIS_EST;
SCHBSP.1.WINTERN;WB: Latin America & Caribbean;2022;44.10013961791992;UIS_EST;
SCHBSP.1.WINTERN;WB: Latin America & Caribbean;2023;44.05142974853516;UIS_EST;
SCHBSP.1.WINTERN;WB: Latin America & Caribbean (IDA & IBRD);2009;30.21221923828125;UIS_EST;
SCHBSP.1.WINTERN;WB: Latin America & Caribbean (IDA & IBRD);2010;30.79865074157715;UIS_EST;
SCHBSP.1.WINTERN;WB: Latin America & Caribbean (IDA & IBRD);2011;32.34468078613281;UIS_EST;
SCHBSP.1.WINTERN;WB: Latin America & Caribbean (IDA & IBRD);2012;34.08335113525391;UIS_EST;
SCHBSP.1.WINTERN;WB: Latin America & Caribbean (IDA & IBRD);2013;35.66070938110352;UIS_EST;
SCHBSP.1.WINTERN;WB: Latin America & Caribbean (IDA & IBRD);2014;37.2156982421875;UIS_EST;
SCHBSP.1.WINTERN;WB: Latin America & Caribbean (IDA & IBRD);2015;38.75373840332031;UIS_EST;
SCHBSP.1.WINTERN;WB: Latin America & Caribbean (IDA & IBRD);2016;40.03281021118164;UIS_EST;
SCHBSP.1.WINTERN;WB: Latin America & Caribbean (IDA & IBRD);2017;40.41170120239258;UIS_EST;
SCHBSP.1.WINTERN;WB: Latin America & Caribbean (IDA & IBRD);2018;40.63306045532227;UIS_EST;
SCHBSP.1.WINTERN;WB: Latin America & Caribbean (IDA & IBRD);2019;42.17729187011719;UIS_EST;
SCHBSP.1.WINTERN;WB: Latin America & Caribbean (IDA & IBRD);2020;41.45182037353516;UIS_EST;
SCHBSP.1.WINTERN;WB: Latin America & Caribbean (IDA & IBRD);2021;42.13431167602539;UIS_EST;
SCHBSP.1.WINTERN;WB: Latin America & Caribbean (IDA & IBRD);2022;44.18857955932617;UIS_EST;
SCHBSP.1.WINTERN;WB: Latin America & Caribbean (IDA & IBRD);2023;44.12760925292969;UIS_EST;
SCHBSP.1.WINTERN;WB: Latin America & Caribbean (excluding high income);2009;30.67370986938477;UIS_EST;
SCHBSP.1.WINTERN;WB: Latin America & Caribbean (excluding high income);2010;31.27070999145508;UIS_EST;
SCHBSP.1.WINTERN;WB: Latin America & Caribbean (excluding high income);2011;33.01050186157227;UIS_EST;
SCHBSP.1.WINTERN;WB: Latin America & Caribbean (excluding high income);2012;34.87977981567383;UIS_EST;
SCHBSP.1.WINTERN;WB: Latin America & Caribbean (excluding high income);2013;36.56929016113281;UIS_EST;
SCHBSP.1.WINTERN;WB: Latin America & Caribbean (excluding high income);2014;38.23624038696289;UIS_EST;
SCHBSP.1.WINTERN;WB: Latin America & Caribbean (excluding high income);2015;39.88702011108398;UIS_EST;
SCHBSP.1.WINTERN;WB: Latin America & Caribbean (excluding high income);2016;41.27294921875;;
SCHBSP.1.WINTERN;WB: Latin America & Caribbean (excluding high income);2017;41.59794998168945;UIS_EST;
SCHBSP.1.WINTERN;WB: Latin America & Caribbean (excluding high income);2018;41.69696044921875;UIS_EST;
SCHBSP.1.WINTERN;WB: Latin America & Caribbean (excluding high income);2019;43.15065002441406;UIS_EST;
SCHBSP.1.WINTERN;WB: Latin America & Caribbean (excluding high income);2020;42.32603073120117;UIS_EST;
SCHBSP.1.WINTERN;WB: Latin America & Caribbean (excluding high income);2021;43.14443969726563;UIS_EST;
SCHBSP.1.WINTERN;WB: Latin America & Caribbean (excluding high income);2022;45.02299118041992;UIS_EST;
SCHBSP.1.WINTERN;WB: Latin America & Caribbean (excluding high income);2023;43.78686904907227;UIS_EST;
SCHBSP.1.WINTERN;WB: Least developed countries: UN classification;2019;22.57720947265625;UIS_EST;
SCHBSP.1.WINTERN;WB: Least developed countries: UN classification;2020;22.80821990966797;UIS_EST;
SCHBSP.1.WINTERN;WB: Least developed countries: UN classification;2021;23.41086959838867;UIS_EST;
SCHBSP.1.WINTERN;WB: Low & middle income (July 2025);2018;30.2109203338623;UIS_EST;
SCHBSP.1.WINTERN;WB: Low & middle income (July 2025);2019;30.79747009277344;UIS_EST;
SCHBSP.1.WINTERN;WB: Low & middle income (July 2025);2020;31.41325950622559;UIS_EST;
SCHBSP.1.WINTERN;WB: Low & middle income (July 2025);2021;32.47869110107422;UIS_EST;
SCHBSP.1.WINTERN;WB: Low & middle income (July 2025);2022;35.85686874389648;UIS_EST;
SCHBSP.1.WINTERN;WB: Low & middle income (July 2025);2023;41.00831985473633;UIS_EST;
SCHBSP.1.WINTERN;WB: Low & middle income (July 2025);2024;41.6810188293457;UIS_EST;
SCHBSP.1.WINTERN;WB: Lower middle income (July 2025);2018;15.26854038238525;UIS_EST;
SCHBSP.1.WINTERN;WB: Lower middle income (July 2025);2019;15.7888298034668;UIS_EST;
SCHBSP.1.WINTERN;WB: Lower middle income (July 2025);2020;16.82971000671387;;
SCHBSP.1.WINTERN;WB: Lower middle income (July 2025);2021;18.71587944030762;UIS_EST;
SCHBSP.1.WINTERN;WB: Lower middle income (July 2025);2022;24.19305038452148;UIS_EST;
SCHBSP.1.WINTERN;WB: Lower middle income (July 2025);2023;33.15425109863281;UIS_EST;
SCHBSP.1.WINTERN;WB: Lower middle income (July 2025);2024;35.86700057983398;;
SCHBSP.1.WINTERN;WB: Middle East & North Africa (IDA & IBRD);2023;21.28355979919434;UIS_EST;
SCHBSP.1.WINTERN;WB: Middle East & North Africa (IDA & IBRD);2024;18.2688102722168;;
SCHBSP.1.WINTERN;WB: Middle East & North Africa (excluding high income);2023;21.73714065551758;UIS_EST;
SCHBSP.1.WINTERN;WB: Middle East & North Africa (excluding high income);2024;18.6417293548584;;
SCHBSP.1.WINTERN;WB: Middle East & North Africa, Afghanistan, Pakistan;2023;27.69955062866211;UIS_EST;
SCHBSP.1.WINTERN;WB: Middle East & North Africa, Afghanistan, Pakistan;2024;24.86883926391602;;
SCHBSP.1.WINTERN;WB: Middle income (July 2025);2018;32.11051940917969;UIS_EST;
SCHBSP.1.WINTERN;WB: Middle income (July 2025);2019;32.67245101928711;UIS_EST;
SCHBSP.1.WINTERN;WB: Middle income (July 2025);2020;33.39677047729492;UIS_EST;
SCHBSP.1.WINTERN;WB: Middle income (July 2025);2021;34.70067977905273;UIS_EST;
SCHBSP.1.WINTERN;WB: Middle income (July 2025);2022;38.5005989074707;UIS_EST;
SCHBSP.1.WINTERN;WB: Middle income (July 2025);2023;44.31074905395508;UIS_EST;
SCHBSP.1.WINTERN;WB: Middle income (July 2025);2024;45.14897918701172;UIS_EST;
SCHBSP.1.WINTERN;WB: North America;2014;99.70076751708984;UIS_EST;
SCHBSP.1.WINTERN;WB: North America;2015;99.70468139648438;;
SCHBSP.1.WINTERN;WB: North America;2016;99.70575714111328;UIS_EST;
SCHBSP.1.WINTERN;WB: North America;2017;99.69786071777344;UIS_EST;
SCHBSP.1.WINTERN;WB: North America;2018;99.67478942871094;UIS_EST;
SCHBSP.1.WINTERN;WB: North America;2019;99.69571685791016;;
SCHBSP.1.WINTERN;WB: North America;2020;99.71266174316406;UIS_EST;
SCHBSP.1.WINTERN;WB: OECD members;2006;74.2610092163086;UIS_EST;
SCHBSP.1.WINTERN;WB: OECD members;2011;75.2147216796875;UIS_EST;
SCHBSP.1.WINTERN;WB: OECD members;2012;75.51998138427734;UIS_EST;
SCHBSP.1.WINTERN;WB: OECD members;2013;75.75435638427734;UIS_EST;
SCHBSP.1.WINTERN;WB: OECD members;2014;76.12064361572266;UIS_EST;
SCHBSP.1.WINTERN;WB: OECD members;2015;76.50144958496094;UIS_EST;
SCHBSP.1.WINTERN;WB: OECD members;2016;76.75758361816406;UIS_EST;
SCHBSP.1.WINTERN;WB: OECD members;2017;76.04241943359375;UIS_EST;
SCHBSP.1.WINTERN;WB: OECD members;2018;75.71830749511719;UIS_EST;
SCHBSP.1.WINTERN;WB: OECD members;2019;75.95039367675781;UIS_EST;
SCHBSP.1.WINTERN;WB: OECD members;2020;75.24407196044922;UIS_EST;
SCHBSP.1.WINTERN;WB: OECD members;2021;75.42192840576172;UIS_EST;
SCHBSP.1.WINTERN;WB: OECD members;2022;76.30534362792969;UIS_EST;
SCHBSP.1.WINTERN;WB: Pacific island small states;2017;20.80278968811035;UIS_EST;
SCHBSP.1.WINTERN;WB: Pacific island small states;2018;21.67149925231934;UIS_EST;
SCHBSP.1.WINTERN;WB: Pacific island small states;2019;23.24319076538086;UIS_EST;
SCHBSP.1.WINTERN;WB: Pacific island small states;2020;24.66642951965332;UIS_EST;
SCHBSP.1.WINTERN;WB: Pacific island small states;2021;28.08139038085938;UIS_EST;
SCHBSP.1.WINTERN;WB: Pacific island small states;2022;28.45105934143066;UIS_EST;
SCHBSP.1.WINTERN;WB: Pacific island small states;2023;28.08852958679199;;
SCHBSP.1.WINTERN;WB: Pacific island small states;2024;44.4522590637207;UIS_EST;
SCHBSP.1.WINTERN;WB: Post-demographic dividend;2014;89.96797180175781;UIS_EST;
SCHBSP.1.WINTERN;WB: Post-demographic dividend;2015;90.37846374511719;UIS_EST;
SCHBSP.1.WINTERN;WB: Post-demographic dividend;2016;90.8099594116211;UIS_EST;
SCHBSP.1.WINTERN;WB: Post-demographic dividend;2017;91.0373764038086;UIS_EST;
SCHBSP.1.WINTERN;WB: Post-demographic dividend;2018;91.19856262207031;UIS_EST;
SCHBSP.1.WINTERN;WB: Post-demographic dividend;2019;91.70626068115234;UIS_EST;
SCHBSP.1.WINTERN;WB: Post-demographic dividend;2020;92.04369354248047;UIS_EST;
SCHBSP.1.WINTERN;WB: South Asia;2018;12.21724033355713;UIS_EST;
SCHBSP.1.WINTERN;WB: South Asia;2019;12.31404972076416;;
SCHBSP.1.WINTERN;WB: South Asia;2020;13.91044998168945;;
SCHBSP.1.WINTERN;WB: South Asia;2021;16.4625301361084;;
SCHBSP.1.WINTERN;WB: South Asia;2022;25.14711952209473;;
SCHBSP.1.WINTERN;WB: South Asia;2023;40.35126113891602;;
SCHBSP.1.WINTERN;WB: South Asia;2024;44.38397979736328;;
SCHBSP.1.WINTERN;WB: South Asia (IDA & IBRD);2018;12.21724033355713;UIS_EST;
SCHBSP.1.WINTERN;WB: South Asia (IDA & IBRD);2019;12.31404972076416;;
SCHBSP.1.WINTERN;WB: South Asia (IDA & IBRD);2020;13.91044998168945;;
SCHBSP.1.WINTERN;WB: South Asia (IDA & IBRD);2021;16.4625301361084;;
SCHBSP.1.WINTERN;WB: South Asia (IDA & IBRD);2022;25.14711952209473;;
SCHBSP.1.WINTERN;WB: South Asia (IDA & IBRD);2023;40.35126113891602;;
SCHBSP.1.WINTERN;WB: South Asia (IDA & IBRD);2024;44.38397979736328;;
SCHBSP.1.WINTERN;WB: Upper middle income (July 2025);2011;55.55279159545898;UIS_EST;
SCHBSP.1.WINTERN;WB: Upper middle income (July 2025);2012;56.76079940795898;UIS_EST;
SCHBSP.1.WINTERN;WB: Upper middle income (July 2025);2013;57.72811889648438;UIS_EST;
SCHBSP.1.WINTERN;WB: Upper middle income (July 2025);2014;58.75662994384766;UIS_EST;
SCHBSP.1.WINTERN;WB: Upper middle income (July 2025);2015;59.75149154663086;UIS_EST;
SCHBSP.1.WINTERN;WB: Upper middle income (July 2025);2016;60.6179313659668;UIS_EST;
SCHBSP.1.WINTERN;WB: Upper middle income (July 2025);2017;61.63436889648438;UIS_EST;
SCHBSP.1.WINTERN;WB: Upper middle income (July 2025);2018;61.99552154541016;UIS_EST;
SCHBSP.1.WINTERN;WB: Upper middle income (July 2025);2019;62.8120002746582;UIS_EST;
SCHBSP.1.WINTERN;WB: Upper middle income (July 2025);2020;62.29911041259766;UIS_EST;
SCHBSP.1.WINTERN;WB: Upper middle income (July 2025);2021;62.5919303894043;UIS_EST;
SCHBSP.1.WINTERN;WB: Upper middle income (July 2025);2022;63.33193969726563;UIS_EST;
SCHBSP.1.WINTERN;WB: Upper middle income (July 2025);2023;63.39823150634766;UIS_EST;
SCHBSP.1.WINTERN;WB: Upper middle income (July 2025);2024;61.25291061401367;UIS_EST;
SCHBSP.1.WINTERN;WB: World;2016;36.91011047363281;UIS_EST;
SCHBSP.1.WINTERN;WB: World;2017;37.16896057128906;UIS_EST;
SCHBSP.1.WINTERN;WB: World;2018;37.52391815185547;UIS_EST;
SCHBSP.1.WINTERN;WB: World;2019;38.12829971313477;UIS_EST;
SCHBSP.1.WINTERN;WB: World;2020;38.70122146606445;UIS_EST;
SCHBSP.1.WINTERN;WB: World;2021;39.69890975952148;UIS_EST;
SCHBSP.1.WINTERN;WB: World;2022;42.69561004638672;UIS_EST;
SCHBSP.1.WINTERN;WB: World;2023;47.33938980102539;UIS_EST;
SCHBSP.1.WINTERN;WB: World;2024;47.97941970825195;UIS_EST;
SCHBSP.1.WINTERN;WSM;2016;13.77245508982036;;
SCHBSP.1.WINTERN;WSM;2017;13.77245508982036;;
SCHBSP.1.WINTERN;WSM;2019;32.94117647058823;;
SCHBSP.1.WINTERN;WSM;2021;45.08670520231214;;
SCHBSP.1.WINTERN;WSM;2022;56.64739884393064;;
SCHBSP.1.WINTERN;WSM;2023;50.86705202312138;;
SCHBSP.1.WINTERN;WSM;2024;51.12359550561798;;
SCHBSP.1.WINTERN;ZMB;2016;4.488269296157769;;
SCHBSP.1.WINTERN;ZMB;2017;5.812507067737193;;
SCHBSP.1.WINTERN;ZMB;2024;32.04815073272854;;
SCHBSP.1.WINTERN;ZWE;2015;12.08495044708252;;
SCHBSP.1.WINTERN;ZWE;2016;14.44169044494629;;
SCHBSP.1.WINTERN;ZWE;2017;17.2301197052002;;
SCHBSP.1.WINTERN;ZWE;2018;20.05406951904297;;
SCHBSP.1.WINTERN;ZWE;2019;24.20926094055176;;
SCHBSP.1.WINTERN;ZWE;2020;22.55075073242188;;
SCHBSP.1.WINTERN;ZWE;2023;35.7998402981102;;
SCHBSP.1.WINTERN;ZWE;2024;35.25081108060893;;