indicatorId;geoUnit;year;value;qualifier;magnitude
SCHBSP.1.WELEC;ABW;2010;100;;
SCHBSP.1.WELEC;ABW;2024;100;;
SCHBSP.1.WELEC;AFG;2018;12.15765953063965;;
SCHBSP.1.WELEC;AFG;2019;16.12018013000488;;
SCHBSP.1.WELEC;AGO;2016;22.35054900366002;;
SCHBSP.1.WELEC;AIA;2010;100;;
SCHBSP.1.WELEC;AIA;2019;100;;
SCHBSP.1.WELEC;AIA;2020;100;;
SCHBSP.1.WELEC;AIA;2021;100;;
SCHBSP.1.WELEC;AIA;2022;100;;
SCHBSP.1.WELEC;AIA;2023;100;;
SCHBSP.1.WELEC;AIA;2024;100;;
SCHBSP.1.WELEC;AIA;2025;100;;
SCHBSP.1.WELEC;AIMS: Asia and the Pacific;2011;58.11735153198242;UIS_EST;
SCHBSP.1.WELEC;AIMS: Asia and the Pacific;2012;58.15225982666016;;
SCHBSP.1.WELEC;AIMS: Asia and the Pacific;2013;59.40977096557617;UIS_EST;
SCHBSP.1.WELEC;AIMS: Asia and the Pacific;2014;60.74459075927734;UIS_EST;
SCHBSP.1.WELEC;AIMS: Asia and the Pacific;2015;62.15467071533203;UIS_EST;
SCHBSP.1.WELEC;AIMS: Asia and the Pacific;2016;63.65267944335938;UIS_EST;
SCHBSP.1.WELEC;AIMS: Asia and the Pacific;2017;64.73258209228516;;
SCHBSP.1.WELEC;AIMS: Asia and the Pacific;2018;66.19561767578125;;
SCHBSP.1.WELEC;AIMS: Asia and the Pacific;2019;72.52799987792969;;
SCHBSP.1.WELEC;AIMS: Asia and the Pacific;2020;78.34130096435547;;
SCHBSP.1.WELEC;AIMS: Asia and the Pacific;2021;78.72604370117188;UIS_EST;
SCHBSP.1.WELEC;AIMS: Asia and the Pacific;2022;82.37071990966797;UIS_EST;
SCHBSP.1.WELEC;AIMS: Asia and the Pacific;2023;84.15502166748047;;
SCHBSP.1.WELEC;AIMS: Asia and the Pacific;2024;84.24349212646484;;
SCHBSP.1.WELEC;AIMS: Central Asia;2016;100;UIS_EST;
SCHBSP.1.WELEC;AIMS: Central Asia;2017;99.9950180053711;;
SCHBSP.1.WELEC;AIMS: Central Asia;2018;100;;
SCHBSP.1.WELEC;AIMS: Central Asia;2019;100;;
SCHBSP.1.WELEC;AIMS: Central Asia;2020;100;;
SCHBSP.1.WELEC;AIMS: Central Asia;2021;100;UIS_EST;
SCHBSP.1.WELEC;AIMS: Central Asia;2022;100;UIS_EST;
SCHBSP.1.WELEC;AIMS: Central Asia;2023;100;UIS_EST;
SCHBSP.1.WELEC;AIMS: Central Asia;2024;100;UIS_EST;
SCHBSP.1.WELEC;AIMS: East Asia;2011;86.1329116821289;UIS_EST;
SCHBSP.1.WELEC;AIMS: East Asia;2012;86.5322265625;UIS_EST;
SCHBSP.1.WELEC;AIMS: East Asia;2013;87.07369995117188;UIS_EST;
SCHBSP.1.WELEC;AIMS: East Asia;2014;87.6631088256836;UIS_EST;
SCHBSP.1.WELEC;AIMS: East Asia;2015;88.29833984375;UIS_EST;
SCHBSP.1.WELEC;AIMS: East Asia;2016;88.98238372802734;UIS_EST;
SCHBSP.1.WELEC;AIMS: East Asia;2017;90.12351989746094;;
SCHBSP.1.WELEC;AIMS: East Asia;2018;90.35549926757812;;
SCHBSP.1.WELEC;AIMS: East Asia;2019;90.89167785644531;UIS_EST;
SCHBSP.1.WELEC;AIMS: East Asia;2020;91.41992950439453;UIS_EST;
SCHBSP.1.WELEC;AIMS: East Asia;2021;91.67048645019531;UIS_EST;
SCHBSP.1.WELEC;AIMS: East Asia;2022;91.90762329101562;UIS_EST;
SCHBSP.1.WELEC;AIMS: East Asia;2023;92.17536926269531;;
SCHBSP.1.WELEC;AIMS: East Asia;2024;92.29644775390625;;
SCHBSP.1.WELEC;AIMS: East Asia and the Pacific;2011;86.30351257324219;UIS_EST;
SCHBSP.1.WELEC;AIMS: East Asia and the Pacific;2012;86.6965103149414;UIS_EST;
SCHBSP.1.WELEC;AIMS: East Asia and the Pacific;2013;87.20829772949219;UIS_EST;
SCHBSP.1.WELEC;AIMS: East Asia and the Pacific;2014;87.76698303222656;UIS_EST;
SCHBSP.1.WELEC;AIMS: East Asia and the Pacific;2015;88.37014770507812;UIS_EST;
SCHBSP.1.WELEC;AIMS: East Asia and the Pacific;2016;89.0201187133789;UIS_EST;
SCHBSP.1.WELEC;AIMS: East Asia and the Pacific;2017;90.13907623291016;;
SCHBSP.1.WELEC;AIMS: East Asia and the Pacific;2018;90.38529205322266;;
SCHBSP.1.WELEC;AIMS: East Asia and the Pacific;2019;90.94824981689453;UIS_EST;
SCHBSP.1.WELEC;AIMS: East Asia and the Pacific;2020;91.41185760498047;UIS_EST;
SCHBSP.1.WELEC;AIMS: East Asia and the Pacific;2021;91.67816162109375;UIS_EST;
SCHBSP.1.WELEC;AIMS: East Asia and the Pacific;2022;91.92292022705078;UIS_EST;
SCHBSP.1.WELEC;AIMS: East Asia and the Pacific;2023;92.1931381225586;;
SCHBSP.1.WELEC;AIMS: East Asia and the Pacific;2024;92.32837677001953;;
SCHBSP.1.WELEC;AIMS: Pacific;2000;90.26966094970703;UIS_EST;
SCHBSP.1.WELEC;AIMS: Pacific;2001;90.2673568725586;UIS_EST;
SCHBSP.1.WELEC;AIMS: Pacific;2002;90.27851104736328;UIS_EST;
SCHBSP.1.WELEC;AIMS: Pacific;2003;90.27384185791016;UIS_EST;
SCHBSP.1.WELEC;AIMS: Pacific;2004;90.27796936035156;UIS_EST;
SCHBSP.1.WELEC;AIMS: Pacific;2005;90.28211212158203;UIS_EST;
SCHBSP.1.WELEC;AIMS: Pacific;2006;90.27902221679688;UIS_EST;
SCHBSP.1.WELEC;AIMS: Pacific;2007;90.2668685913086;UIS_EST;
SCHBSP.1.WELEC;AIMS: Pacific;2008;90.24121856689453;UIS_EST;
SCHBSP.1.WELEC;AIMS: Pacific;2009;90.23023986816406;UIS_EST;
SCHBSP.1.WELEC;AIMS: Pacific;2010;90.2176513671875;UIS_EST;
SCHBSP.1.WELEC;AIMS: Pacific;2011;90.18292999267578;UIS_EST;
SCHBSP.1.WELEC;AIMS: Pacific;2012;90.43285369873047;UIS_EST;
SCHBSP.1.WELEC;AIMS: Pacific;2013;90.27510833740234;UIS_EST;
SCHBSP.1.WELEC;AIMS: Pacific;2014;90.13433074951172;UIS_EST;
SCHBSP.1.WELEC;AIMS: Pacific;2015;90.005859375;UIS_EST;
SCHBSP.1.WELEC;AIMS: Pacific;2016;89.8802490234375;UIS_EST;
SCHBSP.1.WELEC;AIMS: Pacific;2017;90.47634887695312;UIS_EST;
SCHBSP.1.WELEC;AIMS: Pacific;2018;91.00546264648438;UIS_EST;
SCHBSP.1.WELEC;AIMS: Pacific;2019;92.09748077392578;UIS_EST;
SCHBSP.1.WELEC;AIMS: Pacific;2020;91.2506332397461;UIS_EST;
SCHBSP.1.WELEC;AIMS: Pacific;2021;91.82904815673828;UIS_EST;
SCHBSP.1.WELEC;AIMS: Pacific;2022;92.21784210205078;UIS_EST;
SCHBSP.1.WELEC;AIMS: South and West Asia;2011;47.03425979614258;UIS_EST;
SCHBSP.1.WELEC;AIMS: South and West Asia;2012;47.10356903076172;;
SCHBSP.1.WELEC;AIMS: South and West Asia;2013;47.93418121337891;UIS_EST;
SCHBSP.1.WELEC;AIMS: South and West Asia;2014;48.8259391784668;UIS_EST;
SCHBSP.1.WELEC;AIMS: South and West Asia;2015;49.76992034912109;UIS_EST;
SCHBSP.1.WELEC;AIMS: South and West Asia;2016;50.7736701965332;;
SCHBSP.1.WELEC;AIMS: South and West Asia;2017;52.49477005004883;;
SCHBSP.1.WELEC;AIMS: South and West Asia;2018;54.67417907714844;;
SCHBSP.1.WELEC;AIMS: South and West Asia;2019;63.82191848754883;;
SCHBSP.1.WELEC;AIMS: South and West Asia;2020;71.91499328613281;;
SCHBSP.1.WELEC;AIMS: South and West Asia;2021;72.38459777832031;;
SCHBSP.1.WELEC;AIMS: South and West Asia;2022;77.65074157714844;;
SCHBSP.1.WELEC;AIMS: South and West Asia;2023;80.17999267578125;;
SCHBSP.1.WELEC;AIMS: South and West Asia;2024;80.26885986328125;;
SCHBSP.1.WELEC;ALB;2018;94.08521303258145;;
SCHBSP.1.WELEC;ALB;2019;97.7137631458619;;
SCHBSP.1.WELEC;ALB;2020;100;;
SCHBSP.1.WELEC;ALB;2021;100;;
SCHBSP.1.WELEC;ALECSO: Gulf countries;2015;100;UIS_EST;
SCHBSP.1.WELEC;ALECSO: Gulf countries;2016;100;;
SCHBSP.1.WELEC;ALECSO: Gulf countries;2017;100;;
SCHBSP.1.WELEC;ALECSO: Gulf countries;2018;100;;
SCHBSP.1.WELEC;ALECSO: Gulf countries;2019;100;;
SCHBSP.1.WELEC;ALECSO: Gulf countries;2020;100;;
SCHBSP.1.WELEC;ALECSO: Gulf countries;2021;100;;
SCHBSP.1.WELEC;ALECSO: Gulf countries;2022;100;;
SCHBSP.1.WELEC;ALECSO: Gulf countries;2023;100;UIS_EST;
SCHBSP.1.WELEC;ALECSO: Gulf countries;2024;99.72029113769531;;
SCHBSP.1.WELEC;ALECSO: Least developed countries;2015;66.68501281738281;UIS_EST;
SCHBSP.1.WELEC;ALECSO: Least developed countries;2016;66.83432006835938;UIS_EST;
SCHBSP.1.WELEC;ALECSO: Least developed countries;2017;66.51017761230469;UIS_EST;
SCHBSP.1.WELEC;ALECSO: Maghreb countries;2015;89.99447631835938;UIS_EST;
SCHBSP.1.WELEC;ALECSO: Maghreb countries;2016;90.0966567993164;UIS_EST;
SCHBSP.1.WELEC;ALECSO: Maghreb countries;2017;90.5211410522461;UIS_EST;
SCHBSP.1.WELEC;ALECSO: Maghreb countries;2018;92.09416961669922;UIS_EST;
SCHBSP.1.WELEC;ALECSO: Maghreb countries;2019;92.76687622070312;UIS_EST;
SCHBSP.1.WELEC;ALECSO: Maghreb countries;2020;92.0340576171875;;
SCHBSP.1.WELEC;ALECSO: Maghreb countries;2021;92.482177734375;;
SCHBSP.1.WELEC;ALECSO: Maghreb countries;2022;93.17105102539062;;
SCHBSP.1.WELEC;ALECSO: Maghreb countries;2023;93.57730102539062;;
SCHBSP.1.WELEC;ALECSO: Maghreb countries;2024;93.10005187988281;;
SCHBSP.1.WELEC;ALECSO: Mashriq countries;2009;93.10677337646484;UIS_EST;
SCHBSP.1.WELEC;ALECSO: Mashriq countries;2010;93.17703247070312;UIS_EST;
SCHBSP.1.WELEC;ALECSO: Mashriq countries;2011;93.26477813720703;UIS_EST;
SCHBSP.1.WELEC;ALECSO: Mashriq countries;2012;93.59893798828125;UIS_EST;
SCHBSP.1.WELEC;ALECSO: Mashriq countries;2013;93.95574951171875;UIS_EST;
SCHBSP.1.WELEC;ALECSO: Mashriq countries;2014;94.35791778564453;UIS_EST;
SCHBSP.1.WELEC;ALECSO: Mashriq countries;2015;94.73116302490234;UIS_EST;
SCHBSP.1.WELEC;ALECSO: Mashriq countries;2016;95.07850646972656;UIS_EST;
SCHBSP.1.WELEC;ALECSO: Mashriq countries;2017;95.25850677490234;UIS_EST;
SCHBSP.1.WELEC;ALECSO: Member countries;2015;87.65789794921875;UIS_EST;
SCHBSP.1.WELEC;ALECSO: Member countries;2016;87.9664077758789;UIS_EST;
SCHBSP.1.WELEC;ALECSO: Member countries;2017;87.93486022949219;UIS_EST;
SCHBSP.1.WELEC;ALECSO: Member countries;2019;88.45526123046875;UIS_EST;
SCHBSP.1.WELEC;ALECSO: Member countries;2020;88.21308898925781;UIS_EST;
SCHBSP.1.WELEC;ALECSO: Member countries;2021;88.27664184570312;UIS_EST;
SCHBSP.1.WELEC;ALECSO: Member countries;2022;88.35536193847656;UIS_EST;
SCHBSP.1.WELEC;ALECSO: Member countries;2023;88.94925689697266;UIS_EST;
SCHBSP.1.WELEC;ALECSO: Member countries;2024;88.88423156738281;UIS_EST;
SCHBSP.1.WELEC;AND;2016;100;;
SCHBSP.1.WELEC;AND;2017;100;;
SCHBSP.1.WELEC;AND;2018;100;;
SCHBSP.1.WELEC;AND;2019;100;;
SCHBSP.1.WELEC;AND;2020;100;;
SCHBSP.1.WELEC;AND;2021;100;;
SCHBSP.1.WELEC;AND;2022;100;;
SCHBSP.1.WELEC;AND;2023;100;;
SCHBSP.1.WELEC;AND;2024;100;;
SCHBSP.1.WELEC;ARE;2018;100;;
SCHBSP.1.WELEC;ARE;2019;100;;
SCHBSP.1.WELEC;ARE;2020;100;;
SCHBSP.1.WELEC;ARE;2021;100;;
SCHBSP.1.WELEC;ARE;2022;100;;
SCHBSP.1.WELEC;ARE;2023;100;;
SCHBSP.1.WELEC;ARE;2024;100;;
SCHBSP.1.WELEC;ARG;2009;92.34236145019531;;
SCHBSP.1.WELEC;ARG;2013;94.8818130493164;UIS_EST;
SCHBSP.1.WELEC;ARG;2015;95.3246040995407;;
SCHBSP.1.WELEC;ARG;2016;96.47887323943662;;
SCHBSP.1.WELEC;ARG;2017;96.84333861740988;;
SCHBSP.1.WELEC;ARG;2018;96.72532781228433;;
SCHBSP.1.WELEC;ARG;2019;97.7218679993107;;
SCHBSP.1.WELEC;ARG;2020;98.05060141020323;;
SCHBSP.1.WELEC;ARG;2021;97.18392795289228;;
SCHBSP.1.WELEC;ARG;2022;97.3986334154209;;
SCHBSP.1.WELEC;ARG;2023;97.68381456584584;;
SCHBSP.1.WELEC;ARM;2018;100;;
SCHBSP.1.WELEC;ARM;2019;100;;
SCHBSP.1.WELEC;ARM;2020;100;;
SCHBSP.1.WELEC;ARM;2021;100;;
SCHBSP.1.WELEC;ARM;2022;100;;
SCHBSP.1.WELEC;ARM;2023;100;;
SCHBSP.1.WELEC;ARM;2024;100;;
SCHBSP.1.WELEC;ATG;2010;100;;
SCHBSP.1.WELEC;ATG;2017;100;;
SCHBSP.1.WELEC;ATG;2018;100;;
SCHBSP.1.WELEC;ATG;2023;100;;
SCHBSP.1.WELEC;AUS;2000;100;;
SCHBSP.1.WELEC;AUS;2001;100;;
SCHBSP.1.WELEC;AUS;2002;100;;
SCHBSP.1.WELEC;AUS;2003;100;;
SCHBSP.1.WELEC;AUS;2004;100;;
SCHBSP.1.WELEC;AUS;2005;100;;
SCHBSP.1.WELEC;AUS;2006;100;;
SCHBSP.1.WELEC;AUS;2007;100;;
SCHBSP.1.WELEC;AUS;2008;100;;
SCHBSP.1.WELEC;AUS;2009;100;;
SCHBSP.1.WELEC;AUS;2010;100;;
SCHBSP.1.WELEC;AUS;2011;100;;
SCHBSP.1.WELEC;AUS;2012;100;;
SCHBSP.1.WELEC;AUS;2013;100;;
SCHBSP.1.WELEC;AUS;2014;100;;
SCHBSP.1.WELEC;AUS;2015;100;;
SCHBSP.1.WELEC;AUS;2016;100;;
SCHBSP.1.WELEC;AUS;2017;100;;
SCHBSP.1.WELEC;AUS;2018;100;;
SCHBSP.1.WELEC;AUS;2019;100;;
SCHBSP.1.WELEC;AUS;2020;100;;
SCHBSP.1.WELEC;AUS;2021;100;;
SCHBSP.1.WELEC;AUT;2012;100;;
SCHBSP.1.WELEC;AUT;2013;100;;
SCHBSP.1.WELEC;AUT;2014;100;;
SCHBSP.1.WELEC;AUT;2015;100;;
SCHBSP.1.WELEC;AUT;2016;100;;
SCHBSP.1.WELEC;AUT;2017;100;;
SCHBSP.1.WELEC;AUT;2018;100;;
SCHBSP.1.WELEC;AUT;2019;100;;
SCHBSP.1.WELEC;AUT;2020;100;;
SCHBSP.1.WELEC;AUT;2021;100;;
SCHBSP.1.WELEC;AUT;2022;100;;
SCHBSP.1.WELEC;AZE;2016;100;;
SCHBSP.1.WELEC;AZE;2017;100;;
SCHBSP.1.WELEC;AZE;2018;100;;
SCHBSP.1.WELEC;AZE;2019;100;;
SCHBSP.1.WELEC;AZE;2020;100;;
SCHBSP.1.WELEC;AZE;2021;100;;
SCHBSP.1.WELEC;AZE;2022;100;;
SCHBSP.1.WELEC;AZE;2023;100;;
SCHBSP.1.WELEC;AZE;2024;100;;
SCHBSP.1.WELEC;BDI;2014;8.249752044677734;UIS_EST;
SCHBSP.1.WELEC;BDI;2016;7.717569786535304;;
SCHBSP.1.WELEC;BDI;2017;8.525290904773213;;
SCHBSP.1.WELEC;BDI;2018;8.439116125999059;;
SCHBSP.1.WELEC;BDI;2019;8.731808731808732;;
SCHBSP.1.WELEC;BEL;2003;100;;
SCHBSP.1.WELEC;BEL;2004;100;;
SCHBSP.1.WELEC;BEL;2005;100;;
SCHBSP.1.WELEC;BEL;2006;100;;
SCHBSP.1.WELEC;BEL;2007;100;;
SCHBSP.1.WELEC;BEL;2008;100;;
SCHBSP.1.WELEC;BEL;2009;100;;
SCHBSP.1.WELEC;BEL;2010;100;;
SCHBSP.1.WELEC;BEL;2011;100;;
SCHBSP.1.WELEC;BEL;2012;100;;
SCHBSP.1.WELEC;BEL;2013;100;;
SCHBSP.1.WELEC;BEL;2014;100;;
SCHBSP.1.WELEC;BEL;2015;100;;
SCHBSP.1.WELEC;BEL;2016;100;;
SCHBSP.1.WELEC;BEL;2017;100;;
SCHBSP.1.WELEC;BEL;2018;100;;
SCHBSP.1.WELEC;BEL;2019;100;;
SCHBSP.1.WELEC;BEL;2020;100;;
SCHBSP.1.WELEC;BEL;2021;100;;
SCHBSP.1.WELEC;BEL;2022;100;;
SCHBSP.1.WELEC;BEN;2014;40.80490875244141;UIS_EST;
SCHBSP.1.WELEC;BEN;2016;20.90925025939941;;
SCHBSP.1.WELEC;BEN;2018;25.58658981323242;;
SCHBSP.1.WELEC;BEN;2019;28.04375076293945;;
SCHBSP.1.WELEC;BEN;2020;33.82326126098633;;
SCHBSP.1.WELEC;BEN;2021;33.09717178344727;;
SCHBSP.1.WELEC;BEN;2022;33.65605163574219;;
SCHBSP.1.WELEC;BFA;2013;13.68845843422115;;
SCHBSP.1.WELEC;BFA;2014;31.9123592376709;UIS_EST;
SCHBSP.1.WELEC;BFA;2016;15.85806891845787;;
SCHBSP.1.WELEC;BFA;2017;18.33659491193738;;
SCHBSP.1.WELEC;BFA;2018;19.21172886519421;;
SCHBSP.1.WELEC;BFA;2019;20.69077875529488;;
SCHBSP.1.WELEC;BFA;2020;23.20527484357129;;
SCHBSP.1.WELEC;BFA;2021;26.13251973204218;;
SCHBSP.1.WELEC;BFA;2023;31.15023474178404;;
SCHBSP.1.WELEC;BFA;2024;28.49977872842602;;
SCHBSP.1.WELEC;BGD;2012;55.38404118896779;;
SCHBSP.1.WELEC;BGD;2020;75.76652982661915;;
SCHBSP.1.WELEC;BGD;2021;75.76652982661915;;
SCHBSP.1.WELEC;BGD;2022;95.04011733994535;;
SCHBSP.1.WELEC;BGD;2023;95.29965977492803;;
SCHBSP.1.WELEC;BGD;2024;96.39987521815745;;
SCHBSP.1.WELEC;BHR;2016;100;;
SCHBSP.1.WELEC;BHR;2017;100;;
SCHBSP.1.WELEC;BHR;2018;100;;
SCHBSP.1.WELEC;BHR;2019;100;;
SCHBSP.1.WELEC;BHR;2020;100;;
SCHBSP.1.WELEC;BHR;2022;100;;
SCHBSP.1.WELEC;BHR;2023;100;;
SCHBSP.1.WELEC;BHR;2024;100;;
SCHBSP.1.WELEC;BHS;2009;100;;
SCHBSP.1.WELEC;BLR;2016;100;;
SCHBSP.1.WELEC;BLR;2017;100;;
SCHBSP.1.WELEC;BLR;2018;100;;
SCHBSP.1.WELEC;BLR;2019;100;;
SCHBSP.1.WELEC;BLR;2020;100;;
SCHBSP.1.WELEC;BLR;2021;100;;
SCHBSP.1.WELEC;BLR;2022;100;;
SCHBSP.1.WELEC;BLR;2023;100;;
SCHBSP.1.WELEC;BLR;2024;100;;
SCHBSP.1.WELEC;BLZ;2010;84.17508417508418;;
SCHBSP.1.WELEC;BMU;2016;100;;
SCHBSP.1.WELEC;BOL;2013;72.05643738977072;;
SCHBSP.1.WELEC;BRA;2010;90.44184875488281;;
SCHBSP.1.WELEC;BRA;2013;98.3068618774414;UIS_EST;
SCHBSP.1.WELEC;BRA;2017;95.79273986816406;;
SCHBSP.1.WELEC;BRA;2019;96.72958374023438;UIS_EST;
SCHBSP.1.WELEC;BRB;2009;100;;
SCHBSP.1.WELEC;BRB;2015;100;;
SCHBSP.1.WELEC;BRB;2016;100;;
SCHBSP.1.WELEC;BRB;2017;100;;
SCHBSP.1.WELEC;BRB;2018;100;;
SCHBSP.1.WELEC;BRB;2019;100;;
SCHBSP.1.WELEC;BRB;2020;100;;
SCHBSP.1.WELEC;BRB;2021;100;;
SCHBSP.1.WELEC;BRB;2022;100;;
SCHBSP.1.WELEC;BRB;2023;100;;
SCHBSP.1.WELEC;BRB;2024;100;;
SCHBSP.1.WELEC;BRN;2016;100;;
SCHBSP.1.WELEC;BRN;2017;100;;
SCHBSP.1.WELEC;BRN;2018;100;;
SCHBSP.1.WELEC;BRN;2019;100;;
SCHBSP.1.WELEC;BRN;2020;100;;
SCHBSP.1.WELEC;BTN;2011;56.86274509803921;;
SCHBSP.1.WELEC;BTN;2012;66.57223796033995;;
SCHBSP.1.WELEC;BTN;2015;87.34940338134766;;
SCHBSP.1.WELEC;BTN;2017;88.38709677419355;;
SCHBSP.1.WELEC;BTN;2018;88.63636363636364;;
SCHBSP.1.WELEC;BTN;2020;94.67005157470703;;
SCHBSP.1.WELEC;BTN;2021;88.2051282051282;;
SCHBSP.1.WELEC;BTN;2022;97.33333333333334;;
SCHBSP.1.WELEC;BTN;2023;99.20634920634922;;
SCHBSP.1.WELEC;BTN;2024;99.20634920634922;;
SCHBSP.1.WELEC;BWA;2012;79.18718719482422;;
SCHBSP.1.WELEC;BWA;2021;44.0925700365408;;
SCHBSP.1.WELEC;BWA;2022;97.87485242030696;;
SCHBSP.1.WELEC;CAF;2016;3.745160102844238;;
SCHBSP.1.WELEC;CECC-SICA;2009;65.2213134765625;UIS_EST;
SCHBSP.1.WELEC;CECC-SICA;2010;65.46076202392578;UIS_EST;
SCHBSP.1.WELEC;CECC-SICA;2011;65.70939636230469;UIS_EST;
SCHBSP.1.WELEC;CECC-SICA;2012;66.38227844238281;UIS_EST;
SCHBSP.1.WELEC;CECC-SICA;2013;66.8790512084961;UIS_EST;
SCHBSP.1.WELEC;CECC-SICA;2014;67.37754821777344;UIS_EST;
SCHBSP.1.WELEC;CECC-SICA;2015;67.87777709960938;UIS_EST;
SCHBSP.1.WELEC;CECC-SICA;2016;68.37854766845703;UIS_EST;
SCHBSP.1.WELEC;CECC-SICA;2017;71.79895782470703;UIS_EST;
SCHBSP.1.WELEC;CECC-SICA;2018;75.04915618896484;UIS_EST;
SCHBSP.1.WELEC;CECC-SICA;2019;78.40762329101562;UIS_EST;
SCHBSP.1.WELEC;CECC-SICA;2020;78.41320037841797;UIS_EST;
SCHBSP.1.WELEC;CHE;2011;100;;
SCHBSP.1.WELEC;CHE;2012;100;;
SCHBSP.1.WELEC;CHE;2013;100;;
SCHBSP.1.WELEC;CHE;2014;100;;
SCHBSP.1.WELEC;CHE;2015;100;;
SCHBSP.1.WELEC;CHE;2016;100;;
SCHBSP.1.WELEC;CHE;2017;100;;
SCHBSP.1.WELEC;CHE;2018;100;;
SCHBSP.1.WELEC;CHE;2019;100;;
SCHBSP.1.WELEC;CHL;2013;100;UIS_EST;
SCHBSP.1.WELEC;CHN;2017;99.25239116605586;;
SCHBSP.1.WELEC;CHN;2018;99.25213611242508;;
SCHBSP.1.WELEC;CHN;2019;99.35851085525705;;
SCHBSP.1.WELEC;CHN;2020;99.43739540924645;;
SCHBSP.1.WELEC;CHN;2021;99.43473499642359;;
SCHBSP.1.WELEC;CHN;2022;99.19885402420292;;
SCHBSP.1.WELEC;CHN;2023;99.15770837664384;;
SCHBSP.1.WELEC;CHN;2024;99.21099587375934;;
SCHBSP.1.WELEC;CIV;2014;32.15658187866211;UIS_EST;
SCHBSP.1.WELEC;CIV;2016;28.67434231684569;;
SCHBSP.1.WELEC;CIV;2017;29.94364126439598;;
SCHBSP.1.WELEC;CIV;2018;38.22020404552692;;
SCHBSP.1.WELEC;CIV;2019;45.83593528242974;;
SCHBSP.1.WELEC;CIV;2020;61.08555153905137;;
SCHBSP.1.WELEC;CIV;2021;60.35613371008157;;
SCHBSP.1.WELEC;CIV;2022;66.03941247190423;;
SCHBSP.1.WELEC;CIV;2023;66.62044170518747;;
SCHBSP.1.WELEC;CIV;2024;66.88109357724394;;
SCHBSP.1.WELEC;CMR;2013;19.49744357151765;;
SCHBSP.1.WELEC;CMR;2014;19.00353050231934;UIS_EST;
SCHBSP.1.WELEC;CMR;2016;25.06722134848562;;
SCHBSP.1.WELEC;CMR;2017;25.27454952553577;;
SCHBSP.1.WELEC;CMR;2018;27.74291278943952;;
SCHBSP.1.WELEC;CMR;2019;29.12902069091797;UIS_EST;
SCHBSP.1.WELEC;CMR;2021;32.69184966417377;;
SCHBSP.1.WELEC;CMR;2022;35.72981788529492;;
SCHBSP.1.WELEC;COD;2015;9.35669994354248;;
SCHBSP.1.WELEC;COD;2019;16.60915946960449;UIS_EST;
SCHBSP.1.WELEC;COD;2021;11.04071044921875;;
SCHBSP.1.WELEC;COD;2023;9.953689575195312;;
SCHBSP.1.WELEC;COG;2014;16.2242603302002;UIS_EST;
SCHBSP.1.WELEC;COG;2018;24.1044807434082;;
SCHBSP.1.WELEC;COG;2019;33.98812866210938;UIS_EST;
SCHBSP.1.WELEC;COK;2016;100;;
SCHBSP.1.WELEC;COK;2017;100;;
SCHBSP.1.WELEC;COK;2018;100;;
SCHBSP.1.WELEC;COK;2019;100;;
SCHBSP.1.WELEC;COK;2020;100;;
SCHBSP.1.WELEC;COK;2021;100;;
SCHBSP.1.WELEC;COK;2022;100;;
SCHBSP.1.WELEC;COK;2023;100;;
SCHBSP.1.WELEC;COK;2024;100;;
SCHBSP.1.WELEC;COL;2013;92.68182373046875;UIS_EST;
SCHBSP.1.WELEC;COL;2016;94.9341812133789;;
SCHBSP.1.WELEC;COL;2017;95.7355728149414;;
SCHBSP.1.WELEC;COL;2019;87.12165069580078;;
SCHBSP.1.WELEC;COL;2020;85.96357727050781;;
SCHBSP.1.WELEC;COL;2021;85.06432342529297;;
SCHBSP.1.WELEC;COL;2022;87.60114288330078;;
SCHBSP.1.WELEC;COM;2017;40.87591240875913;;
SCHBSP.1.WELEC;COM;2021;48.43137254901961;;
SCHBSP.1.WELEC;COM;2024;49.06937394247039;;
SCHBSP.1.WELEC;CPV;2016;71.49758454106279;;
SCHBSP.1.WELEC;CPV;2017;76.45631067961165;;
SCHBSP.1.WELEC;CPV;2018;79.26829268292683;;
SCHBSP.1.WELEC;CPV;2019;86.91358024691358;;
SCHBSP.1.WELEC;CPV;2020;86.5482233502538;;
SCHBSP.1.WELEC;CPV;2021;90.3061224489796;;
SCHBSP.1.WELEC;CPV;2022;91.53846153846153;;
SCHBSP.1.WELEC;CRI;2010;88.1530532836914;;
SCHBSP.1.WELEC;CRI;2013;98.54833221435547;UIS_EST;
SCHBSP.1.WELEC;CRI;2016;96.95223999023438;;
SCHBSP.1.WELEC;CRI;2017;98.4007797241211;;
SCHBSP.1.WELEC;CRI;2018;96.14924621582031;;
SCHBSP.1.WELEC;CRI;2019;99.12937927246094;;
SCHBSP.1.WELEC;CRI;2020;99.44403839111328;;
SCHBSP.1.WELEC;CUB;2010;100;;
SCHBSP.1.WELEC;CUB;2018;100;;
SCHBSP.1.WELEC;CUB;2019;100;;
SCHBSP.1.WELEC;CUB;2020;100;;
SCHBSP.1.WELEC;CUB;2021;100;;
SCHBSP.1.WELEC;CUB;2022;100;;
SCHBSP.1.WELEC;CUB;2023;100;;
SCHBSP.1.WELEC;CUB;2024;100;;
SCHBSP.1.WELEC;CUW;2010;100;;
SCHBSP.1.WELEC;CYM;2010;100;;
SCHBSP.1.WELEC;CYM;2018;100;;
SCHBSP.1.WELEC;CYM;2019;100;;
SCHBSP.1.WELEC;CYM;2020;100;;
SCHBSP.1.WELEC;CYM;2021;100;;
SCHBSP.1.WELEC;CYM;2022;100;;
SCHBSP.1.WELEC;CYM;2023;100;;
SCHBSP.1.WELEC;CYM;2024;100;;
SCHBSP.1.WELEC;CZE;2012;100;;
SCHBSP.1.WELEC;CZE;2013;100;;
SCHBSP.1.WELEC;CZE;2014;100;;
SCHBSP.1.WELEC;CZE;2015;100;;
SCHBSP.1.WELEC;CZE;2016;100;;
SCHBSP.1.WELEC;CZE;2017;100;;
SCHBSP.1.WELEC;CZE;2018;100;;
SCHBSP.1.WELEC;CZE;2019;100;;
SCHBSP.1.WELEC;CZE;2020;100;;
SCHBSP.1.WELEC;CZE;2021;100;;
SCHBSP.1.WELEC;CZE;2022;100;;
SCHBSP.1.WELEC;DEU;2000;100;;
SCHBSP.1.WELEC;DEU;2001;100;;
SCHBSP.1.WELEC;DEU;2002;100;;
SCHBSP.1.WELEC;DEU;2003;100;;
SCHBSP.1.WELEC;DEU;2004;100;;
SCHBSP.1.WELEC;DEU;2005;100;;
SCHBSP.1.WELEC;DEU;2006;100;;
SCHBSP.1.WELEC;DEU;2007;100;;
SCHBSP.1.WELEC;DEU;2008;100;;
SCHBSP.1.WELEC;DEU;2009;100;;
SCHBSP.1.WELEC;DEU;2010;100;;
SCHBSP.1.WELEC;DEU;2011;100;;
SCHBSP.1.WELEC;DEU;2012;100;;
SCHBSP.1.WELEC;DEU;2013;100;;
SCHBSP.1.WELEC;DEU;2014;100;;
SCHBSP.1.WELEC;DEU;2015;100;;
SCHBSP.1.WELEC;DEU;2016;100;;
SCHBSP.1.WELEC;DEU;2017;100;;
SCHBSP.1.WELEC;DEU;2018;100;;
SCHBSP.1.WELEC;DEU;2019;100;;
SCHBSP.1.WELEC;DEU;2020;100;;
SCHBSP.1.WELEC;DEU;2021;100;;
SCHBSP.1.WELEC;DEU;2022;100;;
SCHBSP.1.WELEC;DEU;2023;100;;
SCHBSP.1.WELEC;DEU;2024;100;;
SCHBSP.1.WELEC;DJI;2013;76.72956085205078;;
SCHBSP.1.WELEC;DJI;2017;95.15151977539062;;
SCHBSP.1.WELEC;DJI;2021;84.80391693115234;;
SCHBSP.1.WELEC;DJI;2022;84.76190185546875;;
SCHBSP.1.WELEC;DJI;2023;81.48148345947266;;
SCHBSP.1.WELEC;DMA;2010;100;;
SCHBSP.1.WELEC;DMA;2016;100;;
SCHBSP.1.WELEC;DMA;2019;100;;
SCHBSP.1.WELEC;DMA;2020;100;;
SCHBSP.1.WELEC;DMA;2021;100;;
SCHBSP.1.WELEC;DMA;2022;100;;
SCHBSP.1.WELEC;DMA;2023;100;;
SCHBSP.1.WELEC;DNK;2001;100;;
SCHBSP.1.WELEC;DNK;2002;100;;
SCHBSP.1.WELEC;DNK;2003;100;;
SCHBSP.1.WELEC;DNK;2004;100;;
SCHBSP.1.WELEC;DNK;2005;100;;
SCHBSP.1.WELEC;DNK;2006;100;;
SCHBSP.1.WELEC;DNK;2007;100;;
SCHBSP.1.WELEC;DNK;2008;100;;
SCHBSP.1.WELEC;DNK;2009;100;;
SCHBSP.1.WELEC;DNK;2010;100;;
SCHBSP.1.WELEC;DNK;2011;100;;
SCHBSP.1.WELEC;DNK;2012;100;;
SCHBSP.1.WELEC;DNK;2013;100;;
SCHBSP.1.WELEC;DNK;2014;100;;
SCHBSP.1.WELEC;DNK;2015;100;;
SCHBSP.1.WELEC;DNK;2016;100;;
SCHBSP.1.WELEC;DNK;2017;100;;
SCHBSP.1.WELEC;DNK;2018;100;;
SCHBSP.1.WELEC;DNK;2019;100;;
SCHBSP.1.WELEC;DNK;2020;100;;
SCHBSP.1.WELEC;DNK;2021;100;;
SCHBSP.1.WELEC;DOM;2013;92.25247955322266;UIS_EST;
SCHBSP.1.WELEC;DOM;2019;96.347900390625;UIS_EST;
SCHBSP.1.WELEC;DOM;2022;90.14343992630609;;
SCHBSP.1.WELEC;DOM;2023;90.38131679641114;;
SCHBSP.1.WELEC;DZA;2012;98.64448552064079;;
SCHBSP.1.WELEC;DZA;2013;98.46059797710348;;
SCHBSP.1.WELEC;DZA;2014;98.60001102353525;;
SCHBSP.1.WELEC;DZA;2018;99.57042851081884;;
SCHBSP.1.WELEC;DZA;2019;99.51147764878921;;
SCHBSP.1.WELEC;DZA;2020;98.59386226008417;;
SCHBSP.1.WELEC;DZA;2021;99.69871827605576;;
SCHBSP.1.WELEC;DZA;2022;99.77319691547805;;
SCHBSP.1.WELEC;DZA;2023;99.7862079252225;;
SCHBSP.1.WELEC;DZA;2024;99.8626441010547;;
SCHBSP.1.WELEC;DZA;2025;99.88392338943703;;
SCHBSP.1.WELEC;ECA: AMU (UNSDCode:98111);2015;89.99447631835938;UIS_EST;
SCHBSP.1.WELEC;ECA: AMU (UNSDCode:98111);2016;90.0966567993164;UIS_EST;
SCHBSP.1.WELEC;ECA: AMU (UNSDCode:98111);2017;90.5211410522461;UIS_EST;
SCHBSP.1.WELEC;ECA: AMU (UNSDCode:98111);2018;92.09416961669922;UIS_EST;
SCHBSP.1.WELEC;ECA: AMU (UNSDCode:98111);2019;92.76687622070312;UIS_EST;
SCHBSP.1.WELEC;ECA: AMU (UNSDCode:98111);2020;92.0340576171875;;
SCHBSP.1.WELEC;ECA: AMU (UNSDCode:98111);2021;92.482177734375;;
SCHBSP.1.WELEC;ECA: AMU (UNSDCode:98111);2022;93.17105102539062;;
SCHBSP.1.WELEC;ECA: AMU (UNSDCode:98111);2023;93.57730102539062;;
SCHBSP.1.WELEC;ECA: AMU (UNSDCode:98111);2024;93.10005187988281;;
SCHBSP.1.WELEC;ECA: African Union Commission (UNSDCode:98106);2015;39.92959976196289;UIS_EST;
SCHBSP.1.WELEC;ECA: African Union Commission (UNSDCode:98106);2016;40.84540176391602;UIS_EST;
SCHBSP.1.WELEC;ECA: African Union Commission (UNSDCode:98106);2017;40.673828125;UIS_EST;
SCHBSP.1.WELEC;ECA: African Union Commission (UNSDCode:98106);2018;40.52645874023438;UIS_EST;
SCHBSP.1.WELEC;ECA: African Union Commission (UNSDCode:98106);2019;40.50136947631836;UIS_EST;
SCHBSP.1.WELEC;ECA: African Union Commission (UNSDCode:98106);2020;41.36304092407227;UIS_EST;
SCHBSP.1.WELEC;ECA: African Union Commission (UNSDCode:98106);2021;41.2330207824707;UIS_EST;
SCHBSP.1.WELEC;ECA: African Union Commission (UNSDCode:98106);2022;42.1705207824707;UIS_EST;
SCHBSP.1.WELEC;ECA: African Union Commission (UNSDCode:98106);2023;43.05252838134766;UIS_EST;
SCHBSP.1.WELEC;ECA: African Union Commission (UNSDCode:98106);2024;43.32863998413086;UIS_EST;
SCHBSP.1.WELEC;ECA: All countries (UNSDCode:98100);2015;39.92959976196289;UIS_EST;
SCHBSP.1.WELEC;ECA: All countries (UNSDCode:98100);2016;40.84540176391602;UIS_EST;
SCHBSP.1.WELEC;ECA: All countries (UNSDCode:98100);2017;40.673828125;UIS_EST;
SCHBSP.1.WELEC;ECA: All countries (UNSDCode:98100);2018;40.52645874023438;UIS_EST;
SCHBSP.1.WELEC;ECA: All countries (UNSDCode:98100);2019;40.50136947631836;UIS_EST;
SCHBSP.1.WELEC;ECA: All countries (UNSDCode:98100);2020;41.36304092407227;UIS_EST;
SCHBSP.1.WELEC;ECA: All countries (UNSDCode:98100);2021;41.2330207824707;UIS_EST;
SCHBSP.1.WELEC;ECA: All countries (UNSDCode:98100);2022;42.1705207824707;UIS_EST;
SCHBSP.1.WELEC;ECA: All countries (UNSDCode:98100);2023;43.05252838134766;UIS_EST;
SCHBSP.1.WELEC;ECA: All countries (UNSDCode:98100);2024;43.32863998413086;UIS_EST;
SCHBSP.1.WELEC;ECA: CEN-SAD (UNSDCode:98112);2015;43.71977996826172;UIS_EST;
SCHBSP.1.WELEC;ECA: CEN-SAD (UNSDCode:98112);2016;44.17515182495117;UIS_EST;
SCHBSP.1.WELEC;ECA: CEN-SAD (UNSDCode:98112);2017;44.44466018676758;UIS_EST;
SCHBSP.1.WELEC;ECA: CEN-SAD (UNSDCode:98112);2018;44.55434036254883;UIS_EST;
SCHBSP.1.WELEC;ECA: CEN-SAD (UNSDCode:98112);2019;45.17987060546875;UIS_EST;
SCHBSP.1.WELEC;ECA: CEN-SAD (UNSDCode:98112);2020;46.38074111938477;UIS_EST;
SCHBSP.1.WELEC;ECA: CEN-SAD (UNSDCode:98112);2021;45.95503997802734;UIS_EST;
SCHBSP.1.WELEC;ECA: CEN-SAD (UNSDCode:98112);2022;46.83811950683594;UIS_EST;
SCHBSP.1.WELEC;ECA: CEN-SAD (UNSDCode:98112);2023;48.28245162963867;UIS_EST;
SCHBSP.1.WELEC;ECA: COMESA (UNSDCode:98113);2014;42.67142868041992;UIS_EST;
SCHBSP.1.WELEC;ECA: COMESA (UNSDCode:98113);2015;42.60311889648438;UIS_EST;
SCHBSP.1.WELEC;ECA: COMESA (UNSDCode:98113);2016;43.09696960449219;UIS_EST;
SCHBSP.1.WELEC;ECA: COMESA (UNSDCode:98113);2017;43.25234985351563;UIS_EST;
SCHBSP.1.WELEC;ECA: COMESA (UNSDCode:98113);2018;43.30672073364258;UIS_EST;
SCHBSP.1.WELEC;ECA: COMESA (UNSDCode:98113);2019;43.45777893066406;UIS_EST;
SCHBSP.1.WELEC;ECA: COMESA (UNSDCode:98113);2020;43.39408111572266;UIS_EST;
SCHBSP.1.WELEC;ECA: COMESA (UNSDCode:98113);2021;42.93217849731445;UIS_EST;
SCHBSP.1.WELEC;ECA: COMESA (UNSDCode:98113);2022;42.10686874389648;UIS_EST;
SCHBSP.1.WELEC;ECA: COMESA (UNSDCode:98113);2023;42.81718826293945;UIS_EST;
SCHBSP.1.WELEC;ECA: COMESA (UNSDCode:98113);2024;43.11185073852539;UIS_EST;
SCHBSP.1.WELEC;ECA: Central Africa (UNSDCode:98101);2012;17.50745964050293;UIS_EST;
SCHBSP.1.WELEC;ECA: Central Africa (UNSDCode:98101);2013;17.3856201171875;UIS_EST;
SCHBSP.1.WELEC;ECA: Central Africa (UNSDCode:98101);2014;18.24905014038086;UIS_EST;
SCHBSP.1.WELEC;ECA: Central Africa (UNSDCode:98101);2015;19.14122009277344;UIS_EST;
SCHBSP.1.WELEC;ECA: Central Africa (UNSDCode:98101);2016;20.53231048583984;UIS_EST;
SCHBSP.1.WELEC;ECA: Central Africa (UNSDCode:98101);2017;19.93103981018066;;
SCHBSP.1.WELEC;ECA: Central Africa (UNSDCode:98101);2018;20.94771003723145;;
SCHBSP.1.WELEC;ECA: Central Africa (UNSDCode:98101);2019;21.72149085998535;UIS_EST;
SCHBSP.1.WELEC;ECA: Central Africa (UNSDCode:98101);2020;22.79973983764648;UIS_EST;
SCHBSP.1.WELEC;ECA: Central Africa (UNSDCode:98101);2021;23.87970924377441;;
SCHBSP.1.WELEC;ECA: Central Africa (UNSDCode:98101);2022;25.54976081848145;UIS_EST;
SCHBSP.1.WELEC;ECA: Central Africa (UNSDCode:98101);2023;25.6064395904541;UIS_EST;
SCHBSP.1.WELEC;ECA: EAC (UNSDCode:98114);2014;38.61111068725586;UIS_EST;
SCHBSP.1.WELEC;ECA: EAC (UNSDCode:98114);2015;40.51792907714844;UIS_EST;
SCHBSP.1.WELEC;ECA: EAC (UNSDCode:98114);2016;43.17972183227539;UIS_EST;
SCHBSP.1.WELEC;ECA: EAC (UNSDCode:98114);2017;41.59854125976563;UIS_EST;
SCHBSP.1.WELEC;ECA: EAC (UNSDCode:98114);2018;39.74697875976563;UIS_EST;
SCHBSP.1.WELEC;ECA: EAC (UNSDCode:98114);2019;37.43410110473633;UIS_EST;
SCHBSP.1.WELEC;ECA: EAC (UNSDCode:98114);2020;38.04330825805664;UIS_EST;
SCHBSP.1.WELEC;ECA: EAC (UNSDCode:98114);2021;37.33937835693359;UIS_EST;
SCHBSP.1.WELEC;ECA: EAC (UNSDCode:98114);2022;38.04343032836914;UIS_EST;
SCHBSP.1.WELEC;ECA: EAC (UNSDCode:98114);2023;38.1356315612793;UIS_EST;
SCHBSP.1.WELEC;ECA: EAC (UNSDCode:98114);2024;38.28239822387695;UIS_EST;
SCHBSP.1.WELEC;ECA: ECA: Oil LDCs (UNSDCode:98122);2014;19.26028060913086;UIS_EST;
SCHBSP.1.WELEC;ECA: ECA: Oil LDCs (UNSDCode:98122);2015;18.86953926086426;UIS_EST;
SCHBSP.1.WELEC;ECA: ECA: Oil LDCs (UNSDCode:98122);2016;18.99608039855957;UIS_EST;
SCHBSP.1.WELEC;ECA: ECA: Oil LDCs (UNSDCode:98122);2017;19.58304977416992;UIS_EST;
SCHBSP.1.WELEC;ECA: ECA: Oil LDCs (UNSDCode:98122);2018;19.72821998596191;UIS_EST;
SCHBSP.1.WELEC;ECA: ECA: Oil LDCs (UNSDCode:98122);2019;20.16216087341309;UIS_EST;
SCHBSP.1.WELEC;ECA: ECA: Oil LDCs (UNSDCode:98122);2020;20.44622039794922;UIS_EST;
SCHBSP.1.WELEC;ECA: ECA: Oil LDCs (UNSDCode:98122);2021;20.24206924438477;;
SCHBSP.1.WELEC;ECA: ECA: Oil LDCs (UNSDCode:98122);2022;19.80500984191895;UIS_EST;
SCHBSP.1.WELEC;ECA: ECA: Oil LDCs (UNSDCode:98122);2023;19.18339920043945;;
SCHBSP.1.WELEC;ECA: ECA: Oil LDCs (UNSDCode:98122);2024;19.22868919372559;UIS_EST;
SCHBSP.1.WELEC;ECA: ECCAS (UNSDCode:98107);2014;14.72949981689453;UIS_EST;
SCHBSP.1.WELEC;ECA: ECCAS (UNSDCode:98107);2015;14.93803977966309;UIS_EST;
SCHBSP.1.WELEC;ECA: ECCAS (UNSDCode:98107);2016;15.5582799911499;UIS_EST;
SCHBSP.1.WELEC;ECA: ECCAS (UNSDCode:98107);2017;15.94429016113281;UIS_EST;
SCHBSP.1.WELEC;ECA: ECCAS (UNSDCode:98107);2018;16.48377990722656;UIS_EST;
SCHBSP.1.WELEC;ECA: ECCAS (UNSDCode:98107);2019;16.87282943725586;UIS_EST;
SCHBSP.1.WELEC;ECA: ECCAS (UNSDCode:98107);2020;17.45861053466797;UIS_EST;
SCHBSP.1.WELEC;ECA: ECCAS (UNSDCode:98107);2021;17.6921501159668;;
SCHBSP.1.WELEC;ECA: ECCAS (UNSDCode:98107);2022;18.14580917358398;UIS_EST;
SCHBSP.1.WELEC;ECA: ECCAS (UNSDCode:98107);2023;17.73150062561035;;
SCHBSP.1.WELEC;ECA: ECCAS (UNSDCode:98107);2024;18.0347900390625;UIS_EST;
SCHBSP.1.WELEC;ECA: ECOWAS (UNSDCode:98108);2016;33.02737045288086;UIS_EST;
SCHBSP.1.WELEC;ECA: ECOWAS (UNSDCode:98108);2017;33.65652084350586;UIS_EST;
SCHBSP.1.WELEC;ECA: ECOWAS (UNSDCode:98108);2018;33.98683929443359;UIS_EST;
SCHBSP.1.WELEC;ECA: ECOWAS (UNSDCode:98108);2019;34.56164169311523;UIS_EST;
SCHBSP.1.WELEC;ECA: ECOWAS (UNSDCode:98108);2020;36.13859939575195;UIS_EST;
SCHBSP.1.WELEC;ECA: ECOWAS (UNSDCode:98108);2021;35.63528823852539;UIS_EST;
SCHBSP.1.WELEC;ECA: ECOWAS (UNSDCode:98108);2022;37.63962936401367;UIS_EST;
SCHBSP.1.WELEC;ECA: ECOWAS (UNSDCode:98108);2023;38.51647186279297;UIS_EST;
SCHBSP.1.WELEC;ECA: East Africa (UNSDCode:98102);2014;32.26292037963867;UIS_EST;
SCHBSP.1.WELEC;ECA: East Africa (UNSDCode:98102);2015;33.63420867919922;UIS_EST;
SCHBSP.1.WELEC;ECA: East Africa (UNSDCode:98102);2016;35.41329956054688;UIS_EST;
SCHBSP.1.WELEC;ECA: East Africa (UNSDCode:98102);2017;34.30495071411133;UIS_EST;
SCHBSP.1.WELEC;ECA: East Africa (UNSDCode:98102);2018;32.90647888183594;UIS_EST;
SCHBSP.1.WELEC;ECA: East Africa (UNSDCode:98102);2019;31.39007949829102;UIS_EST;
SCHBSP.1.WELEC;ECA: East Africa (UNSDCode:98102);2020;31.95199966430664;UIS_EST;
SCHBSP.1.WELEC;ECA: East Africa (UNSDCode:98102);2021;31.9788703918457;UIS_EST;
SCHBSP.1.WELEC;ECA: East Africa (UNSDCode:98102);2022;32.587890625;UIS_EST;
SCHBSP.1.WELEC;ECA: East Africa (UNSDCode:98102);2023;32.82056045532227;UIS_EST;
SCHBSP.1.WELEC;ECA: East Africa (UNSDCode:98102);2024;32.99325942993164;UIS_EST;
SCHBSP.1.WELEC;ECA: IGAD (UNSDCode:98109);2015;50.35031890869141;UIS_EST;
SCHBSP.1.WELEC;ECA: IGAD (UNSDCode:98109);2016;50.43436813354492;UIS_EST;
SCHBSP.1.WELEC;ECA: IGAD (UNSDCode:98109);2017;50.12226867675781;UIS_EST;
SCHBSP.1.WELEC;ECA: Island economies (UNSDCode:98115);2015;11.06149005889893;UIS_EST;
SCHBSP.1.WELEC;ECA: Island economies (UNSDCode:98115);2016;11.01873970031738;;
SCHBSP.1.WELEC;ECA: Island economies (UNSDCode:98115);2017;11.43669986724854;;
SCHBSP.1.WELEC;ECA: Island economies (UNSDCode:98115);2018;10.83356952667236;;
SCHBSP.1.WELEC;ECA: Island economies (UNSDCode:98115);2019;10.81723976135254;;
SCHBSP.1.WELEC;ECA: Island economies (UNSDCode:98115);2020;11.45184993743896;UIS_EST;
SCHBSP.1.WELEC;ECA: Island economies (UNSDCode:98115);2021;12.15874004364014;UIS_EST;
SCHBSP.1.WELEC;ECA: Island economies (UNSDCode:98115);2022;12.84541988372803;UIS_EST;
SCHBSP.1.WELEC;ECA: Island economies (UNSDCode:98115);2023;13.51669979095459;UIS_EST;
SCHBSP.1.WELEC;ECA: Island economies (UNSDCode:98115);2024;14.22420024871826;;
SCHBSP.1.WELEC;ECA: Land-locked LDCs (UNSDCode:98117);2015;22.02934074401855;UIS_EST;
SCHBSP.1.WELEC;ECA: Land-locked LDCs (UNSDCode:98117);2016;22.29961967468262;UIS_EST;
SCHBSP.1.WELEC;ECA: Land-locked LDCs (UNSDCode:98117);2017;23.33416938781738;UIS_EST;
SCHBSP.1.WELEC;ECA: Land-locked LDCs (UNSDCode:98117);2018;23.81316947937012;UIS_EST;
SCHBSP.1.WELEC;ECA: Land-locked LDCs (UNSDCode:98117);2019;24.60312080383301;UIS_EST;
SCHBSP.1.WELEC;ECA: Land-locked LDCs (UNSDCode:98117);2020;25.76189994812012;UIS_EST;
SCHBSP.1.WELEC;ECA: Land-locked LDCs (UNSDCode:98117);2021;27.02717971801758;UIS_EST;
SCHBSP.1.WELEC;ECA: Land-locked LDCs (UNSDCode:98117);2022;28.19562911987305;UIS_EST;
SCHBSP.1.WELEC;ECA: Land-locked LDCs (UNSDCode:98117);2023;28.71299934387207;UIS_EST;
SCHBSP.1.WELEC;ECA: Land-locked LDCs (UNSDCode:98117);2024;28.95002937316895;UIS_EST;
SCHBSP.1.WELEC;ECA: Land-locked countries (UNSDCode:98116);2015;23.70480918884277;UIS_EST;
SCHBSP.1.WELEC;ECA: Land-locked countries (UNSDCode:98116);2016;24.08593940734863;UIS_EST;
SCHBSP.1.WELEC;ECA: Land-locked countries (UNSDCode:98116);2017;24.77169990539551;UIS_EST;
SCHBSP.1.WELEC;ECA: Land-locked countries (UNSDCode:98116);2018;25.49245071411133;UIS_EST;
SCHBSP.1.WELEC;ECA: Land-locked countries (UNSDCode:98116);2019;26.4815502166748;UIS_EST;
SCHBSP.1.WELEC;ECA: Land-locked countries (UNSDCode:98116);2020;27.57188034057617;UIS_EST;
SCHBSP.1.WELEC;ECA: Land-locked countries (UNSDCode:98116);2021;28.96347045898438;UIS_EST;
SCHBSP.1.WELEC;ECA: Land-locked countries (UNSDCode:98116);2022;30.54991912841797;UIS_EST;
SCHBSP.1.WELEC;ECA: Land-locked countries (UNSDCode:98116);2023;31.30654907226563;UIS_EST;
SCHBSP.1.WELEC;ECA: Land-locked countries (UNSDCode:98116);2024;31.50731086730957;UIS_EST;
SCHBSP.1.WELEC;ECA: Least developed countries (UNSDCode:98118);2015;23.73065948486328;UIS_EST;
SCHBSP.1.WELEC;ECA: Least developed countries (UNSDCode:98118);2016;24.81549072265625;UIS_EST;
SCHBSP.1.WELEC;ECA: Least developed countries (UNSDCode:98118);2017;24.65232086181641;UIS_EST;
SCHBSP.1.WELEC;ECA: Least developed countries (UNSDCode:98118);2018;24.31530952453613;UIS_EST;
SCHBSP.1.WELEC;ECA: Least developed countries (UNSDCode:98118);2019;24.19845008850098;UIS_EST;
SCHBSP.1.WELEC;ECA: Least developed countries (UNSDCode:98118);2020;25.2855396270752;UIS_EST;
SCHBSP.1.WELEC;ECA: Least developed countries (UNSDCode:98118);2021;25.89937019348145;UIS_EST;
SCHBSP.1.WELEC;ECA: Least developed countries (UNSDCode:98118);2022;26.71500968933105;UIS_EST;
SCHBSP.1.WELEC;ECA: Least developed countries (UNSDCode:98118);2023;27.29887962341309;UIS_EST;
SCHBSP.1.WELEC;ECA: Least developed countries (UNSDCode:98118);2024;27.61704063415527;UIS_EST;
SCHBSP.1.WELEC;ECA: Mineral-rich countries (UNSDCode:98119);2014;31.29195976257324;UIS_EST;
SCHBSP.1.WELEC;ECA: Mineral-rich countries (UNSDCode:98119);2015;32.12073135375977;UIS_EST;
SCHBSP.1.WELEC;ECA: Mineral-rich countries (UNSDCode:98119);2016;33.32566070556641;UIS_EST;
SCHBSP.1.WELEC;ECA: Mineral-rich countries (UNSDCode:98119);2017;33.0355110168457;UIS_EST;
SCHBSP.1.WELEC;ECA: Mineral-rich countries (UNSDCode:98119);2018;32.27658081054688;UIS_EST;
SCHBSP.1.WELEC;ECA: Mineral-rich countries (UNSDCode:98119);2019;31.54143905639648;UIS_EST;
SCHBSP.1.WELEC;ECA: Mineral-rich countries (UNSDCode:98119);2020;32.07826995849609;UIS_EST;
SCHBSP.1.WELEC;ECA: Mineral-rich countries (UNSDCode:98119);2021;31.4671802520752;UIS_EST;
SCHBSP.1.WELEC;ECA: Mineral-rich countries (UNSDCode:98119);2022;32.49637985229492;UIS_EST;
SCHBSP.1.WELEC;ECA: Mineral-rich countries (UNSDCode:98119);2023;33.10493087768555;UIS_EST;
SCHBSP.1.WELEC;ECA: Mineral-rich countries (UNSDCode:98119);2024;33.436279296875;UIS_EST;
SCHBSP.1.WELEC;ECA: Non-Oil LDCs (UNSDCode:98120);2015;26.41764068603516;UIS_EST;
SCHBSP.1.WELEC;ECA: Non-Oil LDCs (UNSDCode:98120);2016;27.95937919616699;UIS_EST;
SCHBSP.1.WELEC;ECA: Non-Oil LDCs (UNSDCode:98120);2017;27.41350936889648;UIS_EST;
SCHBSP.1.WELEC;ECA: Non-Oil LDCs (UNSDCode:98120);2018;26.78388023376465;UIS_EST;
SCHBSP.1.WELEC;ECA: Non-Oil LDCs (UNSDCode:98120);2019;26.42848968505859;UIS_EST;
SCHBSP.1.WELEC;ECA: Non-Oil LDCs (UNSDCode:98120);2020;27.99271965026855;UIS_EST;
SCHBSP.1.WELEC;ECA: Non-Oil LDCs (UNSDCode:98120);2021;29.33942985534668;UIS_EST;
SCHBSP.1.WELEC;ECA: Non-Oil LDCs (UNSDCode:98120);2022;31.01621055603027;UIS_EST;
SCHBSP.1.WELEC;ECA: Non-Oil LDCs (UNSDCode:98120);2023;32.4858283996582;UIS_EST;
SCHBSP.1.WELEC;ECA: Non-Oil LDCs (UNSDCode:98120);2024;32.93864822387695;UIS_EST;
SCHBSP.1.WELEC;ECA: Non-Oil Producing (UNSDCode:98121);2015;36.86857986450195;UIS_EST;
SCHBSP.1.WELEC;ECA: Non-Oil Producing (UNSDCode:98121);2016;38.14112091064453;UIS_EST;
SCHBSP.1.WELEC;ECA: Non-Oil Producing (UNSDCode:98121);2017;37.51449966430664;UIS_EST;
SCHBSP.1.WELEC;ECA: Non-Oil Producing (UNSDCode:98121);2018;37.10356140136719;UIS_EST;
SCHBSP.1.WELEC;ECA: Non-Oil Producing (UNSDCode:98121);2019;36.91287994384766;UIS_EST;
SCHBSP.1.WELEC;ECA: Non-Oil Producing (UNSDCode:98121);2020;38.15427017211914;UIS_EST;
SCHBSP.1.WELEC;ECA: Non-Oil Producing (UNSDCode:98121);2021;39.43170928955078;UIS_EST;
SCHBSP.1.WELEC;ECA: Non-Oil Producing (UNSDCode:98121);2022;41.17815017700195;UIS_EST;
SCHBSP.1.WELEC;ECA: Non-Oil Producing (UNSDCode:98121);2023;42.52923965454102;UIS_EST;
SCHBSP.1.WELEC;ECA: Non-Oil Producing (UNSDCode:98121);2024;42.86243057250977;UIS_EST;
SCHBSP.1.WELEC;ECA: North Africa (UNSDCode:98103);2015;85.580322265625;UIS_EST;
SCHBSP.1.WELEC;ECA: North Africa (UNSDCode:98103);2016;85.93855285644531;;
SCHBSP.1.WELEC;ECA: North Africa (UNSDCode:98103);2017;85.76847076416016;UIS_EST;
SCHBSP.1.WELEC;ECA: North Africa (UNSDCode:98103);2019;86.49140167236328;UIS_EST;
SCHBSP.1.WELEC;ECA: North Africa (UNSDCode:98103);2020;86.23670196533203;UIS_EST;
SCHBSP.1.WELEC;ECA: North Africa (UNSDCode:98103);2021;86.48786163330078;UIS_EST;
SCHBSP.1.WELEC;ECA: North Africa (UNSDCode:98103);2022;86.28634643554688;UIS_EST;
SCHBSP.1.WELEC;ECA: North Africa (UNSDCode:98103);2023;87.13166046142578;UIS_EST;
SCHBSP.1.WELEC;ECA: North Africa (UNSDCode:98103);2024;87.01953887939453;UIS_EST;
SCHBSP.1.WELEC;ECA: Oil producing economies (UNSDCode:98123);2015;42.51016998291016;UIS_EST;
SCHBSP.1.WELEC;ECA: Oil producing economies (UNSDCode:98123);2016;43.12342071533203;UIS_EST;
SCHBSP.1.WELEC;ECA: Oil producing economies (UNSDCode:98123);2017;43.31710815429688;UIS_EST;
SCHBSP.1.WELEC;ECA: Oil producing economies (UNSDCode:98123);2018;43.40356826782227;UIS_EST;
SCHBSP.1.WELEC;ECA: Oil producing economies (UNSDCode:98123);2019;43.46089935302734;UIS_EST;
SCHBSP.1.WELEC;ECA: Oil producing economies (UNSDCode:98123);2020;44.01897811889648;UIS_EST;
SCHBSP.1.WELEC;ECA: Oil producing economies (UNSDCode:98123);2021;42.66933059692383;UIS_EST;
SCHBSP.1.WELEC;ECA: Oil producing economies (UNSDCode:98123);2022;42.95973968505859;UIS_EST;
SCHBSP.1.WELEC;ECA: Oil producing economies (UNSDCode:98123);2023;43.45787811279297;UIS_EST;
SCHBSP.1.WELEC;ECA: Oil producing economies (UNSDCode:98123);2024;43.68994140625;UIS_EST;
SCHBSP.1.WELEC;ECA: SADC (UNSDCode:98110);2014;24.1213207244873;UIS_EST;
SCHBSP.1.WELEC;ECA: SADC (UNSDCode:98110);2015;25.65798950195313;UIS_EST;
SCHBSP.1.WELEC;ECA: SADC (UNSDCode:98110);2016;27.80937004089355;UIS_EST;
SCHBSP.1.WELEC;ECA: SADC (UNSDCode:98110);2017;26.28647994995117;UIS_EST;
SCHBSP.1.WELEC;ECA: SADC (UNSDCode:98110);2018;25.23587989807129;UIS_EST;
SCHBSP.1.WELEC;ECA: SADC (UNSDCode:98110);2019;23.85828971862793;UIS_EST;
SCHBSP.1.WELEC;ECA: SADC (UNSDCode:98110);2020;25.02178001403809;UIS_EST;
SCHBSP.1.WELEC;ECA: SADC (UNSDCode:98110);2021;25.29401969909668;UIS_EST;
SCHBSP.1.WELEC;ECA: SADC (UNSDCode:98110);2022;26.36923027038574;UIS_EST;
SCHBSP.1.WELEC;ECA: SADC (UNSDCode:98110);2023;27.14644050598145;UIS_EST;
SCHBSP.1.WELEC;ECA: SADC (UNSDCode:98110);2024;27.50703048706055;UIS_EST;
SCHBSP.1.WELEC;ECA: Sahel (UNSDCode:98124);2016;28.79071998596191;UIS_EST;
SCHBSP.1.WELEC;ECA: Sahel (UNSDCode:98124);2017;29.18840026855469;UIS_EST;
SCHBSP.1.WELEC;ECA: Sahel (UNSDCode:98124);2018;29.93371963500977;UIS_EST;
SCHBSP.1.WELEC;ECA: Sahel (UNSDCode:98124);2019;30.58370018005371;UIS_EST;
SCHBSP.1.WELEC;ECA: Sahel (UNSDCode:98124);2020;31.69684028625488;UIS_EST;
SCHBSP.1.WELEC;ECA: Sahel (UNSDCode:98124);2021;32.65515899658203;UIS_EST;
SCHBSP.1.WELEC;ECA: Sahel (UNSDCode:98124);2022;34.50823974609375;UIS_EST;
SCHBSP.1.WELEC;ECA: Sahel (UNSDCode:98124);2023;35.13307189941406;UIS_EST;
SCHBSP.1.WELEC;ECA: Small Island states (UNSDCode:98125);2015;68.65582275390625;UIS_EST;
SCHBSP.1.WELEC;ECA: Small Island states (UNSDCode:98125);2016;68.08238220214844;UIS_EST;
SCHBSP.1.WELEC;ECA: Small Island states (UNSDCode:98125);2017;69.02718353271484;;
SCHBSP.1.WELEC;ECA: Small Island states (UNSDCode:98125);2018;69.84326171875;UIS_EST;
SCHBSP.1.WELEC;ECA: Small Island states (UNSDCode:98125);2019;72.03221130371094;UIS_EST;
SCHBSP.1.WELEC;ECA: Small Island states (UNSDCode:98125);2020;71.80960083007812;UIS_EST;
SCHBSP.1.WELEC;ECA: Small Island states (UNSDCode:98125);2021;72.89498901367188;UIS_EST;
SCHBSP.1.WELEC;ECA: Small Island states (UNSDCode:98125);2022;73.31471252441406;UIS_EST;
SCHBSP.1.WELEC;ECA: Small Island states (UNSDCode:98125);2023;73.35318756103516;UIS_EST;
SCHBSP.1.WELEC;ECA: Southern Africa (UNSDCode:98104);2015;35.47100830078125;UIS_EST;
SCHBSP.1.WELEC;ECA: Southern Africa (UNSDCode:98104);2016;36.12548065185547;UIS_EST;
SCHBSP.1.WELEC;ECA: Southern Africa (UNSDCode:98104);2017;36.15335845947266;UIS_EST;
SCHBSP.1.WELEC;ECA: Southern Africa (UNSDCode:98104);2018;37.50236892700195;UIS_EST;
SCHBSP.1.WELEC;ECA: Southern Africa (UNSDCode:98104);2019;38.75679016113281;UIS_EST;
SCHBSP.1.WELEC;ECA: Sub-Saharan Africa (UNSDCode:98126);2015;33.12865829467773;UIS_EST;
SCHBSP.1.WELEC;ECA: Sub-Saharan Africa (UNSDCode:98126);2016;34.08329010009766;UIS_EST;
SCHBSP.1.WELEC;ECA: Sub-Saharan Africa (UNSDCode:98126);2017;33.93743133544922;UIS_EST;
SCHBSP.1.WELEC;ECA: Sub-Saharan Africa (UNSDCode:98126);2018;33.80139923095703;UIS_EST;
SCHBSP.1.WELEC;ECA: Sub-Saharan Africa (UNSDCode:98126);2019;33.68819046020508;UIS_EST;
SCHBSP.1.WELEC;ECA: Sub-Saharan Africa (UNSDCode:98126);2020;34.72003936767578;UIS_EST;
SCHBSP.1.WELEC;ECA: Sub-Saharan Africa (UNSDCode:98126);2021;34.64736938476563;UIS_EST;
SCHBSP.1.WELEC;ECA: Sub-Saharan Africa (UNSDCode:98126);2022;36.04534149169922;UIS_EST;
SCHBSP.1.WELEC;ECA: Sub-Saharan Africa (UNSDCode:98126);2023;36.61125946044922;UIS_EST;
SCHBSP.1.WELEC;ECA: Sub-Saharan Africa (UNSDCode:98126);2024;36.85335159301758;UIS_EST;
SCHBSP.1.WELEC;ECA: West Africa (UNSDCode:98105);2016;33.02737045288086;UIS_EST;
SCHBSP.1.WELEC;ECA: West Africa (UNSDCode:98105);2017;33.65652084350586;UIS_EST;
SCHBSP.1.WELEC;ECA: West Africa (UNSDCode:98105);2018;33.98683929443359;UIS_EST;
SCHBSP.1.WELEC;ECA: West Africa (UNSDCode:98105);2019;34.56164169311523;UIS_EST;
SCHBSP.1.WELEC;ECA: West Africa (UNSDCode:98105);2020;36.13859939575195;UIS_EST;
SCHBSP.1.WELEC;ECA: West Africa (UNSDCode:98105);2021;35.63528823852539;UIS_EST;
SCHBSP.1.WELEC;ECA: West Africa (UNSDCode:98105);2022;37.63962936401367;UIS_EST;
SCHBSP.1.WELEC;ECA: West Africa (UNSDCode:98105);2023;38.51647186279297;UIS_EST;
SCHBSP.1.WELEC;ECE: All countries (UNSDCode:98200);2011;99.94947052001953;UIS_EST;
SCHBSP.1.WELEC;ECE: All countries (UNSDCode:98200);2012;99.94979858398438;UIS_EST;
SCHBSP.1.WELEC;ECE: All countries (UNSDCode:98200);2013;99.94943237304688;UIS_EST;
SCHBSP.1.WELEC;ECE: All countries (UNSDCode:98200);2014;99.9489517211914;UIS_EST;
SCHBSP.1.WELEC;ECE: All countries (UNSDCode:98200);2015;99.94853973388672;;
SCHBSP.1.WELEC;ECE: All countries (UNSDCode:98200);2016;99.9480209350586;UIS_EST;
SCHBSP.1.WELEC;ECE: All countries (UNSDCode:98200);2017;99.89881896972656;UIS_EST;
SCHBSP.1.WELEC;ECE: All countries (UNSDCode:98200);2018;99.81114196777344;UIS_EST;
SCHBSP.1.WELEC;ECE: All countries (UNSDCode:98200);2019;99.71154022216797;;
SCHBSP.1.WELEC;ECE: All countries (UNSDCode:98200);2020;99.73113250732422;UIS_EST;
SCHBSP.1.WELEC;ECE: All countries (UNSDCode:98200);2021;99.72994995117188;UIS_EST;
SCHBSP.1.WELEC;ECE: All countries (UNSDCode:98200);2022;99.72630310058594;UIS_EST;
SCHBSP.1.WELEC;ECE: CIS (CWG) (UNSDCode:98201);2016;99.95671844482422;UIS_EST;
SCHBSP.1.WELEC;ECE: CIS (CWG) (UNSDCode:98201);2017;99.93003845214844;;
SCHBSP.1.WELEC;ECE: CIS (CWG) (UNSDCode:98201);2018;99.90985107421875;;
SCHBSP.1.WELEC;ECE: CIS (CWG) (UNSDCode:98201);2019;99.9140625;;
SCHBSP.1.WELEC;ECE: CIS (CWG) (UNSDCode:98201);2020;99.93746948242188;;
SCHBSP.1.WELEC;ECE: CIS (CWG) (UNSDCode:98201);2021;99.9374771118164;UIS_EST;
SCHBSP.1.WELEC;ECE: CIS (CWG) (UNSDCode:98201);2022;99.92208099365234;UIS_EST;
SCHBSP.1.WELEC;ECE: CIS (CWG) (UNSDCode:98201);2023;99.91065979003906;UIS_EST;
SCHBSP.1.WELEC;ECE: CIS (CWG) (UNSDCode:98201);2024;99.92453002929688;UIS_EST;
SCHBSP.1.WELEC;ECE: Eastern Europe, Caucasus and Central Asia (CIS) (UNSDCode:98202);2015;99.9604263305664;UIS_EST;
SCHBSP.1.WELEC;ECE: Eastern Europe, Caucasus and Central Asia (CIS) (UNSDCode:98202);2016;99.9591064453125;UIS_EST;
SCHBSP.1.WELEC;ECE: Eastern Europe, Caucasus and Central Asia (CIS) (UNSDCode:98202);2017;99.9194564819336;;
SCHBSP.1.WELEC;ECE: Eastern Europe, Caucasus and Central Asia (CIS) (UNSDCode:98202);2018;99.91490173339844;;
SCHBSP.1.WELEC;ECE: Eastern Europe, Caucasus and Central Asia (CIS) (UNSDCode:98202);2019;99.91879272460938;;
SCHBSP.1.WELEC;ECE: Eastern Europe, Caucasus and Central Asia (CIS) (UNSDCode:98202);2020;99.94091796875;;
SCHBSP.1.WELEC;ECE: Eastern Europe, Caucasus and Central Asia (CIS) (UNSDCode:98202);2021;99.94091796875;UIS_EST;
SCHBSP.1.WELEC;ECE: Eastern Europe, Caucasus and Central Asia (CIS) (UNSDCode:98202);2022;99.92633819580078;UIS_EST;
SCHBSP.1.WELEC;ECE: Eastern Europe, Caucasus and Central Asia (CIS) (UNSDCode:98202);2023;99.91548919677734;UIS_EST;
SCHBSP.1.WELEC;ECE: Eastern Europe, Caucasus and Central Asia (CIS) (UNSDCode:98202);2024;99.9285888671875;UIS_EST;
SCHBSP.1.WELEC;ECE: Eurasian Economic Union (EAEU) (UNSDCode:98206);2016;99.90017700195312;UIS_EST;
SCHBSP.1.WELEC;ECE: Eurasian Economic Union (EAEU) (UNSDCode:98206);2017;99.8442611694336;;
SCHBSP.1.WELEC;ECE: Eurasian Economic Union (EAEU) (UNSDCode:98206);2018;99.79022979736328;;
SCHBSP.1.WELEC;ECE: Eurasian Economic Union (EAEU) (UNSDCode:98206);2019;99.80713653564453;;
SCHBSP.1.WELEC;ECE: Eurasian Economic Union (EAEU) (UNSDCode:98206);2020;99.85691833496094;;
SCHBSP.1.WELEC;ECE: Eurasian Economic Union (EAEU) (UNSDCode:98206);2021;99.8572998046875;UIS_EST;
SCHBSP.1.WELEC;ECE: Euro area (E25) (UNSDCode:98204);2001;100;;
SCHBSP.1.WELEC;ECE: Euro area (E25) (UNSDCode:98204);2002;100;;
SCHBSP.1.WELEC;ECE: Euro area (E25) (UNSDCode:98204);2003;100;;
SCHBSP.1.WELEC;ECE: Euro area (E25) (UNSDCode:98204);2004;100;;
SCHBSP.1.WELEC;ECE: Euro area (E25) (UNSDCode:98204);2005;100;;
SCHBSP.1.WELEC;ECE: Euro area (E25) (UNSDCode:98204);2007;100;;
SCHBSP.1.WELEC;ECE: Euro area (E25) (UNSDCode:98204);2009;100;;
SCHBSP.1.WELEC;ECE: Euro area (E25) (UNSDCode:98204);2013;100;;
SCHBSP.1.WELEC;ECE: Euro area (E25) (UNSDCode:98204);2014;100;;
SCHBSP.1.WELEC;ECE: Euro area (E25) (UNSDCode:98204);2015;100;;
SCHBSP.1.WELEC;ECE: Euro area (E25) (UNSDCode:98204);2018;100;;
SCHBSP.1.WELEC;ECE: Euro area (E25) (UNSDCode:98204);2019;100;;
SCHBSP.1.WELEC;ECE: Euro area (E25) (UNSDCode:98204);2020;100;;
SCHBSP.1.WELEC;ECE: Euro area (E25) (UNSDCode:98204);2022;100;UIS_EST;
SCHBSP.1.WELEC;ECE: Euro area (E25) (UNSDCode:98204);2023;100;UIS_EST;
SCHBSP.1.WELEC;ECE: European Union (EMU) (UNSDCode:98203);2000;99.97164154052734;UIS_EST;
SCHBSP.1.WELEC;ECE: European Union (EMU) (UNSDCode:98203);2001;99.97161102294922;;
SCHBSP.1.WELEC;ECE: European Union (EMU) (UNSDCode:98203);2002;99.97157287597656;;
SCHBSP.1.WELEC;ECE: European Union (EMU) (UNSDCode:98203);2003;99.97148132324219;;
SCHBSP.1.WELEC;ECE: European Union (EMU) (UNSDCode:98203);2004;99.9714126586914;;
SCHBSP.1.WELEC;ECE: European Union (EMU) (UNSDCode:98203);2005;99.9713363647461;;
SCHBSP.1.WELEC;ECE: European Union (EMU) (UNSDCode:98203);2006;99.9712905883789;;
SCHBSP.1.WELEC;ECE: European Union (EMU) (UNSDCode:98203);2007;99.97109985351562;;
SCHBSP.1.WELEC;ECE: European Union (EMU) (UNSDCode:98203);2008;99.97106170654297;;
SCHBSP.1.WELEC;ECE: European Union (EMU) (UNSDCode:98203);2009;99.9710922241211;;
SCHBSP.1.WELEC;ECE: European Union (EMU) (UNSDCode:98203);2010;99.97115325927734;;
SCHBSP.1.WELEC;ECE: European Union (EMU) (UNSDCode:98203);2011;99.97173309326172;;
SCHBSP.1.WELEC;ECE: European Union (EMU) (UNSDCode:98203);2012;99.97244262695312;;
SCHBSP.1.WELEC;ECE: European Union (EMU) (UNSDCode:98203);2013;99.9737319946289;;
SCHBSP.1.WELEC;ECE: European Union (EMU) (UNSDCode:98203);2014;99.97444915771484;;
SCHBSP.1.WELEC;ECE: European Union (EMU) (UNSDCode:98203);2015;99.97531127929688;;
SCHBSP.1.WELEC;ECE: European Union (EMU) (UNSDCode:98203);2016;99.9761962890625;;
SCHBSP.1.WELEC;ECE: European Union (EMU) (UNSDCode:98203);2017;99.8823471069336;;
SCHBSP.1.WELEC;ECE: European Union (EMU) (UNSDCode:98203);2018;99.69802856445312;;
SCHBSP.1.WELEC;ECE: European Union (EMU) (UNSDCode:98203);2019;99.44402313232422;;
SCHBSP.1.WELEC;ECE: European Union (EMU) (UNSDCode:98203);2020;99.43846893310547;;
SCHBSP.1.WELEC;ECE: European Union (EMU) (UNSDCode:98203);2021;99.44013214111328;;
SCHBSP.1.WELEC;ECE: European Union (EMU) (UNSDCode:98203);2022;99.4331283569336;UIS_EST;
SCHBSP.1.WELEC;ECE: European Union (EMU) (UNSDCode:98203);2023;99.43138122558594;UIS_EST;
SCHBSP.1.WELEC;ECLAC: All countries (UNSDCode:98300);2009;85.03507995605469;UIS_EST;
SCHBSP.1.WELEC;ECLAC: All countries (UNSDCode:98300);2010;85.01847839355469;UIS_EST;
SCHBSP.1.WELEC;ECLAC: All countries (UNSDCode:98300);2011;85.44046783447266;UIS_EST;
SCHBSP.1.WELEC;ECLAC: All countries (UNSDCode:98300);2012;85.9476089477539;UIS_EST;
SCHBSP.1.WELEC;ECLAC: All countries (UNSDCode:98300);2013;86.48651123046875;UIS_EST;
SCHBSP.1.WELEC;ECLAC: All countries (UNSDCode:98300);2014;87.03076171875;UIS_EST;
SCHBSP.1.WELEC;ECLAC: All countries (UNSDCode:98300);2015;87.58348846435547;UIS_EST;
SCHBSP.1.WELEC;ECLAC: All countries (UNSDCode:98300);2016;88.15998077392578;UIS_EST;
SCHBSP.1.WELEC;ECLAC: All countries (UNSDCode:98300);2017;88.08216094970703;UIS_EST;
SCHBSP.1.WELEC;ECLAC: All countries (UNSDCode:98300);2018;87.831298828125;UIS_EST;
SCHBSP.1.WELEC;ECLAC: All countries (UNSDCode:98300);2019;88.13397979736328;UIS_EST;
SCHBSP.1.WELEC;ECLAC: All countries (UNSDCode:98300);2020;87.3372573852539;UIS_EST;
SCHBSP.1.WELEC;ECLAC: All countries (UNSDCode:98300);2021;86.69519805908203;UIS_EST;
SCHBSP.1.WELEC;ECLAC: All countries (UNSDCode:98300);2022;86.75988006591797;UIS_EST;
SCHBSP.1.WELEC;ECLAC: All countries (UNSDCode:98300);2023;88.53257751464844;UIS_EST;
SCHBSP.1.WELEC;ECLAC: Carribean (UNSDCode:98301);2009;80.8992691040039;UIS_EST;
SCHBSP.1.WELEC;ECLAC: Carribean (UNSDCode:98301);2010;80.52619934082031;UIS_EST;
SCHBSP.1.WELEC;ECLAC: Carribean (UNSDCode:98301);2011;79.74797058105469;UIS_EST;
SCHBSP.1.WELEC;ECLAC: Carribean (UNSDCode:98301);2022;83.37403106689453;UIS_EST;
SCHBSP.1.WELEC;ECLAC: Carribean (UNSDCode:98301);2023;83.93955993652344;;
SCHBSP.1.WELEC;ECLAC: Carribean (UNSDCode:98301);2024;83.92220306396484;UIS_EST;
SCHBSP.1.WELEC;ECLAC: Latin America (UNSDCode:98302);2009;85.07447052001953;UIS_EST;
SCHBSP.1.WELEC;ECLAC: Latin America (UNSDCode:98302);2010;85.06228637695312;UIS_EST;
SCHBSP.1.WELEC;ECLAC: Latin America (UNSDCode:98302);2011;85.49636840820312;UIS_EST;
SCHBSP.1.WELEC;ECLAC: Latin America (UNSDCode:98302);2012;86.01497650146484;UIS_EST;
SCHBSP.1.WELEC;ECLAC: Latin America (UNSDCode:98302);2013;86.55786895751953;UIS_EST;
SCHBSP.1.WELEC;ECLAC: Latin America (UNSDCode:98302);2014;87.10601043701172;UIS_EST;
SCHBSP.1.WELEC;ECLAC: Latin America (UNSDCode:98302);2015;87.66259765625;UIS_EST;
SCHBSP.1.WELEC;ECLAC: Latin America (UNSDCode:98302);2016;88.24315643310547;UIS_EST;
SCHBSP.1.WELEC;ECLAC: Latin America (UNSDCode:98302);2017;88.1601333618164;UIS_EST;
SCHBSP.1.WELEC;ECLAC: Latin America (UNSDCode:98302);2018;87.8919906616211;UIS_EST;
SCHBSP.1.WELEC;ECLAC: Latin America (UNSDCode:98302);2019;88.19322967529297;UIS_EST;
SCHBSP.1.WELEC;ECLAC: Latin America (UNSDCode:98302);2020;87.38729095458984;UIS_EST;
SCHBSP.1.WELEC;ECLAC: Latin America (UNSDCode:98302);2021;86.73066711425781;UIS_EST;
SCHBSP.1.WELEC;ECLAC: Latin America (UNSDCode:98302);2022;86.79247283935547;UIS_EST;
SCHBSP.1.WELEC;ECLAC: Latin America (UNSDCode:98302);2023;88.57427978515625;UIS_EST;
SCHBSP.1.WELEC;ECU;2009;79.2668685913086;;
SCHBSP.1.WELEC;ECU;2013;98.81905364990234;UIS_EST;
SCHBSP.1.WELEC;ECU;2016;75.29169526424158;;
SCHBSP.1.WELEC;ECU;2017;77.51324620275521;;
SCHBSP.1.WELEC;ECU;2018;78.8906991570447;;
SCHBSP.1.WELEC;ECU;2019;77.06774951912801;;
SCHBSP.1.WELEC;ECU;2020;79.10064239828694;;
SCHBSP.1.WELEC;ECU;2021;79.89657859318552;;
SCHBSP.1.WELEC;ECU;2022;80.49943084803643;;
SCHBSP.1.WELEC;ECU;2023;83.9072332602701;;
SCHBSP.1.WELEC;ECU;2024;93.20031132809736;;
SCHBSP.1.WELEC;EGY;2010;100;;
SCHBSP.1.WELEC;EGY;2016;100;;
SCHBSP.1.WELEC;ERI;2017;29.17526054382324;;
SCHBSP.1.WELEC;ERI;2018;28.67275047302246;;
SCHBSP.1.WELEC;ERI;2022;28.62594985961914;;
SCHBSP.1.WELEC;ESCAP: ASEAN (ASEAN) (UNSDCode:98406);2011;77.59002685546875;UIS_EST;
SCHBSP.1.WELEC;ESCAP: ASEAN (ASEAN) (UNSDCode:98406);2012;78.20716094970703;UIS_EST;
SCHBSP.1.WELEC;ESCAP: ASEAN (ASEAN) (UNSDCode:98406);2013;79.35423278808594;UIS_EST;
SCHBSP.1.WELEC;ESCAP: ASEAN (ASEAN) (UNSDCode:98406);2014;80.5498275756836;UIS_EST;
SCHBSP.1.WELEC;ESCAP: ASEAN (ASEAN) (UNSDCode:98406);2015;81.78983306884766;UIS_EST;
SCHBSP.1.WELEC;ESCAP: ASEAN (ASEAN) (UNSDCode:98406);2016;83.08724975585938;;
SCHBSP.1.WELEC;ESCAP: ASEAN (ASEAN) (UNSDCode:98406);2017;85.26545715332031;;
SCHBSP.1.WELEC;ESCAP: ASEAN (ASEAN) (UNSDCode:98406);2018;85.88887786865234;;
SCHBSP.1.WELEC;ESCAP: ASEAN (ASEAN) (UNSDCode:98406);2019;86.69487762451172;UIS_EST;
SCHBSP.1.WELEC;ESCAP: ASEAN (ASEAN) (UNSDCode:98406);2020;87.41545867919922;UIS_EST;
SCHBSP.1.WELEC;ESCAP: ASEAN (ASEAN) (UNSDCode:98406);2021;87.78349304199219;UIS_EST;
SCHBSP.1.WELEC;ESCAP: ASEAN (ASEAN) (UNSDCode:98406);2022;88.24018096923828;UIS_EST;
SCHBSP.1.WELEC;ESCAP: ASEAN (ASEAN) (UNSDCode:98406);2023;88.68094635009766;UIS_EST;
SCHBSP.1.WELEC;ESCAP: ASEAN (ASEAN) (UNSDCode:98406);2024;88.94442749023438;;
SCHBSP.1.WELEC;ESCAP: Africa (AFR) (UNSDCode:98405);2015;39.92959976196289;UIS_EST;
SCHBSP.1.WELEC;ESCAP: Africa (AFR) (UNSDCode:98405);2016;40.84540176391602;UIS_EST;
SCHBSP.1.WELEC;ESCAP: Africa (AFR) (UNSDCode:98405);2017;40.673828125;UIS_EST;
SCHBSP.1.WELEC;ESCAP: Africa (AFR) (UNSDCode:98405);2018;40.52645874023438;UIS_EST;
SCHBSP.1.WELEC;ESCAP: Africa (AFR) (UNSDCode:98405);2019;40.50136947631836;UIS_EST;
SCHBSP.1.WELEC;ESCAP: Africa (AFR) (UNSDCode:98405);2020;41.36304092407227;UIS_EST;
SCHBSP.1.WELEC;ESCAP: Africa (AFR) (UNSDCode:98405);2021;41.2330207824707;UIS_EST;
SCHBSP.1.WELEC;ESCAP: Africa (AFR) (UNSDCode:98405);2022;42.1705207824707;UIS_EST;
SCHBSP.1.WELEC;ESCAP: Africa (AFR) (UNSDCode:98405);2023;43.05252838134766;UIS_EST;
SCHBSP.1.WELEC;ESCAP: Africa (AFR) (UNSDCode:98405);2024;43.32863998413086;UIS_EST;
SCHBSP.1.WELEC;ESCAP: All countries (UNSDCode:98400);2011;59.00193023681641;UIS_EST;
SCHBSP.1.WELEC;ESCAP: All countries (UNSDCode:98400);2012;59.02822113037109;;
SCHBSP.1.WELEC;ESCAP: All countries (UNSDCode:98400);2013;60.22172164916992;UIS_EST;
SCHBSP.1.WELEC;ESCAP: All countries (UNSDCode:98400);2014;61.53765869140625;UIS_EST;
SCHBSP.1.WELEC;ESCAP: All countries (UNSDCode:98400);2015;62.9204216003418;UIS_EST;
SCHBSP.1.WELEC;ESCAP: All countries (UNSDCode:98400);2016;64.38851928710938;UIS_EST;
SCHBSP.1.WELEC;ESCAP: All countries (UNSDCode:98400);2017;65.42369842529297;;
SCHBSP.1.WELEC;ESCAP: All countries (UNSDCode:98400);2018;66.85112762451172;;
SCHBSP.1.WELEC;ESCAP: All countries (UNSDCode:98400);2019;73.0643310546875;;
SCHBSP.1.WELEC;ESCAP: All countries (UNSDCode:98400);2020;78.77472686767578;;
SCHBSP.1.WELEC;ESCAP: All countries (UNSDCode:98400);2021;79.15342712402344;UIS_EST;
SCHBSP.1.WELEC;ESCAP: All countries (UNSDCode:98400);2022;82.73033905029297;UIS_EST;
SCHBSP.1.WELEC;ESCAP: All countries (UNSDCode:98400);2023;84.48304748535156;;
SCHBSP.1.WELEC;ESCAP: All countries (UNSDCode:98400);2024;84.5721664428711;;
SCHBSP.1.WELEC;ESCAP: Countries with Special Needs (CSN) (UNSDCode:98434);2011;50.77542877197266;UIS_EST;
SCHBSP.1.WELEC;ESCAP: Countries with Special Needs (CSN) (UNSDCode:98434);2012;51.86909103393555;UIS_EST;
SCHBSP.1.WELEC;ESCAP: Countries with Special Needs (CSN) (UNSDCode:98434);2013;53.70074081420898;UIS_EST;
SCHBSP.1.WELEC;ESCAP: Countries with Special Needs (CSN) (UNSDCode:98434);2014;55.56906890869141;UIS_EST;
SCHBSP.1.WELEC;ESCAP: Countries with Special Needs (CSN) (UNSDCode:98434);2015;57.42457962036133;UIS_EST;
SCHBSP.1.WELEC;ESCAP: Countries with Special Needs (CSN) (UNSDCode:98434);2016;59.26119995117188;UIS_EST;
SCHBSP.1.WELEC;ESCAP: Countries with Special Needs (CSN) (UNSDCode:98434);2017;61.59700012207031;UIS_EST;
SCHBSP.1.WELEC;ESCAP: Countries with Special Needs (CSN) (UNSDCode:98434);2018;63.62739181518555;UIS_EST;
SCHBSP.1.WELEC;ESCAP: Countries with Special Needs (CSN) (UNSDCode:98434);2019;65.85362243652344;UIS_EST;
SCHBSP.1.WELEC;ESCAP: Countries with Special Needs (CSN) (UNSDCode:98434);2020;67.81294250488281;;
SCHBSP.1.WELEC;ESCAP: Countries with Special Needs (CSN) (UNSDCode:98434);2021;68.25514221191406;UIS_EST;
SCHBSP.1.WELEC;ESCAP: ECO (ECO) (UNSDCode:98407);2023;64.98339080810547;UIS_EST;
SCHBSP.1.WELEC;ESCAP: ECO (ECO) (UNSDCode:98407);2024;65.04769134521484;;
SCHBSP.1.WELEC;ESCAP: East and North-East Asia (ENEA) (UNSDCode:98408);2016;97.36406707763672;UIS_EST;
SCHBSP.1.WELEC;ESCAP: East and North-East Asia (ENEA) (UNSDCode:98408);2017;97.39766693115234;;
SCHBSP.1.WELEC;ESCAP: East and North-East Asia (ENEA) (UNSDCode:98408);2018;97.41329956054688;;
SCHBSP.1.WELEC;ESCAP: East and North-East Asia (ENEA) (UNSDCode:98408);2019;97.59165954589844;;
SCHBSP.1.WELEC;ESCAP: East and North-East Asia (ENEA) (UNSDCode:98408);2020;97.776123046875;;
SCHBSP.1.WELEC;ESCAP: East and North-East Asia (ENEA) (UNSDCode:98408);2021;97.82672119140625;;
SCHBSP.1.WELEC;ESCAP: East and North-East Asia (ENEA) (UNSDCode:98408);2022;97.73097229003906;;
SCHBSP.1.WELEC;ESCAP: East and North-East Asia (ENEA) (UNSDCode:98408);2023;97.78428649902344;;
SCHBSP.1.WELEC;ESCAP: East and North-East Asia (ENEA) (UNSDCode:98408);2024;97.83683776855469;;
SCHBSP.1.WELEC;ESCAP: Europe (Europe) (UNSDCode:98423);2000;99.92719268798828;UIS_EST;
SCHBSP.1.WELEC;ESCAP: Europe (Europe) (UNSDCode:98423);2001;99.92677307128906;UIS_EST;
SCHBSP.1.WELEC;ESCAP: Europe (Europe) (UNSDCode:98423);2002;99.9263687133789;UIS_EST;
SCHBSP.1.WELEC;ESCAP: Europe (Europe) (UNSDCode:98423);2003;99.92601776123047;UIS_EST;
SCHBSP.1.WELEC;ESCAP: Europe (Europe) (UNSDCode:98423);2004;99.9256362915039;UIS_EST;
SCHBSP.1.WELEC;ESCAP: Europe (Europe) (UNSDCode:98423);2005;99.92505645751953;UIS_EST;
SCHBSP.1.WELEC;ESCAP: Europe (Europe) (UNSDCode:98423);2006;99.92475128173828;UIS_EST;
SCHBSP.1.WELEC;ESCAP: Europe (Europe) (UNSDCode:98423);2007;99.92401123046875;UIS_EST;
SCHBSP.1.WELEC;ESCAP: Europe (Europe) (UNSDCode:98423);2008;99.92366790771484;UIS_EST;
SCHBSP.1.WELEC;ESCAP: Europe (Europe) (UNSDCode:98423);2009;99.92347717285156;UIS_EST;
SCHBSP.1.WELEC;ESCAP: Europe (Europe) (UNSDCode:98423);2010;99.9233169555664;UIS_EST;
SCHBSP.1.WELEC;ESCAP: Europe (Europe) (UNSDCode:98423);2011;99.92249298095703;UIS_EST;
SCHBSP.1.WELEC;ESCAP: Europe (Europe) (UNSDCode:98423);2012;99.9222183227539;UIS_EST;
SCHBSP.1.WELEC;ESCAP: Europe (Europe) (UNSDCode:98423);2013;99.92112731933594;UIS_EST;
SCHBSP.1.WELEC;ESCAP: Europe (Europe) (UNSDCode:98423);2014;99.91972351074219;UIS_EST;
SCHBSP.1.WELEC;ESCAP: Europe (Europe) (UNSDCode:98423);2015;99.91853332519531;UIS_EST;
SCHBSP.1.WELEC;ESCAP: Europe (Europe) (UNSDCode:98423);2016;99.91728210449219;;
SCHBSP.1.WELEC;ESCAP: Europe (Europe) (UNSDCode:98423);2017;99.84046173095703;UIS_EST;
SCHBSP.1.WELEC;ESCAP: Europe (Europe) (UNSDCode:98423);2018;99.69170379638672;UIS_EST;
SCHBSP.1.WELEC;ESCAP: Europe (Europe) (UNSDCode:98423);2019;99.52285766601562;UIS_EST;
SCHBSP.1.WELEC;ESCAP: Europe (Europe) (UNSDCode:98423);2020;99.54678344726562;UIS_EST;
SCHBSP.1.WELEC;ESCAP: Europe (Europe) (UNSDCode:98423);2021;99.54508209228516;UIS_EST;
SCHBSP.1.WELEC;ESCAP: Europe (Europe) (UNSDCode:98423);2022;99.53826904296875;UIS_EST;
SCHBSP.1.WELEC;ESCAP: Europe (Europe) (UNSDCode:98423);2023;99.53395080566406;UIS_EST;
SCHBSP.1.WELEC;ESCAP: LDC (LDC_E) (UNSDCode:98411);2011;39.6722412109375;UIS_EST;
SCHBSP.1.WELEC;ESCAP: LDC (LDC_E) (UNSDCode:98411);2012;41.77029037475586;UIS_EST;
SCHBSP.1.WELEC;ESCAP: LDC (LDC_E) (UNSDCode:98411);2013;44.38193893432617;UIS_EST;
SCHBSP.1.WELEC;ESCAP: LDC (LDC_E) (UNSDCode:98411);2014;47.02362060546875;UIS_EST;
SCHBSP.1.WELEC;ESCAP: LDC (LDC_E) (UNSDCode:98411);2015;49.59368896484375;UIS_EST;
SCHBSP.1.WELEC;ESCAP: LDC (LDC_E) (UNSDCode:98411);2016;52.09959030151367;UIS_EST;
SCHBSP.1.WELEC;ESCAP: LDC (LDC_E) (UNSDCode:98411);2017;55.05852127075195;UIS_EST;
SCHBSP.1.WELEC;ESCAP: LDC (LDC_E) (UNSDCode:98411);2018;57.42314910888672;UIS_EST;
SCHBSP.1.WELEC;ESCAP: LDC (LDC_E) (UNSDCode:98411);2019;59.85754013061523;UIS_EST;
SCHBSP.1.WELEC;ESCAP: LDC (LDC_E) (UNSDCode:98411);2020;62.20489883422852;;
SCHBSP.1.WELEC;ESCAP: LDC (LDC_E) (UNSDCode:98411);2021;62.64453887939453;UIS_EST;
SCHBSP.1.WELEC;ESCAP: LLDC (LLDC_E) (UNSDCode:98412);2010;46.79264831542969;UIS_EST;
SCHBSP.1.WELEC;ESCAP: LLDC (LLDC_E) (UNSDCode:98412);2011;46.04026031494141;UIS_EST;
SCHBSP.1.WELEC;ESCAP: LLDC (LLDC_E) (UNSDCode:98412);2012;47.34782028198242;UIS_EST;
SCHBSP.1.WELEC;ESCAP: LLDC (LLDC_E) (UNSDCode:98412);2013;49.65599060058594;UIS_EST;
SCHBSP.1.WELEC;ESCAP: LLDC (LLDC_E) (UNSDCode:98412);2014;52.05757904052734;UIS_EST;
SCHBSP.1.WELEC;ESCAP: LLDC (LLDC_E) (UNSDCode:98412);2015;54.46374130249023;UIS_EST;
SCHBSP.1.WELEC;ESCAP: LLDC (LLDC_E) (UNSDCode:98412);2016;56.85063934326172;UIS_EST;
SCHBSP.1.WELEC;ESCAP: LLDC (LLDC_E) (UNSDCode:98412);2017;58.57928085327148;UIS_EST;
SCHBSP.1.WELEC;ESCAP: LLDC (LLDC_E) (UNSDCode:98412);2018;60.79933929443359;UIS_EST;
SCHBSP.1.WELEC;ESCAP: LLDC (LLDC_E) (UNSDCode:98412);2019;63.82553100585938;UIS_EST;
SCHBSP.1.WELEC;ESCAP: LLDC (LLDC_E) (UNSDCode:98412);2020;66.47402954101562;;
SCHBSP.1.WELEC;ESCAP: LLDC (LLDC_E) (UNSDCode:98412);2021;67.80017852783203;UIS_EST;
SCHBSP.1.WELEC;ESCAP: LLDC (LLDC_E) (UNSDCode:98412);2022;69.19081115722656;UIS_EST;
SCHBSP.1.WELEC;ESCAP: LLDC (LLDC_E) (UNSDCode:98412);2023;70.58174896240234;UIS_EST;
SCHBSP.1.WELEC;ESCAP: LLDC (LLDC_E) (UNSDCode:98412);2024;71.98931884765625;;
SCHBSP.1.WELEC;ESCAP: Latin America (LAC) (UNSDCode:98424);2009;85.03507995605469;UIS_EST;
SCHBSP.1.WELEC;ESCAP: Latin America (LAC) (UNSDCode:98424);2010;85.01847839355469;UIS_EST;
SCHBSP.1.WELEC;ESCAP: Latin America (LAC) (UNSDCode:98424);2011;85.44046783447266;UIS_EST;
SCHBSP.1.WELEC;ESCAP: Latin America (LAC) (UNSDCode:98424);2012;85.9476089477539;UIS_EST;
SCHBSP.1.WELEC;ESCAP: Latin America (LAC) (UNSDCode:98424);2013;86.48651123046875;UIS_EST;
SCHBSP.1.WELEC;ESCAP: Latin America (LAC) (UNSDCode:98424);2014;87.03076171875;UIS_EST;
SCHBSP.1.WELEC;ESCAP: Latin America (LAC) (UNSDCode:98424);2015;87.58348846435547;UIS_EST;
SCHBSP.1.WELEC;ESCAP: Latin America (LAC) (UNSDCode:98424);2016;88.15998077392578;UIS_EST;
SCHBSP.1.WELEC;ESCAP: Latin America (LAC) (UNSDCode:98424);2017;88.08216094970703;UIS_EST;
SCHBSP.1.WELEC;ESCAP: Latin America (LAC) (UNSDCode:98424);2018;87.831298828125;UIS_EST;
SCHBSP.1.WELEC;ESCAP: Latin America (LAC) (UNSDCode:98424);2019;88.13397979736328;UIS_EST;
SCHBSP.1.WELEC;ESCAP: Latin America (LAC) (UNSDCode:98424);2020;87.3372573852539;UIS_EST;
SCHBSP.1.WELEC;ESCAP: Latin America (LAC) (UNSDCode:98424);2021;86.69519805908203;UIS_EST;
SCHBSP.1.WELEC;ESCAP: Latin America (LAC) (UNSDCode:98424);2022;86.75988006591797;UIS_EST;
SCHBSP.1.WELEC;ESCAP: Latin America (LAC) (UNSDCode:98424);2023;88.53257751464844;UIS_EST;
SCHBSP.1.WELEC;ESCAP: North America (NAM) (UNSDCode:98425);2014;100;UIS_EST;
SCHBSP.1.WELEC;ESCAP: North America (NAM) (UNSDCode:98425);2015;100;;
SCHBSP.1.WELEC;ESCAP: North America (NAM) (UNSDCode:98425);2016;100;UIS_EST;
SCHBSP.1.WELEC;ESCAP: North America (NAM) (UNSDCode:98425);2017;100;UIS_EST;
SCHBSP.1.WELEC;ESCAP: North America (NAM) (UNSDCode:98425);2018;100;UIS_EST;
SCHBSP.1.WELEC;ESCAP: North America (NAM) (UNSDCode:98425);2019;100;;
SCHBSP.1.WELEC;ESCAP: North America (NAM) (UNSDCode:98425);2020;100;UIS_EST;
SCHBSP.1.WELEC;ESCAP: North and Central Asia (NCA) (UNSDCode:98417);2016;99.95218658447266;UIS_EST;
SCHBSP.1.WELEC;ESCAP: North and Central Asia (NCA) (UNSDCode:98417);2017;99.90589904785156;;
SCHBSP.1.WELEC;ESCAP: North and Central Asia (NCA) (UNSDCode:98417);2018;99.90135955810547;;
SCHBSP.1.WELEC;ESCAP: North and Central Asia (NCA) (UNSDCode:98417);2019;99.90672302246094;;
SCHBSP.1.WELEC;ESCAP: North and Central Asia (NCA) (UNSDCode:98417);2020;99.93244171142578;;
SCHBSP.1.WELEC;ESCAP: North and Central Asia (NCA) (UNSDCode:98417);2021;99.93254852294922;UIS_EST;
SCHBSP.1.WELEC;ESCAP: North and Central Asia (NCA) (UNSDCode:98417);2022;99.92880249023438;UIS_EST;
SCHBSP.1.WELEC;ESCAP: North and Central Asia (NCA) (UNSDCode:98417);2023;99.92598724365234;UIS_EST;
SCHBSP.1.WELEC;ESCAP: North and Central Asia (NCA) (UNSDCode:98417);2024;99.93029022216797;UIS_EST;
SCHBSP.1.WELEC;ESCAP: Other Area (OTH_REGION) (UNSDCode:98426);2015;93.37763214111328;UIS_EST;
SCHBSP.1.WELEC;ESCAP: Other Area (OTH_REGION) (UNSDCode:98426);2016;93.63957214355469;UIS_EST;
SCHBSP.1.WELEC;ESCAP: Other Area (OTH_REGION) (UNSDCode:98426);2017;93.89279174804688;UIS_EST;
SCHBSP.1.WELEC;ESCAP: Other Area (OTH_REGION) (UNSDCode:98426);2018;94.18209838867188;UIS_EST;
SCHBSP.1.WELEC;ESCAP: Other Area (OTH_REGION) (UNSDCode:98426);2019;94.2618637084961;UIS_EST;
SCHBSP.1.WELEC;ESCAP: Other Area (OTH_REGION) (UNSDCode:98426);2020;94.11370849609375;UIS_EST;
SCHBSP.1.WELEC;ESCAP: Other Area (OTH_REGION) (UNSDCode:98426);2021;93.89643096923828;UIS_EST;
SCHBSP.1.WELEC;ESCAP: Other Area (OTH_REGION) (UNSDCode:98426);2022;94.2374267578125;UIS_EST;
SCHBSP.1.WELEC;ESCAP: Other Area (OTH_REGION) (UNSDCode:98426);2023;94.55892944335938;UIS_EST;
SCHBSP.1.WELEC;ESCAP: Other Area (OTH_REGION) (UNSDCode:98426);2024;94.61492919921875;UIS_EST;
SCHBSP.1.WELEC;ESCAP: PACIFIC (PAC) (UNSDCode:98418);2000;90.26841735839844;UIS_EST;
SCHBSP.1.WELEC;ESCAP: PACIFIC (PAC) (UNSDCode:98418);2001;90.26612091064453;UIS_EST;
SCHBSP.1.WELEC;ESCAP: PACIFIC (PAC) (UNSDCode:98418);2002;90.27726745605469;UIS_EST;
SCHBSP.1.WELEC;ESCAP: PACIFIC (PAC) (UNSDCode:98418);2003;90.27259826660156;UIS_EST;
SCHBSP.1.WELEC;ESCAP: PACIFIC (PAC) (UNSDCode:98418);2004;90.27674102783203;UIS_EST;
SCHBSP.1.WELEC;ESCAP: PACIFIC (PAC) (UNSDCode:98418);2005;90.28086853027344;UIS_EST;
SCHBSP.1.WELEC;ESCAP: PACIFIC (PAC) (UNSDCode:98418);2006;90.27778625488281;UIS_EST;
SCHBSP.1.WELEC;ESCAP: PACIFIC (PAC) (UNSDCode:98418);2007;90.26564025878906;UIS_EST;
SCHBSP.1.WELEC;ESCAP: PACIFIC (PAC) (UNSDCode:98418);2008;90.239990234375;UIS_EST;
SCHBSP.1.WELEC;ESCAP: PACIFIC (PAC) (UNSDCode:98418);2009;90.22899627685547;UIS_EST;
SCHBSP.1.WELEC;ESCAP: PACIFIC (PAC) (UNSDCode:98418);2010;90.21640014648438;UIS_EST;
SCHBSP.1.WELEC;ESCAP: PACIFIC (PAC) (UNSDCode:98418);2011;90.18167877197266;UIS_EST;
SCHBSP.1.WELEC;ESCAP: PACIFIC (PAC) (UNSDCode:98418);2012;90.4316177368164;UIS_EST;
SCHBSP.1.WELEC;ESCAP: PACIFIC (PAC) (UNSDCode:98418);2013;90.27388000488281;UIS_EST;
SCHBSP.1.WELEC;ESCAP: PACIFIC (PAC) (UNSDCode:98418);2014;90.13310241699219;UIS_EST;
SCHBSP.1.WELEC;ESCAP: PACIFIC (PAC) (UNSDCode:98418);2015;90.004638671875;UIS_EST;
SCHBSP.1.WELEC;ESCAP: PACIFIC (PAC) (UNSDCode:98418);2016;89.87904357910156;UIS_EST;
SCHBSP.1.WELEC;ESCAP: PACIFIC (PAC) (UNSDCode:98418);2017;90.47522735595703;UIS_EST;
SCHBSP.1.WELEC;ESCAP: PACIFIC (PAC) (UNSDCode:98418);2018;91.00443267822266;UIS_EST;
SCHBSP.1.WELEC;ESCAP: PACIFIC (PAC) (UNSDCode:98418);2019;92.09657287597656;UIS_EST;
SCHBSP.1.WELEC;ESCAP: PACIFIC (PAC) (UNSDCode:98418);2020;91.2496337890625;UIS_EST;
SCHBSP.1.WELEC;ESCAP: PACIFIC (PAC) (UNSDCode:98418);2021;91.82811737060547;UIS_EST;
SCHBSP.1.WELEC;ESCAP: PACIFIC (PAC) (UNSDCode:98418);2022;92.21694946289062;UIS_EST;
SCHBSP.1.WELEC;ESCAP: SAARC (SAARC) (UNSDCode:98428);2011;44.88346862792969;UIS_EST;
SCHBSP.1.WELEC;ESCAP: SAARC (SAARC) (UNSDCode:98428);2012;45.06636047363281;;
SCHBSP.1.WELEC;ESCAP: SAARC (SAARC) (UNSDCode:98428);2013;45.76992034912109;UIS_EST;
SCHBSP.1.WELEC;ESCAP: SAARC (SAARC) (UNSDCode:98428);2014;46.52410888671875;UIS_EST;
SCHBSP.1.WELEC;ESCAP: SAARC (SAARC) (UNSDCode:98428);2015;47.31909942626953;UIS_EST;
SCHBSP.1.WELEC;ESCAP: SAARC (SAARC) (UNSDCode:98428);2016;48.16088104248047;;
SCHBSP.1.WELEC;ESCAP: SAARC (SAARC) (UNSDCode:98428);2017;49.99903869628906;;
SCHBSP.1.WELEC;ESCAP: SAARC (SAARC) (UNSDCode:98428);2018;52.26393890380859;;
SCHBSP.1.WELEC;ESCAP: SAARC (SAARC) (UNSDCode:98428);2019;61.88082885742188;;
SCHBSP.1.WELEC;ESCAP: SAARC (SAARC) (UNSDCode:98428);2020;70.32305145263672;;
SCHBSP.1.WELEC;ESCAP: SAARC (SAARC) (UNSDCode:98428);2021;70.80619812011719;;
SCHBSP.1.WELEC;ESCAP: SAARC (SAARC) (UNSDCode:98428);2022;76.3596420288086;;
SCHBSP.1.WELEC;ESCAP: SAARC (SAARC) (UNSDCode:98428);2023;79.02279663085938;;
SCHBSP.1.WELEC;ESCAP: SAARC (SAARC) (UNSDCode:98428);2024;79.1097412109375;;
SCHBSP.1.WELEC;ESCAP: South and South-West Asia (SSWA) (UNSDCode:98420);2011;48.132080078125;UIS_EST;
SCHBSP.1.WELEC;ESCAP: South and South-West Asia (SSWA) (UNSDCode:98420);2012;48.19086074829102;;
SCHBSP.1.WELEC;ESCAP: South and South-West Asia (SSWA) (UNSDCode:98420);2013;48.95500946044922;UIS_EST;
SCHBSP.1.WELEC;ESCAP: South and South-West Asia (SSWA) (UNSDCode:98420);2014;49.85781860351563;UIS_EST;
SCHBSP.1.WELEC;ESCAP: South and South-West Asia (SSWA) (UNSDCode:98420);2015;50.80094146728516;UIS_EST;
SCHBSP.1.WELEC;ESCAP: South and South-West Asia (SSWA) (UNSDCode:98420);2016;51.80266952514648;;
SCHBSP.1.WELEC;ESCAP: South and South-West Asia (SSWA) (UNSDCode:98420);2017;53.42784881591797;;
SCHBSP.1.WELEC;ESCAP: South and South-West Asia (SSWA) (UNSDCode:98420);2018;55.55126953125;;
SCHBSP.1.WELEC;ESCAP: South and South-West Asia (SSWA) (UNSDCode:98420);2019;64.51970672607422;;
SCHBSP.1.WELEC;ESCAP: South and South-West Asia (SSWA) (UNSDCode:98420);2020;72.48145294189453;;
SCHBSP.1.WELEC;ESCAP: South and South-West Asia (SSWA) (UNSDCode:98420);2021;72.94140625;;
SCHBSP.1.WELEC;ESCAP: South and South-West Asia (SSWA) (UNSDCode:98420);2022;78.10791778564453;;
SCHBSP.1.WELEC;ESCAP: South and South-West Asia (SSWA) (UNSDCode:98420);2023;80.59131622314453;;
SCHBSP.1.WELEC;ESCAP: South and South-West Asia (SSWA) (UNSDCode:98420);2024;80.68074798583984;;
SCHBSP.1.WELEC;ESCAP: South-East Asia (SEA) (UNSDCode:98419);2011;77.59002685546875;UIS_EST;
SCHBSP.1.WELEC;ESCAP: South-East Asia (SEA) (UNSDCode:98419);2012;78.20716094970703;UIS_EST;
SCHBSP.1.WELEC;ESCAP: South-East Asia (SEA) (UNSDCode:98419);2013;79.35423278808594;UIS_EST;
SCHBSP.1.WELEC;ESCAP: South-East Asia (SEA) (UNSDCode:98419);2014;80.5498275756836;UIS_EST;
SCHBSP.1.WELEC;ESCAP: South-East Asia (SEA) (UNSDCode:98419);2015;81.78983306884766;UIS_EST;
SCHBSP.1.WELEC;ESCAP: South-East Asia (SEA) (UNSDCode:98419);2016;83.08724975585938;;
SCHBSP.1.WELEC;ESCAP: South-East Asia (SEA) (UNSDCode:98419);2017;85.26545715332031;;
SCHBSP.1.WELEC;ESCAP: South-East Asia (SEA) (UNSDCode:98419);2018;85.88887786865234;;
SCHBSP.1.WELEC;ESCAP: South-East Asia (SEA) (UNSDCode:98419);2019;86.69487762451172;UIS_EST;
SCHBSP.1.WELEC;ESCAP: South-East Asia (SEA) (UNSDCode:98419);2020;87.41545867919922;UIS_EST;
SCHBSP.1.WELEC;ESCAP: South-East Asia (SEA) (UNSDCode:98419);2021;87.78349304199219;UIS_EST;
SCHBSP.1.WELEC;ESCAP: South-East Asia (SEA) (UNSDCode:98419);2022;88.24018096923828;UIS_EST;
SCHBSP.1.WELEC;ESCAP: South-East Asia (SEA) (UNSDCode:98419);2023;88.68094635009766;UIS_EST;
SCHBSP.1.WELEC;ESCAP: South-East Asia (SEA) (UNSDCode:98419);2024;88.94442749023438;;
SCHBSP.1.WELEC;ESCAP: WB High Income Economies (WB_HIGH) (UNSDCode:98436);2018;92.31352233886719;UIS_EST;
SCHBSP.1.WELEC;ESCAP: WB High Income Economies (WB_HIGH) (UNSDCode:98436);2019;92.8281478881836;UIS_EST;
SCHBSP.1.WELEC;ESCAP: WB High Income Economies (WB_HIGH) (UNSDCode:98436);2020;93.26226806640625;UIS_EST;
SCHBSP.1.WELEC;ESCAP: WB High Income Economies (WB_HIGH) (UNSDCode:98436);2021;93.53759002685547;UIS_EST;
SCHBSP.1.WELEC;ESCAP: WB High Income Economies (WB_HIGH) (UNSDCode:98436);2022;93.95317840576172;UIS_EST;
SCHBSP.1.WELEC;ESCAP: WB Low Income Economies (WB_LOW) (UNSDCode:98439);2015;25.68083000183105;UIS_EST;
SCHBSP.1.WELEC;ESCAP: WB Low Income Economies (WB_LOW) (UNSDCode:98439);2016;25.74887084960938;UIS_EST;
SCHBSP.1.WELEC;ESCAP: WB Low Income Economies (WB_LOW) (UNSDCode:98439);2017;26.22248077392578;UIS_EST;
SCHBSP.1.WELEC;ESCAP: WB Low Income Economies (WB_LOW) (UNSDCode:98439);2018;26.38166999816895;UIS_EST;
SCHBSP.1.WELEC;ESCAP: WB Low Income Economies (WB_LOW) (UNSDCode:98439);2019;26.91035079956055;UIS_EST;
SCHBSP.1.WELEC;ESCAP: WB Low Income Economies (WB_LOW) (UNSDCode:98439);2020;27.45342063903809;UIS_EST;
SCHBSP.1.WELEC;ESCAP: WB Low Income Economies (WB_LOW) (UNSDCode:98439);2021;27.6414909362793;UIS_EST;
SCHBSP.1.WELEC;ESCAP: WB Low Income Economies (WB_LOW) (UNSDCode:98439);2022;28.11817932128906;UIS_EST;
SCHBSP.1.WELEC;ESCAP: WB Low Income Economies (WB_LOW) (UNSDCode:98439);2023;28.36454010009766;UIS_EST;
SCHBSP.1.WELEC;ESCAP: WB Low Income Economies (WB_LOW) (UNSDCode:98439);2024;28.63508033752441;UIS_EST;
SCHBSP.1.WELEC;ESCAP: WB Lower Middle Income Economies (WB_LOWER_MID) (UNSDCode:98438);2011;50.63679885864258;UIS_EST;
SCHBSP.1.WELEC;ESCAP: WB Lower Middle Income Economies (WB_LOWER_MID) (UNSDCode:98438);2012;50.62789154052734;;
SCHBSP.1.WELEC;ESCAP: WB Lower Middle Income Economies (WB_LOWER_MID) (UNSDCode:98438);2013;51.52732086181641;UIS_EST;
SCHBSP.1.WELEC;ESCAP: WB Lower Middle Income Economies (WB_LOWER_MID) (UNSDCode:98438);2014;52.4840202331543;UIS_EST;
SCHBSP.1.WELEC;ESCAP: WB Lower Middle Income Economies (WB_LOWER_MID) (UNSDCode:98438);2015;53.47275924682617;UIS_EST;
SCHBSP.1.WELEC;ESCAP: WB Lower Middle Income Economies (WB_LOWER_MID) (UNSDCode:98438);2016;54.53990173339844;;
SCHBSP.1.WELEC;ESCAP: WB Lower Middle Income Economies (WB_LOWER_MID) (UNSDCode:98438);2017;55.81969833374023;UIS_EST;
SCHBSP.1.WELEC;ESCAP: WB Lower Middle Income Economies (WB_LOWER_MID) (UNSDCode:98438);2018;57.49314880371094;UIS_EST;
SCHBSP.1.WELEC;ESCAP: WB Lower Middle Income Economies (WB_LOWER_MID) (UNSDCode:98438);2019;63.94398880004883;UIS_EST;
SCHBSP.1.WELEC;ESCAP: WB Lower Middle Income Economies (WB_LOWER_MID) (UNSDCode:98438);2020;69.78488159179688;;
SCHBSP.1.WELEC;ESCAP: WB Lower Middle Income Economies (WB_LOWER_MID) (UNSDCode:98438);2021;69.96501922607422;UIS_EST;
SCHBSP.1.WELEC;ESCAP: WB Lower Middle Income Economies (WB_LOWER_MID) (UNSDCode:98438);2022;73.83489227294922;UIS_EST;
SCHBSP.1.WELEC;ESCAP: WB Lower Middle Income Economies (WB_LOWER_MID) (UNSDCode:98438);2023;75.80230712890625;UIS_EST;
SCHBSP.1.WELEC;ESCAP: WB Lower Middle Income Economies (WB_LOWER_MID) (UNSDCode:98438);2024;75.88037109375;;
SCHBSP.1.WELEC;ESCAP: WB Upper Middle Income Economies (WB_UPPER_MID) (UNSDCode:98437);2011;92.75990295410156;UIS_EST;
SCHBSP.1.WELEC;ESCAP: WB Upper Middle Income Economies (WB_UPPER_MID) (UNSDCode:98437);2012;92.75511169433594;UIS_EST;
SCHBSP.1.WELEC;ESCAP: WB Upper Middle Income Economies (WB_UPPER_MID) (UNSDCode:98437);2013;93.44415283203125;UIS_EST;
SCHBSP.1.WELEC;ESCAP: WB Upper Middle Income Economies (WB_UPPER_MID) (UNSDCode:98437);2014;94.23326873779297;UIS_EST;
SCHBSP.1.WELEC;ESCAP: WB Upper Middle Income Economies (WB_UPPER_MID) (UNSDCode:98437);2015;95.0802993774414;UIS_EST;
SCHBSP.1.WELEC;ESCAP: WB Upper Middle Income Economies (WB_UPPER_MID) (UNSDCode:98437);2016;95.98819732666016;UIS_EST;
SCHBSP.1.WELEC;ESCAP: WB Upper Middle Income Economies (WB_UPPER_MID) (UNSDCode:98437);2017;96.90685272216797;;
SCHBSP.1.WELEC;ESCAP: WB Upper Middle Income Economies (WB_UPPER_MID) (UNSDCode:98437);2018;96.8746109008789;;
SCHBSP.1.WELEC;ESCAP: WB Upper Middle Income Economies (WB_UPPER_MID) (UNSDCode:98437);2019;97.31414794921875;UIS_EST;
SCHBSP.1.WELEC;ESCAP: WB Upper Middle Income Economies (WB_UPPER_MID) (UNSDCode:98437);2020;97.75576782226562;UIS_EST;
SCHBSP.1.WELEC;ESCAP: WB Upper Middle Income Economies (WB_UPPER_MID) (UNSDCode:98437);2021;98.15731811523438;UIS_EST;
SCHBSP.1.WELEC;ESCAP: WB Upper Middle Income Economies (WB_UPPER_MID) (UNSDCode:98437);2022;98.4507064819336;UIS_EST;
SCHBSP.1.WELEC;ESCAP: WB Upper Middle Income Economies (WB_UPPER_MID) (UNSDCode:98437);2023;98.80947875976562;;
SCHBSP.1.WELEC;ESCAP: WB Upper Middle Income Economies (WB_UPPER_MID) (UNSDCode:98437);2024;98.9929428100586;;
SCHBSP.1.WELEC;ESCWA: All countries (UNSDCode:98500);2015;86.93733215332031;UIS_EST;
SCHBSP.1.WELEC;ESCWA: All countries (UNSDCode:98500);2016;87.28125762939453;;
SCHBSP.1.WELEC;ESCWA: All countries (UNSDCode:98500);2017;87.23393249511719;UIS_EST;
SCHBSP.1.WELEC;ESCWA: All countries (UNSDCode:98500);2018;87.84808349609375;UIS_EST;
SCHBSP.1.WELEC;ESCWA: All countries (UNSDCode:98500);2019;87.80953979492188;UIS_EST;
SCHBSP.1.WELEC;ESCWA: All countries (UNSDCode:98500);2020;87.49932098388672;UIS_EST;
SCHBSP.1.WELEC;ESCWA: All countries (UNSDCode:98500);2021;87.56011199951172;UIS_EST;
SCHBSP.1.WELEC;ESCWA: All countries (UNSDCode:98500);2022;87.49443054199219;UIS_EST;
SCHBSP.1.WELEC;ESCWA: All countries (UNSDCode:98500);2023;88.18637084960938;UIS_EST;
SCHBSP.1.WELEC;ESCWA: All countries (UNSDCode:98500);2024;88.04302215576172;UIS_EST;
SCHBSP.1.WELEC;ESCWA: Arab LDCs subregion (UNSDCode:98505);2015;62.38140106201172;UIS_EST;
SCHBSP.1.WELEC;ESCWA: Arab LDCs subregion (UNSDCode:98505);2016;62.49787902832031;UIS_EST;
SCHBSP.1.WELEC;ESCWA: Arab LDCs subregion (UNSDCode:98505);2017;62.31230926513672;UIS_EST;
SCHBSP.1.WELEC;ESCWA: Arab Low-Income Countries (LICs) (UNSDCode:98509);2015;69.76773071289062;UIS_EST;
SCHBSP.1.WELEC;ESCWA: Arab Low-Income Countries (LICs) (UNSDCode:98509);2016;69.81732177734375;UIS_EST;
SCHBSP.1.WELEC;ESCWA: Arab Low-Income Countries (LICs) (UNSDCode:98509);2017;69.3847427368164;UIS_EST;
SCHBSP.1.WELEC;ESCWA: Arab Middle-Income Countries (MICs) (UNSDCode:98508);2015;93.32366943359375;UIS_EST;
SCHBSP.1.WELEC;ESCWA: Arab Middle-Income Countries (MICs) (UNSDCode:98508);2016;93.54219055175781;UIS_EST;
SCHBSP.1.WELEC;ESCWA: Arab Middle-Income Countries (MICs) (UNSDCode:98508);2017;93.78756713867188;UIS_EST;
SCHBSP.1.WELEC;ESCWA: Arab Middle-Income Countries (MICs) (UNSDCode:98508);2019;94.96247863769531;UIS_EST;
SCHBSP.1.WELEC;ESCWA: Arab Middle-Income Countries (MICs) (UNSDCode:98508);2020;94.51656341552734;UIS_EST;
SCHBSP.1.WELEC;ESCWA: Arab Middle-Income Countries (MICs) (UNSDCode:98508);2021;94.7463607788086;UIS_EST;
SCHBSP.1.WELEC;ESCWA: Arab Middle-Income Countries (MICs) (UNSDCode:98508);2022;94.90937042236328;UIS_EST;
SCHBSP.1.WELEC;ESCWA: Arab Middle-Income Countries (MICs) (UNSDCode:98508);2023;95.32125091552734;UIS_EST;
SCHBSP.1.WELEC;ESCWA: Arab Middle-Income Countries (MICs) (UNSDCode:98508);2024;95.02890014648438;UIS_EST;
SCHBSP.1.WELEC;ESCWA: Arab countries (UNSDCode:98501);2015;87.65789794921875;UIS_EST;
SCHBSP.1.WELEC;ESCWA: Arab countries (UNSDCode:98501);2016;87.9664077758789;UIS_EST;
SCHBSP.1.WELEC;ESCWA: Arab countries (UNSDCode:98501);2017;87.93486022949219;UIS_EST;
SCHBSP.1.WELEC;ESCWA: Arab countries (UNSDCode:98501);2019;88.45526123046875;UIS_EST;
SCHBSP.1.WELEC;ESCWA: Arab countries (UNSDCode:98501);2020;88.21308898925781;UIS_EST;
SCHBSP.1.WELEC;ESCWA: Arab countries (UNSDCode:98501);2021;88.27664184570312;UIS_EST;
SCHBSP.1.WELEC;ESCWA: Arab countries (UNSDCode:98501);2022;88.35536193847656;UIS_EST;
SCHBSP.1.WELEC;ESCWA: Arab countries (UNSDCode:98501);2023;88.94925689697266;UIS_EST;
SCHBSP.1.WELEC;ESCWA: Arab countries (UNSDCode:98501);2024;88.88423156738281;UIS_EST;
SCHBSP.1.WELEC;ESCWA: Arab non-conflict and non-LDC middle income countries (UNSDCode:98507);2010;98.57760620117188;UIS_EST;
SCHBSP.1.WELEC;ESCWA: Arab non-conflict and non-LDC middle income countries (UNSDCode:98507);2011;98.56298828125;UIS_EST;
SCHBSP.1.WELEC;ESCWA: Arab non-conflict and non-LDC middle income countries (UNSDCode:98507);2012;98.58480834960938;UIS_EST;
SCHBSP.1.WELEC;ESCWA: Arab non-conflict and non-LDC middle income countries (UNSDCode:98507);2013;98.62017822265625;UIS_EST;
SCHBSP.1.WELEC;ESCWA: Arab non-conflict and non-LDC middle income countries (UNSDCode:98507);2014;98.6480712890625;UIS_EST;
SCHBSP.1.WELEC;ESCWA: Arab non-conflict and non-LDC middle income countries (UNSDCode:98507);2015;98.67426300048828;UIS_EST;
SCHBSP.1.WELEC;ESCWA: Arab non-conflict and non-LDC middle income countries (UNSDCode:98507);2016;98.69892120361328;;
SCHBSP.1.WELEC;ESCWA: Arab non-conflict and non-LDC middle income countries (UNSDCode:98507);2017;98.94348907470703;UIS_EST;
SCHBSP.1.WELEC;ESCWA: Arab non-conflict and non-LDC middle income countries (UNSDCode:98507);2019;99.1827163696289;UIS_EST;
SCHBSP.1.WELEC;ESCWA: Arab non-conflict and non-LDC middle income countries (UNSDCode:98507);2020;99.32974243164062;UIS_EST;
SCHBSP.1.WELEC;ESCWA: Arab non-conflict and non-LDC middle income countries (UNSDCode:98507);2021;99.38184356689453;UIS_EST;
SCHBSP.1.WELEC;ESCWA: Arab non-conflict and non-LDC middle income countries (UNSDCode:98507);2022;99.50827026367188;;
SCHBSP.1.WELEC;ESCWA: Arab non-conflict and non-LDC middle income countries (UNSDCode:98507);2023;99.54456329345703;;
SCHBSP.1.WELEC;ESCWA: Arab non-conflict and non-LDC middle income countries (UNSDCode:98507);2024;99.58879089355469;UIS_EST;
SCHBSP.1.WELEC;ESCWA: Gulf Cooperation Council (GCC) (UNSDCode:98502);2015;100;UIS_EST;
SCHBSP.1.WELEC;ESCWA: Gulf Cooperation Council (GCC) (UNSDCode:98502);2016;100;;
SCHBSP.1.WELEC;ESCWA: Gulf Cooperation Council (GCC) (UNSDCode:98502);2017;100;;
SCHBSP.1.WELEC;ESCWA: Gulf Cooperation Council (GCC) (UNSDCode:98502);2018;100;;
SCHBSP.1.WELEC;ESCWA: Gulf Cooperation Council (GCC) (UNSDCode:98502);2019;100;;
SCHBSP.1.WELEC;ESCWA: Gulf Cooperation Council (GCC) (UNSDCode:98502);2020;100;;
SCHBSP.1.WELEC;ESCWA: Gulf Cooperation Council (GCC) (UNSDCode:98502);2021;100;;
SCHBSP.1.WELEC;ESCWA: Gulf Cooperation Council (GCC) (UNSDCode:98502);2022;100;;
SCHBSP.1.WELEC;ESCWA: Gulf Cooperation Council (GCC) (UNSDCode:98502);2023;100;UIS_EST;
SCHBSP.1.WELEC;ESCWA: Gulf Cooperation Council (GCC) (UNSDCode:98502);2024;99.72029113769531;;
SCHBSP.1.WELEC;ESCWA: Maghreb subregion (UNSDCode:98504);2015;96.26879119873047;UIS_EST;
SCHBSP.1.WELEC;ESCWA: Maghreb subregion (UNSDCode:98504);2016;96.30326843261719;UIS_EST;
SCHBSP.1.WELEC;ESCWA: Maghreb subregion (UNSDCode:98504);2017;96.76454162597656;UIS_EST;
SCHBSP.1.WELEC;ESCWA: Maghreb subregion (UNSDCode:98504);2018;97.12532043457031;UIS_EST;
SCHBSP.1.WELEC;ESCWA: Maghreb subregion (UNSDCode:98504);2019;97.26437377929688;UIS_EST;
SCHBSP.1.WELEC;ESCWA: Maghreb subregion (UNSDCode:98504);2020;97.43392944335938;;
SCHBSP.1.WELEC;ESCWA: Maghreb subregion (UNSDCode:98504);2021;97.52224731445312;;
SCHBSP.1.WELEC;ESCWA: Maghreb subregion (UNSDCode:98504);2022;97.85315704345703;;
SCHBSP.1.WELEC;ESCWA: Maghreb subregion (UNSDCode:98504);2023;97.8466567993164;;
SCHBSP.1.WELEC;ESCWA: Maghreb subregion (UNSDCode:98504);2024;97.90296173095703;;
SCHBSP.1.WELEC;ESCWA: Mashreq subregion (UNSDCode:98503);2009;93.10677337646484;UIS_EST;
SCHBSP.1.WELEC;ESCWA: Mashreq subregion (UNSDCode:98503);2010;93.17703247070312;UIS_EST;
SCHBSP.1.WELEC;ESCWA: Mashreq subregion (UNSDCode:98503);2011;93.26477813720703;UIS_EST;
SCHBSP.1.WELEC;ESCWA: Mashreq subregion (UNSDCode:98503);2012;93.59893798828125;UIS_EST;
SCHBSP.1.WELEC;ESCWA: Mashreq subregion (UNSDCode:98503);2013;93.95574951171875;UIS_EST;
SCHBSP.1.WELEC;ESCWA: Mashreq subregion (UNSDCode:98503);2014;94.35791778564453;UIS_EST;
SCHBSP.1.WELEC;ESCWA: Mashreq subregion (UNSDCode:98503);2015;94.73116302490234;UIS_EST;
SCHBSP.1.WELEC;ESCWA: Mashreq subregion (UNSDCode:98503);2016;95.07850646972656;UIS_EST;
SCHBSP.1.WELEC;ESCWA: Mashreq subregion (UNSDCode:98503);2017;95.25850677490234;UIS_EST;
SCHBSP.1.WELEC;ESP;2000;100;;
SCHBSP.1.WELEC;ESP;2001;100;;
SCHBSP.1.WELEC;ESP;2002;100;;
SCHBSP.1.WELEC;ESP;2003;100;;
SCHBSP.1.WELEC;ESP;2004;100;;
SCHBSP.1.WELEC;ESP;2005;100;;
SCHBSP.1.WELEC;ESP;2006;100;;
SCHBSP.1.WELEC;ESP;2007;100;;
SCHBSP.1.WELEC;ESP;2008;100;;
SCHBSP.1.WELEC;ESP;2009;100;;
SCHBSP.1.WELEC;ESP;2010;100;;
SCHBSP.1.WELEC;ESP;2011;100;;
SCHBSP.1.WELEC;ESP;2012;100;;
SCHBSP.1.WELEC;ESP;2013;100;;
SCHBSP.1.WELEC;ESP;2014;100;;
SCHBSP.1.WELEC;ESP;2015;100;;
SCHBSP.1.WELEC;ESP;2016;100;;
SCHBSP.1.WELEC;ESP;2017;100;;
SCHBSP.1.WELEC;ESP;2018;100;;
SCHBSP.1.WELEC;ESP;2019;100;;
SCHBSP.1.WELEC;ESP;2020;100;;
SCHBSP.1.WELEC;ESP;2021;100;;
SCHBSP.1.WELEC;EST;2000;100;;
SCHBSP.1.WELEC;EST;2001;100;;
SCHBSP.1.WELEC;EST;2002;100;;
SCHBSP.1.WELEC;EST;2003;100;;
SCHBSP.1.WELEC;EST;2004;100;;
SCHBSP.1.WELEC;EST;2005;100;;
SCHBSP.1.WELEC;EST;2006;100;;
SCHBSP.1.WELEC;EST;2007;100;;
SCHBSP.1.WELEC;EST;2008;100;;
SCHBSP.1.WELEC;EST;2009;100;;
SCHBSP.1.WELEC;EST;2010;100;;
SCHBSP.1.WELEC;EST;2011;100;;
SCHBSP.1.WELEC;EST;2012;100;;
SCHBSP.1.WELEC;EST;2013;100;;
SCHBSP.1.WELEC;EST;2014;100;;
SCHBSP.1.WELEC;EST;2015;100;;
SCHBSP.1.WELEC;EST;2016;100;;
SCHBSP.1.WELEC;EST;2017;100;;
SCHBSP.1.WELEC;EST;2018;100;;
SCHBSP.1.WELEC;EST;2019;100;;
SCHBSP.1.WELEC;EST;2020;100;;
SCHBSP.1.WELEC;EST;2021;100;;
SCHBSP.1.WELEC;ETH;2020;26.92980132450331;;
SCHBSP.1.WELEC;ETH;2021;27.73485269594219;;
SCHBSP.1.WELEC;ETH;2022;27.42705917358398;;
SCHBSP.1.WELEC;ETH;2023;27.42705999838061;;
SCHBSP.1.WELEC;FIN;2000;100;;
SCHBSP.1.WELEC;FIN;2001;100;;
SCHBSP.1.WELEC;FIN;2002;100;;
SCHBSP.1.WELEC;FIN;2003;100;;
SCHBSP.1.WELEC;FIN;2004;100;;
SCHBSP.1.WELEC;FIN;2005;100;;
SCHBSP.1.WELEC;FIN;2006;100;;
SCHBSP.1.WELEC;FIN;2007;100;;
SCHBSP.1.WELEC;FIN;2008;100;;
SCHBSP.1.WELEC;FIN;2009;100;;
SCHBSP.1.WELEC;FIN;2010;100;;
SCHBSP.1.WELEC;FIN;2011;100;;
SCHBSP.1.WELEC;FIN;2012;100;;
SCHBSP.1.WELEC;FIN;2013;100;;
SCHBSP.1.WELEC;FIN;2014;100;;
SCHBSP.1.WELEC;FIN;2015;100;;
SCHBSP.1.WELEC;FIN;2016;100;;
SCHBSP.1.WELEC;FIN;2017;100;;
SCHBSP.1.WELEC;FIN;2018;100;;
SCHBSP.1.WELEC;FIN;2019;100;;
SCHBSP.1.WELEC;FIN;2020;100;;
SCHBSP.1.WELEC;FIN;2021;100;;
SCHBSP.1.WELEC;FJI;2016;98.08482360839844;;
SCHBSP.1.WELEC;FJI;2021;96.40883977900553;;
SCHBSP.1.WELEC;FJI;2022;89.14518317503392;;
SCHBSP.1.WELEC;FJI;2023;92.00542005420054;;
SCHBSP.1.WELEC;FJI;2024;96.51006711409396;;
SCHBSP.1.WELEC;FRA;2001;100;;
SCHBSP.1.WELEC;FRA;2002;100;;
SCHBSP.1.WELEC;FRA;2003;100;;
SCHBSP.1.WELEC;FRA;2004;100;;
SCHBSP.1.WELEC;FRA;2005;100;;
SCHBSP.1.WELEC;FRA;2006;100;;
SCHBSP.1.WELEC;FRA;2007;100;;
SCHBSP.1.WELEC;FRA;2008;100;;
SCHBSP.1.WELEC;FRA;2009;100;;
SCHBSP.1.WELEC;FRA;2010;100;;
SCHBSP.1.WELEC;FRA;2011;100;;
SCHBSP.1.WELEC;FRA;2012;100;;
SCHBSP.1.WELEC;FRA;2013;100;;
SCHBSP.1.WELEC;FRA;2014;100;;
SCHBSP.1.WELEC;FRA;2015;100;;
SCHBSP.1.WELEC;FRA;2016;100;;
SCHBSP.1.WELEC;FRA;2017;100;;
SCHBSP.1.WELEC;FRA;2018;100;;
SCHBSP.1.WELEC;FRA;2019;100;;
SCHBSP.1.WELEC;FRA;2020;100;;
SCHBSP.1.WELEC;FRA;2021;100;;
SCHBSP.1.WELEC;FRA;2022;100;;
SCHBSP.1.WELEC;FSM;2018;35.37414965986395;;
SCHBSP.1.WELEC;FSM;2019;40.68965517241379;;
SCHBSP.1.WELEC;FSM;2020;78.32167832167832;;
SCHBSP.1.WELEC;FSM;2021;79.02097902097903;;
SCHBSP.1.WELEC;FSM;2022;79.02097902097903;;
SCHBSP.1.WELEC;FSM;2023;81.94444444444444;;
SCHBSP.1.WELEC;FSM;2024;81.94444444444444;;
SCHBSP.1.WELEC;GAB;2019;70.67711247901511;;
SCHBSP.1.WELEC;GEO;2016;100;;
SCHBSP.1.WELEC;GEO;2017;99.74025974025975;;
SCHBSP.1.WELEC;GEO;2018;100;;
SCHBSP.1.WELEC;GEO;2019;100;;
SCHBSP.1.WELEC;GEO;2020;100;;
SCHBSP.1.WELEC;GEO;2021;100;;
SCHBSP.1.WELEC;GEO;2022;100;;
SCHBSP.1.WELEC;GEO;2023;100;;
SCHBSP.1.WELEC;GEO;2024;100;;
SCHBSP.1.WELEC;GHA;2017;74.42206990506195;;
SCHBSP.1.WELEC;GHA;2018;24.95330138877609;;
SCHBSP.1.WELEC;GHA;2019;79.47973476674383;;
SCHBSP.1.WELEC;GHA;2020;51.73555606302808;;
SCHBSP.1.WELEC;GHA;2021;38.84718204123484;;
SCHBSP.1.WELEC;GIB;2016;100;;
SCHBSP.1.WELEC;GIB;2017;100;;
SCHBSP.1.WELEC;GIB;2019;100;;
SCHBSP.1.WELEC;GIB;2020;100;;
SCHBSP.1.WELEC;GIB;2021;100;;
SCHBSP.1.WELEC;GIB;2022;100;;
SCHBSP.1.WELEC;GIB;2023;100;;
SCHBSP.1.WELEC;GIB;2024;100;;
SCHBSP.1.WELEC;GIN;2013;9.769909858703613;;
SCHBSP.1.WELEC;GIN;2016;13.97636032104492;;
SCHBSP.1.WELEC;GIN;2019;23.82608985900879;UIS_EST;
SCHBSP.1.WELEC;GIN;2020;17.07065963745117;;
SCHBSP.1.WELEC;GMB;2014;28.57142857142857;;
SCHBSP.1.WELEC;GMB;2015;31.46551724137931;;
SCHBSP.1.WELEC;GMB;2016;33.40292275574113;;
SCHBSP.1.WELEC;GMB;2017;35.8148893360161;;
SCHBSP.1.WELEC;GMB;2018;34.59000942507069;;
SCHBSP.1.WELEC;GMB;2019;34.60537727666956;;
SCHBSP.1.WELEC;GMB;2020;38.19561551433389;;
SCHBSP.1.WELEC;GMB;2021;39.54434499593165;;
SCHBSP.1.WELEC;GMB;2022;45.3968253968254;;
SCHBSP.1.WELEC;GMB;2023;48.22104466313399;;
SCHBSP.1.WELEC;GMB;2024;52.71260997067449;;
SCHBSP.1.WELEC;GMB;2025;57.06371191135734;;
SCHBSP.1.WELEC;GPE: East Asia & Pacific WB FY24, December 2024;2011;74.64611053466797;UIS_EST;
SCHBSP.1.WELEC;GPE: East Asia & Pacific WB FY24, December 2024;2012;75.2983169555664;UIS_EST;
SCHBSP.1.WELEC;GPE: East Asia & Pacific WB FY24, December 2024;2013;76.65650177001953;UIS_EST;
SCHBSP.1.WELEC;GPE: East Asia & Pacific WB FY24, December 2024;2014;78.0510482788086;UIS_EST;
SCHBSP.1.WELEC;GPE: East Asia & Pacific WB FY24, December 2024;2015;79.47846984863281;UIS_EST;
SCHBSP.1.WELEC;GPE: East Asia & Pacific WB FY24, December 2024;2016;80.9564208984375;;
SCHBSP.1.WELEC;GPE: East Asia & Pacific WB FY24, December 2024;2017;83.3581771850586;;
SCHBSP.1.WELEC;GPE: East Asia & Pacific WB FY24, December 2024;2018;84.08943176269531;;
SCHBSP.1.WELEC;GPE: East Asia & Pacific WB FY24, December 2024;2019;85.02497100830078;UIS_EST;
SCHBSP.1.WELEC;GPE: East Asia & Pacific WB FY24, December 2024;2020;85.65994262695312;UIS_EST;
SCHBSP.1.WELEC;GPE: East Asia & Pacific WB FY24, December 2024;2021;86.00904083251953;UIS_EST;
SCHBSP.1.WELEC;GPE: East Asia & Pacific WB FY24, December 2024;2022;86.50402069091797;UIS_EST;
SCHBSP.1.WELEC;GPE: East Asia & Pacific WB FY24, December 2024;2023;86.97634887695312;;
SCHBSP.1.WELEC;GPE: East Asia & Pacific WB FY24, December 2024;2024;87.30008697509766;;
SCHBSP.1.WELEC;GPE: Europe & Central Asia WB FY24, December 2024;2016;99.45449829101562;UIS_EST;
SCHBSP.1.WELEC;GPE: Europe & Central Asia WB FY24, December 2024;2017;99.4368667602539;;
SCHBSP.1.WELEC;GPE: Europe & Central Asia WB FY24, December 2024;2018;99.46977233886719;;
SCHBSP.1.WELEC;GPE: Europe & Central Asia WB FY24, December 2024;2019;99.7759780883789;;
SCHBSP.1.WELEC;GPE: Europe & Central Asia WB FY24, December 2024;2020;100;;
SCHBSP.1.WELEC;GPE: Europe & Central Asia WB FY24, December 2024;2021;100;;
SCHBSP.1.WELEC;GPE: Europe & Central Asia WB FY24, December 2024;2022;99.97969818115234;UIS_EST;
SCHBSP.1.WELEC;GPE: Europe & Central Asia WB FY24, December 2024;2023;99.9648208618164;UIS_EST;
SCHBSP.1.WELEC;GPE: Europe & Central Asia WB FY24, December 2024;2024;99.9825668334961;UIS_EST;
SCHBSP.1.WELEC;GPE: Fragile or Conflict-affected countries (FCAC) FY24, December 2024;2016;42.69977188110352;UIS_EST;
SCHBSP.1.WELEC;GPE: Fragile or Conflict-affected countries (FCAC) FY24, December 2024;2017;42.94395065307617;UIS_EST;
SCHBSP.1.WELEC;GPE: Fragile or Conflict-affected countries (FCAC) FY24, December 2024;2019;43.66326141357422;UIS_EST;
SCHBSP.1.WELEC;GPE: Fragile or Conflict-affected countries (FCAC) FY24, December 2024;2020;43.96689987182617;UIS_EST;
SCHBSP.1.WELEC;GPE: Fragile or Conflict-affected countries (FCAC) FY24, December 2024;2021;43.93143081665039;UIS_EST;
SCHBSP.1.WELEC;GPE: Fragile or Conflict-affected countries (FCAC) FY24, December 2024;2022;43.99103927612305;UIS_EST;
SCHBSP.1.WELEC;GPE: Fragile or Conflict-affected countries (FCAC) FY24, December 2024;2023;44.34634017944336;UIS_EST;
SCHBSP.1.WELEC;GPE: Fragile or Conflict-affected countries (FCAC) FY24, December 2024;2024;44.30469131469727;UIS_EST;
SCHBSP.1.WELEC;GPE: High income WB FY24, December 2024;2022;75.14910888671875;UIS_EST;
SCHBSP.1.WELEC;GPE: High income WB FY24, December 2024;2023;75.14910888671875;;
SCHBSP.1.WELEC;GPE: High income WB FY24, December 2024;2024;75.14910888671875;UIS_EST;
SCHBSP.1.WELEC;GPE: Latin America & Caribbean WB FY24, December 2024;2016;72.38400268554688;UIS_EST;
SCHBSP.1.WELEC;GPE: Latin America & Caribbean WB FY24, December 2024;2017;75.24864959716797;UIS_EST;
SCHBSP.1.WELEC;GPE: Latin America & Caribbean WB FY24, December 2024;2018;78.30973052978516;UIS_EST;
SCHBSP.1.WELEC;GPE: Latin America & Caribbean WB FY24, December 2024;2019;81.05573272705078;UIS_EST;
SCHBSP.1.WELEC;GPE: Latin America & Caribbean WB FY24, December 2024;2020;80.99317169189453;UIS_EST;
SCHBSP.1.WELEC;GPE: Low income WB FY24, December 2024;2015;23.29327011108398;UIS_EST;
SCHBSP.1.WELEC;GPE: Low income WB FY24, December 2024;2016;23.43103981018066;UIS_EST;
SCHBSP.1.WELEC;GPE: Low income WB FY24, December 2024;2017;23.92832946777344;UIS_EST;
SCHBSP.1.WELEC;GPE: Low income WB FY24, December 2024;2018;24.07498931884766;UIS_EST;
SCHBSP.1.WELEC;GPE: Low income WB FY24, December 2024;2019;24.62521934509277;UIS_EST;
SCHBSP.1.WELEC;GPE: Low income WB FY24, December 2024;2020;25.16982078552246;UIS_EST;
SCHBSP.1.WELEC;GPE: Low income WB FY24, December 2024;2021;25.37784957885742;UIS_EST;
SCHBSP.1.WELEC;GPE: Low income WB FY24, December 2024;2022;25.71105003356934;UIS_EST;
SCHBSP.1.WELEC;GPE: Low income WB FY24, December 2024;2023;25.76960945129395;UIS_EST;
SCHBSP.1.WELEC;GPE: Low income WB FY24, December 2024;2024;25.88063049316406;UIS_EST;
SCHBSP.1.WELEC;GPE: Lower middle Income WB FY24, December 2024;2015;54.63632965087891;UIS_EST;
SCHBSP.1.WELEC;GPE: Lower middle Income WB FY24, December 2024;2016;55.55630111694336;UIS_EST;
SCHBSP.1.WELEC;GPE: Lower middle Income WB FY24, December 2024;2017;56.37633895874023;UIS_EST;
SCHBSP.1.WELEC;GPE: Lower middle Income WB FY24, December 2024;2018;57.41202926635742;UIS_EST;
SCHBSP.1.WELEC;GPE: Lower middle Income WB FY24, December 2024;2019;57.95283126831055;UIS_EST;
SCHBSP.1.WELEC;GPE: Lower middle Income WB FY24, December 2024;2020;59.2056884765625;UIS_EST;
SCHBSP.1.WELEC;GPE: Lower middle Income WB FY24, December 2024;2021;59.19446182250977;UIS_EST;
SCHBSP.1.WELEC;GPE: Lower middle Income WB FY24, December 2024;2022;59.98905944824219;UIS_EST;
SCHBSP.1.WELEC;GPE: Lower middle Income WB FY24, December 2024;2023;60.79761123657227;UIS_EST;
SCHBSP.1.WELEC;GPE: Lower middle Income WB FY24, December 2024;2024;61.0548210144043;UIS_EST;
SCHBSP.1.WELEC;GPE: Middle East & North Africa WB FY24, December 2024;2009;96.90469360351562;UIS_EST;
SCHBSP.1.WELEC;GPE: Middle East & North Africa WB FY24, December 2024;2010;96.9012680053711;UIS_EST;
SCHBSP.1.WELEC;GPE: Middle East & North Africa WB FY24, December 2024;2011;96.8127212524414;UIS_EST;
SCHBSP.1.WELEC;GPE: Middle East & North Africa WB FY24, December 2024;2012;96.96434783935547;UIS_EST;
SCHBSP.1.WELEC;GPE: Middle East & North Africa WB FY24, December 2024;2013;97.10224151611328;UIS_EST;
SCHBSP.1.WELEC;GPE: Middle East & North Africa WB FY24, December 2024;2014;97.31812286376953;UIS_EST;
SCHBSP.1.WELEC;GPE: Middle East & North Africa WB FY24, December 2024;2015;97.51761627197266;UIS_EST;
SCHBSP.1.WELEC;GPE: Middle East & North Africa WB FY24, December 2024;2016;97.70262145996094;;
SCHBSP.1.WELEC;GPE: Middle East & North Africa WB FY24, December 2024;2017;97.84427642822266;UIS_EST;
SCHBSP.1.WELEC;GPE: Non Fragile & non Conflict-affected countries (NON-FCAC) FY24, December 2024;2011;56.58589935302734;UIS_EST;
SCHBSP.1.WELEC;GPE: Non Fragile & non Conflict-affected countries (NON-FCAC) FY24, December 2024;2012;56.57210159301758;UIS_EST;
SCHBSP.1.WELEC;GPE: Non Fragile & non Conflict-affected countries (NON-FCAC) FY24, December 2024;2013;58.6497688293457;UIS_EST;
SCHBSP.1.WELEC;GPE: Non Fragile & non Conflict-affected countries (NON-FCAC) FY24, December 2024;2014;60.79816818237305;UIS_EST;
SCHBSP.1.WELEC;GPE: Non Fragile & non Conflict-affected countries (NON-FCAC) FY24, December 2024;2015;62.91410064697266;UIS_EST;
SCHBSP.1.WELEC;GPE: Non Fragile & non Conflict-affected countries (NON-FCAC) FY24, December 2024;2016;65.02401733398438;UIS_EST;
SCHBSP.1.WELEC;GPE: Non Fragile & non Conflict-affected countries (NON-FCAC) FY24, December 2024;2017;66.30352020263672;UIS_EST;
SCHBSP.1.WELEC;GPE: Non Fragile & non Conflict-affected countries (NON-FCAC) FY24, December 2024;2018;66.95030975341797;UIS_EST;
SCHBSP.1.WELEC;GPE: Non Fragile & non Conflict-affected countries (NON-FCAC) FY24, December 2024;2019;67.54621124267578;UIS_EST;
SCHBSP.1.WELEC;GPE: Non Fragile & non Conflict-affected countries (NON-FCAC) FY24, December 2024;2020;68.70873260498047;UIS_EST;
SCHBSP.1.WELEC;GPE: Non Fragile & non Conflict-affected countries (NON-FCAC) FY24, December 2024;2021;68.39762878417969;UIS_EST;
SCHBSP.1.WELEC;GPE: Non Fragile & non Conflict-affected countries (NON-FCAC) FY24, December 2024;2022;69.23210906982422;UIS_EST;
SCHBSP.1.WELEC;GPE: Non Fragile & non Conflict-affected countries (NON-FCAC) FY24, December 2024;2023;70.34539031982422;UIS_EST;
SCHBSP.1.WELEC;GPE: Non Fragile & non Conflict-affected countries (NON-FCAC) FY24, December 2024;2024;70.47091674804688;UIS_EST;
SCHBSP.1.WELEC;GPE: Overall FY24, all 90 countries, December 2024;2012;50.4522590637207;UIS_EST;
SCHBSP.1.WELEC;GPE: Overall FY24, all 90 countries, December 2024;2013;51.22919082641602;UIS_EST;
SCHBSP.1.WELEC;GPE: Overall FY24, all 90 countries, December 2024;2014;52.07447052001953;UIS_EST;
SCHBSP.1.WELEC;GPE: Overall FY24, all 90 countries, December 2024;2015;52.90782165527344;UIS_EST;
SCHBSP.1.WELEC;GPE: Overall FY24, all 90 countries, December 2024;2016;53.95449066162109;UIS_EST;
SCHBSP.1.WELEC;GPE: Overall FY24, all 90 countries, December 2024;2017;54.71533966064453;UIS_EST;
SCHBSP.1.WELEC;GPE: Overall FY24, all 90 countries, December 2024;2018;55.27270126342773;UIS_EST;
SCHBSP.1.WELEC;GPE: Overall FY24, all 90 countries, December 2024;2019;55.5779914855957;UIS_EST;
SCHBSP.1.WELEC;GPE: Overall FY24, all 90 countries, December 2024;2020;56.31529998779297;UIS_EST;
SCHBSP.1.WELEC;GPE: Overall FY24, all 90 countries, December 2024;2021;56.09965896606445;UIS_EST;
SCHBSP.1.WELEC;GPE: Overall FY24, all 90 countries, December 2024;2022;56.58966064453125;UIS_EST;
SCHBSP.1.WELEC;GPE: Overall FY24, all 90 countries, December 2024;2023;57.37760925292969;UIS_EST;
SCHBSP.1.WELEC;GPE: Overall FY24, all 90 countries, December 2024;2024;57.29341888427734;UIS_EST;
SCHBSP.1.WELEC;GPE: Region 1;2015;47.74139022827148;UIS_EST;
SCHBSP.1.WELEC;GPE: Region 1;2016;49.52880096435547;;
SCHBSP.1.WELEC;GPE: Region 1;2017;48.41579818725586;UIS_EST;
SCHBSP.1.WELEC;GPE: Region 1;2019;46.64337921142578;UIS_EST;
SCHBSP.1.WELEC;GPE: Region 1;2020;47.37261962890625;UIS_EST;
SCHBSP.1.WELEC;GPE: Region 1;2021;48.50088882446289;UIS_EST;
SCHBSP.1.WELEC;GPE: Region 1;2022;49.0601806640625;UIS_EST;
SCHBSP.1.WELEC;GPE: Region 1;2023;50.90962982177734;UIS_EST;
SCHBSP.1.WELEC;GPE: Region 2;2015;27.92387008666992;UIS_EST;
SCHBSP.1.WELEC;GPE: Region 2;2016;28.45075988769531;UIS_EST;
SCHBSP.1.WELEC;GPE: Region 2;2017;28.93186950683594;UIS_EST;
SCHBSP.1.WELEC;GPE: Region 2;2018;29.52252960205078;UIS_EST;
SCHBSP.1.WELEC;GPE: Region 2;2019;29.92387962341309;UIS_EST;
SCHBSP.1.WELEC;GPE: Region 2;2020;30.99575042724609;UIS_EST;
SCHBSP.1.WELEC;GPE: Region 2;2021;30.31147003173828;UIS_EST;
SCHBSP.1.WELEC;GPE: Region 2;2022;31.51699066162109;UIS_EST;
SCHBSP.1.WELEC;GPE: Region 2;2023;31.75535011291504;UIS_EST;
SCHBSP.1.WELEC;GPE: Region 2;2024;31.9615592956543;UIS_EST;
SCHBSP.1.WELEC;GPE: Region 3;2011;62.57030868530273;UIS_EST;
SCHBSP.1.WELEC;GPE: Region 3;2012;62.62223052978516;UIS_EST;
SCHBSP.1.WELEC;GPE: Region 3;2013;63.56623840332031;UIS_EST;
SCHBSP.1.WELEC;GPE: Region 3;2014;64.60077667236328;UIS_EST;
SCHBSP.1.WELEC;GPE: Region 3;2015;65.6689224243164;UIS_EST;
SCHBSP.1.WELEC;GPE: Region 3;2016;66.78121948242188;UIS_EST;
SCHBSP.1.WELEC;GPE: Region 3;2017;68.37078857421875;UIS_EST;
SCHBSP.1.WELEC;GPE: Region 3;2018;69.94428253173828;UIS_EST;
SCHBSP.1.WELEC;GPE: Region 3;2019;70.81582641601562;UIS_EST;
SCHBSP.1.WELEC;GPE: Region 3;2020;71.87777709960938;UIS_EST;
SCHBSP.1.WELEC;GPE: Region 3;2021;72.159912109375;UIS_EST;
SCHBSP.1.WELEC;GPE: Region 3;2022;72.60415649414062;UIS_EST;
SCHBSP.1.WELEC;GPE: Region 3;2023;73.24288940429688;UIS_EST;
SCHBSP.1.WELEC;GPE: Region 3;2024;73.2886962890625;UIS_EST;
SCHBSP.1.WELEC;GPE: Small island and landlocked developing states, December 2024;2015;89.64411926269531;UIS_EST;
SCHBSP.1.WELEC;GPE: Small island and landlocked developing states, December 2024;2016;89.58258056640625;;
SCHBSP.1.WELEC;GPE: Small island and landlocked developing states, December 2024;2017;90.95201873779297;;
SCHBSP.1.WELEC;GPE: Small island and landlocked developing states, December 2024;2018;93.0555419921875;;
SCHBSP.1.WELEC;GPE: Small island and landlocked developing states, December 2024;2019;93.46851348876953;;
SCHBSP.1.WELEC;GPE: Small island and landlocked developing states, December 2024;2020;93.50872802734375;UIS_EST;
SCHBSP.1.WELEC;GPE: Small island and landlocked developing states, December 2024;2021;93.77281951904297;UIS_EST;
SCHBSP.1.WELEC;GPE: Small island and landlocked developing states, December 2024;2022;93.96856689453125;;
SCHBSP.1.WELEC;GPE: Small island and landlocked developing states, December 2024;2023;94.11553955078125;;
SCHBSP.1.WELEC;GPE: Small island and landlocked developing states, December 2024;2024;94.39409637451172;UIS_EST;
SCHBSP.1.WELEC;GPE: South Asia WB FY24, December 2024;2011;42.90295028686523;UIS_EST;
SCHBSP.1.WELEC;GPE: South Asia WB FY24, December 2024;2012;43.87493896484375;UIS_EST;
SCHBSP.1.WELEC;GPE: South Asia WB FY24, December 2024;2013;45.38103866577148;UIS_EST;
SCHBSP.1.WELEC;GPE: South Asia WB FY24, December 2024;2014;46.93080902099609;UIS_EST;
SCHBSP.1.WELEC;GPE: South Asia WB FY24, December 2024;2015;48.45380020141602;UIS_EST;
SCHBSP.1.WELEC;GPE: South Asia WB FY24, December 2024;2016;49.94705963134766;UIS_EST;
SCHBSP.1.WELEC;GPE: South Asia WB FY24, December 2024;2017;51.49457168579102;UIS_EST;
SCHBSP.1.WELEC;GPE: South Asia WB FY24, December 2024;2018;53.25215148925781;UIS_EST;
SCHBSP.1.WELEC;GPE: South Asia WB FY24, December 2024;2019;54.3985595703125;UIS_EST;
SCHBSP.1.WELEC;GPE: South Asia WB FY24, December 2024;2020;56.01367950439453;UIS_EST;
SCHBSP.1.WELEC;GPE: South Asia WB FY24, December 2024;2021;56.50033950805664;UIS_EST;
SCHBSP.1.WELEC;GPE: South Asia WB FY24, December 2024;2023;57.25569915771484;UIS_EST;
SCHBSP.1.WELEC;GPE: South Asia WB FY24, December 2024;2024;57.515380859375;UIS_EST;
SCHBSP.1.WELEC;GPE: Sub-Saharan Africa WB FY24, December 2024;2015;32.60371017456055;UIS_EST;
SCHBSP.1.WELEC;GPE: Sub-Saharan Africa WB FY24, December 2024;2016;33.58615112304688;UIS_EST;
SCHBSP.1.WELEC;GPE: Sub-Saharan Africa WB FY24, December 2024;2017;33.45096969604492;UIS_EST;
SCHBSP.1.WELEC;GPE: Sub-Saharan Africa WB FY24, December 2024;2018;33.38216018676758;UIS_EST;
SCHBSP.1.WELEC;GPE: Sub-Saharan Africa WB FY24, December 2024;2019;33.31669998168945;UIS_EST;
SCHBSP.1.WELEC;GPE: Sub-Saharan Africa WB FY24, December 2024;2020;34.30939865112305;UIS_EST;
SCHBSP.1.WELEC;GPE: Sub-Saharan Africa WB FY24, December 2024;2021;34.22529983520508;UIS_EST;
SCHBSP.1.WELEC;GPE: Sub-Saharan Africa WB FY24, December 2024;2022;35.51734924316406;UIS_EST;
SCHBSP.1.WELEC;GPE: Sub-Saharan Africa WB FY24, December 2024;2023;36.08753967285156;UIS_EST;
SCHBSP.1.WELEC;GPE: Sub-Saharan Africa WB FY24, December 2024;2024;36.33269882202148;UIS_EST;
SCHBSP.1.WELEC;GPE: Upper middle Income WB FY24, December 2024;2011;81.00533294677734;UIS_EST;
SCHBSP.1.WELEC;GPE: Upper middle Income WB FY24, December 2024;2012;81.09259033203125;;
SCHBSP.1.WELEC;GPE: Upper middle Income WB FY24, December 2024;2013;83.36048126220703;UIS_EST;
SCHBSP.1.WELEC;GPE: Upper middle Income WB FY24, December 2024;2014;85.65753936767578;UIS_EST;
SCHBSP.1.WELEC;GPE: Upper middle Income WB FY24, December 2024;2015;87.98075866699219;UIS_EST;
SCHBSP.1.WELEC;GPE: Upper middle Income WB FY24, December 2024;2016;90.3272476196289;;
SCHBSP.1.WELEC;GPE: Upper middle Income WB FY24, December 2024;2017;92.52908325195312;;
SCHBSP.1.WELEC;GPE: Upper middle Income WB FY24, December 2024;2018;92.59436798095703;;
SCHBSP.1.WELEC;GPE: Upper middle Income WB FY24, December 2024;2019;93.4482421875;UIS_EST;
SCHBSP.1.WELEC;GPE: Upper middle Income WB FY24, December 2024;2020;94.13603973388672;UIS_EST;
SCHBSP.1.WELEC;GPE: Upper middle Income WB FY24, December 2024;2021;94.76651763916016;UIS_EST;
SCHBSP.1.WELEC;GPE: Upper middle Income WB FY24, December 2024;2022;95.47696685791016;UIS_EST;
SCHBSP.1.WELEC;GPE: Upper middle Income WB FY24, December 2024;2023;95.77570343017578;;
SCHBSP.1.WELEC;GPE: Upper middle Income WB FY24, December 2024;2024;97.08625030517578;;
SCHBSP.1.WELEC;GRD;2010;100;;
SCHBSP.1.WELEC;GRD;2016;100;;
SCHBSP.1.WELEC;GRD;2017;100;;
SCHBSP.1.WELEC;GRD;2018;100;;
SCHBSP.1.WELEC;GRD;2020;100;;
SCHBSP.1.WELEC;GRD;2022;100;;
SCHBSP.1.WELEC;GRD;2023;100;;
SCHBSP.1.WELEC;GRD;2024;100;;
SCHBSP.1.WELEC;GTM;2013;83.94908905029297;UIS_EST;
SCHBSP.1.WELEC;GTM;2019;84.56468200683594;UIS_EST;
SCHBSP.1.WELEC;GUY;2023;75.14910888671875;;
SCHBSP.1.WELEC;GUY;2024;76.62921348314606;;
SCHBSP.1.WELEC;HKG;2012;100;;
SCHBSP.1.WELEC;HKG;2016;100;;
SCHBSP.1.WELEC;HKG;2017;100;;
SCHBSP.1.WELEC;HKG;2018;100;;
SCHBSP.1.WELEC;HKG;2019;100;;
SCHBSP.1.WELEC;HKG;2020;100;;
SCHBSP.1.WELEC;HKG;2021;100;;
SCHBSP.1.WELEC;HKG;2022;100;;
SCHBSP.1.WELEC;HKG;2023;100;;
SCHBSP.1.WELEC;HKG;2024;100;;
SCHBSP.1.WELEC;HND;2013;67.9434814453125;UIS_EST;
SCHBSP.1.WELEC;HND;2016;48.10633357354472;;
SCHBSP.1.WELEC;HND;2019;91.24685138539043;;
SCHBSP.1.WELEC;HUN;2000;100;;
SCHBSP.1.WELEC;HUN;2001;100;;
SCHBSP.1.WELEC;HUN;2002;100;;
SCHBSP.1.WELEC;HUN;2003;100;;
SCHBSP.1.WELEC;HUN;2004;100;;
SCHBSP.1.WELEC;HUN;2005;100;;
SCHBSP.1.WELEC;HUN;2006;100;;
SCHBSP.1.WELEC;HUN;2007;100;;
SCHBSP.1.WELEC;HUN;2008;100;;
SCHBSP.1.WELEC;HUN;2009;100;;
SCHBSP.1.WELEC;HUN;2010;100;;
SCHBSP.1.WELEC;HUN;2011;100;;
SCHBSP.1.WELEC;HUN;2012;100;;
SCHBSP.1.WELEC;HUN;2013;100;;
SCHBSP.1.WELEC;HUN;2014;100;;
SCHBSP.1.WELEC;HUN;2015;100;;
SCHBSP.1.WELEC;HUN;2016;100;;
SCHBSP.1.WELEC;HUN;2019;91.2468490600586;;
SCHBSP.1.WELEC;IDN;2012;79.66831554992301;;
SCHBSP.1.WELEC;IDN;2016;90.45488784493217;;
SCHBSP.1.WELEC;IDN;2017;93.0390904519418;;
SCHBSP.1.WELEC;IDN;2018;93.13398742675781;;
SCHBSP.1.WELEC;IDN;2021;96.2398230504965;;
SCHBSP.1.WELEC;IDN;2022;97.41529746563575;;
SCHBSP.1.WELEC;IDN;2023;97.8518349608327;;
SCHBSP.1.WELEC;IDN;2024;98.25432221490846;;
SCHBSP.1.WELEC;IDN;2025;98.35342388608052;;
SCHBSP.1.WELEC;IND;2012;45.38220487311965;;
SCHBSP.1.WELEC;IND;2016;47.39486222071357;;
SCHBSP.1.WELEC;IND;2017;49.34596145629646;;
SCHBSP.1.WELEC;IND;2018;51.84405161872425;;
SCHBSP.1.WELEC;IND;2019;65.18875432065619;;
SCHBSP.1.WELEC;IND;2020;76.91855344216157;;
SCHBSP.1.WELEC;IND;2021;77.32561291371837;;
SCHBSP.1.WELEC;IND;2022;85.19488204507797;;
SCHBSP.1.WELEC;IND;2023;89.18173332221436;;
SCHBSP.1.WELEC;IND;2024;89.28063794865948;;
SCHBSP.1.WELEC;IRN;2012;99.16000366210938;;
SCHBSP.1.WELEC;ISR;2000;100;;
SCHBSP.1.WELEC;ISR;2001;100;;
SCHBSP.1.WELEC;ISR;2002;100;;
SCHBSP.1.WELEC;ISR;2003;100;;
SCHBSP.1.WELEC;ISR;2004;100;;
SCHBSP.1.WELEC;ISR;2005;100;;
SCHBSP.1.WELEC;ISR;2006;100;;
SCHBSP.1.WELEC;ISR;2007;100;;
SCHBSP.1.WELEC;ISR;2008;100;;
SCHBSP.1.WELEC;ISR;2009;100;;
SCHBSP.1.WELEC;ISR;2010;100;;
SCHBSP.1.WELEC;ISR;2011;100;;
SCHBSP.1.WELEC;ISR;2016;100;;
SCHBSP.1.WELEC;ISR;2017;100;;
SCHBSP.1.WELEC;ISR;2018;100;;
SCHBSP.1.WELEC;ISR;2019;100;;
SCHBSP.1.WELEC;ISR;2020;100;;
SCHBSP.1.WELEC;ITA;2000;100;;
SCHBSP.1.WELEC;ITA;2001;100;;
SCHBSP.1.WELEC;ITA;2002;100;;
SCHBSP.1.WELEC;ITA;2003;100;;
SCHBSP.1.WELEC;ITA;2004;100;;
SCHBSP.1.WELEC;ITA;2005;100;;
SCHBSP.1.WELEC;ITA;2006;100;;
SCHBSP.1.WELEC;ITA;2007;100;;
SCHBSP.1.WELEC;ITA;2008;100;;
SCHBSP.1.WELEC;ITA;2009;100;;
SCHBSP.1.WELEC;ITA;2010;100;;
SCHBSP.1.WELEC;ITA;2011;100;;
SCHBSP.1.WELEC;ITA;2012;100;;
SCHBSP.1.WELEC;ITA;2013;100;;
SCHBSP.1.WELEC;ITA;2014;100;;
SCHBSP.1.WELEC;ITA;2015;100;;
SCHBSP.1.WELEC;ITA;2016;100;;
SCHBSP.1.WELEC;JAM;2010;100;;
SCHBSP.1.WELEC;JAM;2016;93.92201834862385;;
SCHBSP.1.WELEC;JAM;2017;93.92898052691866;;
SCHBSP.1.WELEC;JAM;2018;99.88545246277205;;
SCHBSP.1.WELEC;JAM;2019;100;;
SCHBSP.1.WELEC;JAM;2021;100;;
SCHBSP.1.WELEC;JAM;2022;100;;
SCHBSP.1.WELEC;JAM;2023;100;;
SCHBSP.1.WELEC;JOR;2011;99.48288598867275;;
SCHBSP.1.WELEC;JOR;2017;100;;
SCHBSP.1.WELEC;JOR;2018;100;;
SCHBSP.1.WELEC;JOR;2019;100;;
SCHBSP.1.WELEC;JOR;2020;100;;
SCHBSP.1.WELEC;JOR;2021;100;;
SCHBSP.1.WELEC;JOR;2022;100;;
SCHBSP.1.WELEC;JOR;2023;100;;
SCHBSP.1.WELEC;JOR;2024;100;;
SCHBSP.1.WELEC;KAZ;2017;100;;
SCHBSP.1.WELEC;KAZ;2018;100;;
SCHBSP.1.WELEC;KAZ;2019;100;;
SCHBSP.1.WELEC;KAZ;2020;100;;
SCHBSP.1.WELEC;KEN;2016;82.62217140105922;;
SCHBSP.1.WELEC;KEN;2023;69.59516446443632;;
SCHBSP.1.WELEC;KGZ;2017;100;;
SCHBSP.1.WELEC;KHM;2019;87.34600830078125;UIS_EST;
SCHBSP.1.WELEC;KHM;2021;75.46549835706462;;
SCHBSP.1.WELEC;KHM;2022;86.80536545305229;;
SCHBSP.1.WELEC;KHM;2023;89.11147451621694;;
SCHBSP.1.WELEC;KHM;2024;90.60810810810811;;
SCHBSP.1.WELEC;KIR;2020;69.0721649484536;;
SCHBSP.1.WELEC;KIR;2021;72.16494845360825;;
SCHBSP.1.WELEC;KIR;2022;73.19587628865979;;
SCHBSP.1.WELEC;KIR;2023;85.56701030927834;;
SCHBSP.1.WELEC;KIR;2024;87.62886597938144;;
SCHBSP.1.WELEC;KNA;2010;100;;
SCHBSP.1.WELEC;KNA;2014;100;;
SCHBSP.1.WELEC;KNA;2015;100;;
SCHBSP.1.WELEC;KNA;2016;100;;
SCHBSP.1.WELEC;KNA;2017;100;;
SCHBSP.1.WELEC;KNA;2018;100;;
SCHBSP.1.WELEC;KNA;2019;100;;
SCHBSP.1.WELEC;KNA;2020;100;;
SCHBSP.1.WELEC;KNA;2021;100;;
SCHBSP.1.WELEC;KNA;2022;100;;
SCHBSP.1.WELEC;KNA;2023;100;;
SCHBSP.1.WELEC;KNA;2024;100;;
SCHBSP.1.WELEC;KOR;2000;100;;
SCHBSP.1.WELEC;KOR;2001;100;;
SCHBSP.1.WELEC;KOR;2002;100;;
SCHBSP.1.WELEC;KOR;2003;100;;
SCHBSP.1.WELEC;KOR;2004;100;;
SCHBSP.1.WELEC;KOR;2005;100;;
SCHBSP.1.WELEC;KOR;2006;100;;
SCHBSP.1.WELEC;KOR;2007;100;;
SCHBSP.1.WELEC;KOR;2008;100;;
SCHBSP.1.WELEC;KOR;2009;100;;
SCHBSP.1.WELEC;KOR;2010;100;;
SCHBSP.1.WELEC;KOR;2011;100;;
SCHBSP.1.WELEC;KOR;2012;100;;
SCHBSP.1.WELEC;KOR;2013;100;;
SCHBSP.1.WELEC;KOR;2014;100;;
SCHBSP.1.WELEC;KOR;2015;100;;
SCHBSP.1.WELEC;KOR;2016;100;;
SCHBSP.1.WELEC;KOR;2017;100;;
SCHBSP.1.WELEC;KOR;2018;100;;
SCHBSP.1.WELEC;KOR;2019;100;;
SCHBSP.1.WELEC;KOR;2020;100;;
SCHBSP.1.WELEC;KOR;2021;100;;
SCHBSP.1.WELEC;KOR;2022;100;;
SCHBSP.1.WELEC;KWT;2016;100;;
SCHBSP.1.WELEC;KWT;2017;100;;
SCHBSP.1.WELEC;KWT;2018;100;;
SCHBSP.1.WELEC;KWT;2019;100;;
SCHBSP.1.WELEC;KWT;2020;100;;
SCHBSP.1.WELEC;KWT;2021;100;;
SCHBSP.1.WELEC;LAO;2012;18.73877917414721;;
SCHBSP.1.WELEC;LAO;2016;37.26308664259928;;
SCHBSP.1.WELEC;LAO;2019;50.18070928393946;;
SCHBSP.1.WELEC;LAO;2020;54.0580367263659;;
SCHBSP.1.WELEC;LAO;2021;57.65346646998751;;
SCHBSP.1.WELEC;LAO;2022;59.27829165239237;;
SCHBSP.1.WELEC;LAO;2023;62.54299472598029;;
SCHBSP.1.WELEC;LAO;2024;64.57228498962417;;
SCHBSP.1.WELEC;LAO;2025;67.02953097857556;;
SCHBSP.1.WELEC;LBN;2016;100;;
SCHBSP.1.WELEC;LBN;2017;100;;
SCHBSP.1.WELEC;LBN;2018;100;;
SCHBSP.1.WELEC;LBN;2019;100;;
SCHBSP.1.WELEC;LBN;2020;100;;
SCHBSP.1.WELEC;LBN;2021;100;;
SCHBSP.1.WELEC;LBN;2022;100;;
SCHBSP.1.WELEC;LBN;2023;100;;
SCHBSP.1.WELEC;LBN;2024;100;;
SCHBSP.1.WELEC;LBR;2016;11.79992008209229;;
SCHBSP.1.WELEC;LBR;2017;10.28758926848099;;
SCHBSP.1.WELEC;LBR;2020;18.5506298053329;;
SCHBSP.1.WELEC;LBR;2021;23.3459682977257;;
SCHBSP.1.WELEC;LBR;2022;24.25759668508287;;
SCHBSP.1.WELEC;LCA;2010;100;;
SCHBSP.1.WELEC;LCA;2016;98.75;;
SCHBSP.1.WELEC;LCA;2017;98.75;;
SCHBSP.1.WELEC;LCA;2018;100;;
SCHBSP.1.WELEC;LCA;2019;98.75;;
SCHBSP.1.WELEC;LCA;2020;100;;
SCHBSP.1.WELEC;LCA;2022;100;;
SCHBSP.1.WELEC;LCA;2023;100;;
SCHBSP.1.WELEC;LKA;2016;93.9260374113094;;
SCHBSP.1.WELEC;LKA;2017;95.83558096882079;;
SCHBSP.1.WELEC;LKA;2018;99.14437344308459;;
SCHBSP.1.WELEC;LKA;2019;98.51827817434567;;
SCHBSP.1.WELEC;LKA;2020;98.84715306343365;;
SCHBSP.1.WELEC;LKA;2021;99.67511371020143;;
SCHBSP.1.WELEC;LKA;2022;99.68577310651207;;
SCHBSP.1.WELEC;LKA;2023;99.84784262580155;;
SCHBSP.1.WELEC;LSO;2013;11.61684989929199;;
SCHBSP.1.WELEC;LTU;2017;100;;
SCHBSP.1.WELEC;LTU;2018;100;;
SCHBSP.1.WELEC;LTU;2019;100;;
SCHBSP.1.WELEC;LTU;2020;100;;
SCHBSP.1.WELEC;LTU;2021;100;;
SCHBSP.1.WELEC;LTU;2022;100;;
SCHBSP.1.WELEC;LTU;2023;100;;
SCHBSP.1.WELEC;LUX;2012;100;;
SCHBSP.1.WELEC;LUX;2013;100;;
SCHBSP.1.WELEC;LUX;2014;100;;
SCHBSP.1.WELEC;LUX;2015;100;;
SCHBSP.1.WELEC;LUX;2016;100;;
SCHBSP.1.WELEC;LUX;2017;100;;
SCHBSP.1.WELEC;LUX;2018;100;;
SCHBSP.1.WELEC;LUX;2019;100;;
SCHBSP.1.WELEC;LUX;2021;100;;
SCHBSP.1.WELEC;LVA;2016;100;;
SCHBSP.1.WELEC;MAC;2016;100;;
SCHBSP.1.WELEC;MAC;2017;100;;
SCHBSP.1.WELEC;MAC;2018;100;;
SCHBSP.1.WELEC;MAC;2019;100;;
SCHBSP.1.WELEC;MAC;2020;100;;
SCHBSP.1.WELEC;MAC;2021;100;;
SCHBSP.1.WELEC;MAC;2022;100;;
SCHBSP.1.WELEC;MAC;2023;100;;
SCHBSP.1.WELEC;MAC;2024;100;;
SCHBSP.1.WELEC;MAR;2016;93.11698257706298;;
SCHBSP.1.WELEC;MAR;2017;94.61849656599868;;
SCHBSP.1.WELEC;MAR;2018;95.64655967533665;;
SCHBSP.1.WELEC;MAR;2019;96.18705035971223;;
SCHBSP.1.WELEC;MAR;2020;97.15112201963534;;
SCHBSP.1.WELEC;MAR;2021;97.46097100703379;;
SCHBSP.1.WELEC;MAR;2022;97.74997901099823;;
SCHBSP.1.WELEC;MAR;2023;97.64309764309765;;
SCHBSP.1.WELEC;MAR;2024;97.75208215411983;;
SCHBSP.1.WELEC;MCO;2016;100;;
SCHBSP.1.WELEC;MCO;2017;100;;
SCHBSP.1.WELEC;MCO;2018;100;;
SCHBSP.1.WELEC;MCO;2019;100;;
SCHBSP.1.WELEC;MCO;2020;100;;
SCHBSP.1.WELEC;MCO;2021;100;;
SCHBSP.1.WELEC;MCO;2022;100;;
SCHBSP.1.WELEC;MCO;2023;100;;
SCHBSP.1.WELEC;MCO;2024;100;;
SCHBSP.1.WELEC;MDA;2016;100;;
SCHBSP.1.WELEC;MDA;2017;100;;
SCHBSP.1.WELEC;MDA;2018;100;;
SCHBSP.1.WELEC;MDA;2019;100;;
SCHBSP.1.WELEC;MDG;2016;8.527402700555998;;
SCHBSP.1.WELEC;MDG;2017;8.948165548789913;;
SCHBSP.1.WELEC;MDG;2018;8.318853833257126;;
SCHBSP.1.WELEC;MDG;2019;8.244062886629047;;
SCHBSP.1.WELEC;MDG;2022;11.1956137247966;;
SCHBSP.1.WELEC;MDG;2023;11.35635765602008;;
SCHBSP.1.WELEC;MDG;2024;11.86080752024463;;
SCHBSP.1.WELEC;MDG: Caribbean;2009;93.94927978515625;UIS_EST;
SCHBSP.1.WELEC;MDG: Caribbean;2021;93.99845123291016;UIS_EST;
SCHBSP.1.WELEC;MDG: Caribbean;2022;93.4065933227539;UIS_EST;
SCHBSP.1.WELEC;MDG: Caribbean;2023;94.24392700195312;UIS_EST;
SCHBSP.1.WELEC;MDG: Caribbean;2024;94.24617004394531;UIS_EST;
SCHBSP.1.WELEC;MDG: Caucasus and Central Asia;2016;100;UIS_EST;
SCHBSP.1.WELEC;MDG: Caucasus and Central Asia;2017;99.97734069824219;;
SCHBSP.1.WELEC;MDG: Caucasus and Central Asia;2018;100;;
SCHBSP.1.WELEC;MDG: Caucasus and Central Asia;2019;100;;
SCHBSP.1.WELEC;MDG: Caucasus and Central Asia;2020;100;;
SCHBSP.1.WELEC;MDG: Caucasus and Central Asia;2021;100;;
SCHBSP.1.WELEC;MDG: Caucasus and Central Asia;2022;100;UIS_EST;
SCHBSP.1.WELEC;MDG: Caucasus and Central Asia;2023;100;UIS_EST;
SCHBSP.1.WELEC;MDG: Caucasus and Central Asia;2024;100;;
SCHBSP.1.WELEC;MDG: Developed regions;2000;98.87512969970703;UIS_EST;
SCHBSP.1.WELEC;MDG: Developed regions;2001;98.8685302734375;UIS_EST;
SCHBSP.1.WELEC;MDG: Developed regions;2002;98.85767364501953;UIS_EST;
SCHBSP.1.WELEC;MDG: Developed regions;2003;98.85275268554688;UIS_EST;
SCHBSP.1.WELEC;MDG: Developed regions;2004;98.8480224609375;UIS_EST;
SCHBSP.1.WELEC;MDG: Developed regions;2005;98.84078979492188;UIS_EST;
SCHBSP.1.WELEC;MDG: Developed regions;2006;98.8363265991211;UIS_EST;
SCHBSP.1.WELEC;MDG: Developed regions;2007;98.82634735107422;UIS_EST;
SCHBSP.1.WELEC;MDG: Developed regions;2008;98.82108306884766;UIS_EST;
SCHBSP.1.WELEC;MDG: Developed regions;2009;98.81729888916016;UIS_EST;
SCHBSP.1.WELEC;MDG: Developed regions;2010;98.81340789794922;UIS_EST;
SCHBSP.1.WELEC;MDG: Developed regions;2011;98.805419921875;UIS_EST;
SCHBSP.1.WELEC;MDG: Developed regions;2012;98.80696105957031;UIS_EST;
SCHBSP.1.WELEC;MDG: Developed regions;2013;98.8104476928711;UIS_EST;
SCHBSP.1.WELEC;MDG: Developed regions;2014;98.81720733642578;UIS_EST;
SCHBSP.1.WELEC;MDG: Developed regions;2015;98.82752990722656;;
SCHBSP.1.WELEC;MDG: Developed regions;2016;98.837158203125;UIS_EST;
SCHBSP.1.WELEC;MDG: Developed regions;2017;98.87288665771484;UIS_EST;
SCHBSP.1.WELEC;MDG: Developed regions;2018;98.83641815185547;UIS_EST;
SCHBSP.1.WELEC;MDG: Developed regions;2019;98.8118896484375;;
SCHBSP.1.WELEC;MDG: Developed regions;2020;98.87433624267578;UIS_EST;
SCHBSP.1.WELEC;MDG: Developed regions;2021;98.91285705566406;UIS_EST;
SCHBSP.1.WELEC;MDG: Developed regions;2022;98.96587371826172;UIS_EST;
SCHBSP.1.WELEC;MDG: Developing regions;2011;59.94506072998047;UIS_EST;
SCHBSP.1.WELEC;MDG: Developing regions;2012;59.85451126098633;UIS_EST;
SCHBSP.1.WELEC;MDG: Developing regions;2013;60.67961120605469;UIS_EST;
SCHBSP.1.WELEC;MDG: Developing regions;2014;61.57114028930664;UIS_EST;
SCHBSP.1.WELEC;MDG: Developing regions;2015;62.4687614440918;UIS_EST;
SCHBSP.1.WELEC;MDG: Developing regions;2016;63.48517990112305;UIS_EST;
SCHBSP.1.WELEC;MDG: Developing regions;2017;63.96305084228516;;
SCHBSP.1.WELEC;MDG: Developing regions;2018;64.63648986816406;UIS_EST;
SCHBSP.1.WELEC;MDG: Developing regions;2019;68.3340835571289;UIS_EST;
SCHBSP.1.WELEC;MDG: Developing regions;2020;71.59532165527344;UIS_EST;
SCHBSP.1.WELEC;MDG: Developing regions;2021;71.50015258789062;UIS_EST;
SCHBSP.1.WELEC;MDG: Developing regions;2022;73.75939178466797;UIS_EST;
SCHBSP.1.WELEC;MDG: Developing regions;2023;75.2041015625;UIS_EST;
SCHBSP.1.WELEC;MDG: Developing regions;2024;75.37338256835938;UIS_EST;
SCHBSP.1.WELEC;MDG: Eastern Asia;2016;99.00359344482422;UIS_EST;
SCHBSP.1.WELEC;MDG: Eastern Asia;2017;99.00238037109375;;
SCHBSP.1.WELEC;MDG: Eastern Asia;2018;99.00054168701172;;
SCHBSP.1.WELEC;MDG: Eastern Asia;2019;99.10893249511719;;
SCHBSP.1.WELEC;MDG: Eastern Asia;2020;99.19835662841797;;
SCHBSP.1.WELEC;MDG: Eastern Asia;2021;99.20121002197266;;
SCHBSP.1.WELEC;MDG: Eastern Asia;2022;98.9924087524414;;
SCHBSP.1.WELEC;MDG: Eastern Asia;2023;98.96369934082031;;
SCHBSP.1.WELEC;MDG: Eastern Asia;2024;99.0123062133789;;
SCHBSP.1.WELEC;MDG: Eastern Asia (excluding China);2000;94.07483673095703;UIS_EST;
SCHBSP.1.WELEC;MDG: Eastern Asia (excluding China);2001;94.10578918457031;UIS_EST;
SCHBSP.1.WELEC;MDG: Eastern Asia (excluding China);2002;94.1315689086914;UIS_EST;
SCHBSP.1.WELEC;MDG: Eastern Asia (excluding China);2003;94.15904998779297;UIS_EST;
SCHBSP.1.WELEC;MDG: Eastern Asia (excluding China);2004;94.19007873535156;UIS_EST;
SCHBSP.1.WELEC;MDG: Eastern Asia (excluding China);2005;94.22406005859375;UIS_EST;
SCHBSP.1.WELEC;MDG: Eastern Asia (excluding China);2006;94.24649810791016;UIS_EST;
SCHBSP.1.WELEC;MDG: Eastern Asia (excluding China);2007;94.23577117919922;UIS_EST;
SCHBSP.1.WELEC;MDG: Eastern Asia (excluding China);2008;94.24649810791016;UIS_EST;
SCHBSP.1.WELEC;MDG: Eastern Asia (excluding China);2009;94.23811340332031;UIS_EST;
SCHBSP.1.WELEC;MDG: Eastern Asia (excluding China);2010;94.25509643554688;UIS_EST;
SCHBSP.1.WELEC;MDG: Eastern Asia (excluding China);2011;94.2818832397461;UIS_EST;
SCHBSP.1.WELEC;MDG: Eastern Asia (excluding China);2012;94.29915618896484;UIS_EST;
SCHBSP.1.WELEC;MDG: Eastern Asia (excluding China);2013;94.51775360107422;UIS_EST;
SCHBSP.1.WELEC;MDG: Eastern Asia (excluding China);2014;94.73399353027344;UIS_EST;
SCHBSP.1.WELEC;MDG: Eastern Asia (excluding China);2015;94.95529174804688;UIS_EST;
SCHBSP.1.WELEC;MDG: Eastern Asia (excluding China);2016;95.16950988769531;UIS_EST;
SCHBSP.1.WELEC;MDG: Eastern Asia (excluding China);2017;95.38990783691406;UIS_EST;
SCHBSP.1.WELEC;MDG: Eastern Asia (excluding China);2018;95.55683898925781;UIS_EST;
SCHBSP.1.WELEC;MDG: Eastern Asia (excluding China);2019;95.78205108642578;UIS_EST;
SCHBSP.1.WELEC;MDG: Eastern Asia (excluding China);2020;96.02982330322266;UIS_EST;
SCHBSP.1.WELEC;MDG: Eastern Asia (excluding China);2021;96.13585662841797;UIS_EST;
SCHBSP.1.WELEC;MDG: Eastern Asia (excluding China);2022;96.327880859375;UIS_EST;
SCHBSP.1.WELEC;MDG: Eastern Asia (excluding China);2023;96.5241928100586;UIS_EST;
SCHBSP.1.WELEC;MDG: Latin America;2009;84.39498138427734;UIS_EST;
SCHBSP.1.WELEC;MDG: Latin America;2010;84.38581848144531;UIS_EST;
SCHBSP.1.WELEC;MDG: Latin America;2011;84.87296295166016;UIS_EST;
SCHBSP.1.WELEC;MDG: Latin America;2012;85.45838928222656;UIS_EST;
SCHBSP.1.WELEC;MDG: Latin America;2013;86.02314758300781;UIS_EST;
SCHBSP.1.WELEC;MDG: Latin America;2014;86.59523010253906;UIS_EST;
SCHBSP.1.WELEC;MDG: Latin America;2015;87.17794036865234;UIS_EST;
SCHBSP.1.WELEC;MDG: Latin America;2016;87.78756713867188;UIS_EST;
SCHBSP.1.WELEC;MDG: Latin America;2017;87.69805145263672;UIS_EST;
SCHBSP.1.WELEC;MDG: Latin America;2018;87.40009307861328;UIS_EST;
SCHBSP.1.WELEC;MDG: Latin America;2019;87.71832275390625;UIS_EST;
SCHBSP.1.WELEC;MDG: Latin America;2020;86.86080932617188;UIS_EST;
SCHBSP.1.WELEC;MDG: Latin America;2021;86.15937042236328;UIS_EST;
SCHBSP.1.WELEC;MDG: Latin America;2022;86.27310180664062;UIS_EST;
SCHBSP.1.WELEC;MDG: Latin America;2023;88.1327896118164;UIS_EST;
SCHBSP.1.WELEC;MDG: Latin America and the Caribbean;2009;85.03507995605469;UIS_EST;
SCHBSP.1.WELEC;MDG: Latin America and the Caribbean;2010;85.01847839355469;UIS_EST;
SCHBSP.1.WELEC;MDG: Latin America and the Caribbean;2011;85.44046783447266;UIS_EST;
SCHBSP.1.WELEC;MDG: Latin America and the Caribbean;2012;85.9476089477539;UIS_EST;
SCHBSP.1.WELEC;MDG: Latin America and the Caribbean;2013;86.48651123046875;UIS_EST;
SCHBSP.1.WELEC;MDG: Latin America and the Caribbean;2014;87.03076171875;UIS_EST;
SCHBSP.1.WELEC;MDG: Latin America and the Caribbean;2015;87.58348846435547;UIS_EST;
SCHBSP.1.WELEC;MDG: Latin America and the Caribbean;2016;88.15998077392578;UIS_EST;
SCHBSP.1.WELEC;MDG: Latin America and the Caribbean;2017;88.08216094970703;UIS_EST;
SCHBSP.1.WELEC;MDG: Latin America and the Caribbean;2018;87.831298828125;UIS_EST;
SCHBSP.1.WELEC;MDG: Latin America and the Caribbean;2019;88.13397979736328;UIS_EST;
SCHBSP.1.WELEC;MDG: Latin America and the Caribbean;2020;87.3372573852539;UIS_EST;
SCHBSP.1.WELEC;MDG: Latin America and the Caribbean;2021;86.69519805908203;UIS_EST;
SCHBSP.1.WELEC;MDG: Latin America and the Caribbean;2022;86.75988006591797;UIS_EST;
SCHBSP.1.WELEC;MDG: Latin America and the Caribbean;2023;88.53257751464844;UIS_EST;
SCHBSP.1.WELEC;MDG: Northern Africa;2012;97.5124282836914;UIS_EST;
SCHBSP.1.WELEC;MDG: Northern Africa;2013;97.56130981445312;UIS_EST;
SCHBSP.1.WELEC;MDG: Northern Africa;2014;97.63172149658203;UIS_EST;
SCHBSP.1.WELEC;MDG: Northern Africa;2015;97.69818878173828;UIS_EST;
SCHBSP.1.WELEC;MDG: Northern Africa;2016;97.76113891601562;;
SCHBSP.1.WELEC;MDG: Northern Africa;2017;98.03272247314453;UIS_EST;
SCHBSP.1.WELEC;MDG: Northern Africa;2019;98.33088684082031;UIS_EST;
SCHBSP.1.WELEC;MDG: Northern Africa;2020;98.43090057373047;UIS_EST;
SCHBSP.1.WELEC;MDG: Northern Africa;2021;98.48623657226562;UIS_EST;
SCHBSP.1.WELEC;MDG: Northern Africa;2022;98.60894012451172;UIS_EST;
SCHBSP.1.WELEC;MDG: Northern Africa;2023;98.68028259277344;UIS_EST;
SCHBSP.1.WELEC;MDG: Northern Africa;2024;98.70845794677734;UIS_EST;
SCHBSP.1.WELEC;MDG: South-eastern Asia;2011;77.59002685546875;UIS_EST;
SCHBSP.1.WELEC;MDG: South-eastern Asia;2012;78.20716094970703;UIS_EST;
SCHBSP.1.WELEC;MDG: South-eastern Asia;2013;79.35423278808594;UIS_EST;
SCHBSP.1.WELEC;MDG: South-eastern Asia;2014;80.5498275756836;UIS_EST;
SCHBSP.1.WELEC;MDG: South-eastern Asia;2015;81.78983306884766;UIS_EST;
SCHBSP.1.WELEC;MDG: South-eastern Asia;2016;83.08724975585938;;
SCHBSP.1.WELEC;MDG: South-eastern Asia;2017;85.26545715332031;;
SCHBSP.1.WELEC;MDG: South-eastern Asia;2018;85.88887786865234;;
SCHBSP.1.WELEC;MDG: South-eastern Asia;2019;86.69487762451172;UIS_EST;
SCHBSP.1.WELEC;MDG: South-eastern Asia;2020;87.41545867919922;UIS_EST;
SCHBSP.1.WELEC;MDG: South-eastern Asia;2021;87.78349304199219;UIS_EST;
SCHBSP.1.WELEC;MDG: South-eastern Asia;2022;88.24018096923828;UIS_EST;
SCHBSP.1.WELEC;MDG: South-eastern Asia;2023;88.68094635009766;UIS_EST;
SCHBSP.1.WELEC;MDG: South-eastern Asia;2024;88.94442749023438;;
SCHBSP.1.WELEC;MDG: Southern Asia;2011;47.03425979614258;UIS_EST;
SCHBSP.1.WELEC;MDG: Southern Asia;2012;47.10356903076172;;
SCHBSP.1.WELEC;MDG: Southern Asia;2013;47.93418121337891;UIS_EST;
SCHBSP.1.WELEC;MDG: Southern Asia;2014;48.8259391784668;UIS_EST;
SCHBSP.1.WELEC;MDG: Southern Asia;2015;49.76992034912109;UIS_EST;
SCHBSP.1.WELEC;MDG: Southern Asia;2016;50.7736701965332;;
SCHBSP.1.WELEC;MDG: Southern Asia;2017;52.49477005004883;;
SCHBSP.1.WELEC;MDG: Southern Asia;2018;54.67417907714844;;
SCHBSP.1.WELEC;MDG: Southern Asia;2019;63.82191848754883;;
SCHBSP.1.WELEC;MDG: Southern Asia;2020;71.91499328613281;;
SCHBSP.1.WELEC;MDG: Southern Asia;2021;72.38459777832031;;
SCHBSP.1.WELEC;MDG: Southern Asia;2022;77.65074157714844;;
SCHBSP.1.WELEC;MDG: Southern Asia;2023;80.17999267578125;;
SCHBSP.1.WELEC;MDG: Southern Asia;2024;80.26885986328125;;
SCHBSP.1.WELEC;MDG: Southern Asia (excluding India);2011;52.47822952270508;UIS_EST;
SCHBSP.1.WELEC;MDG: Southern Asia (excluding India);2012;52.57519912719727;UIS_EST;
SCHBSP.1.WELEC;MDG: Southern Asia (excluding India);2013;53.76018905639648;UIS_EST;
SCHBSP.1.WELEC;MDG: Southern Asia (excluding India);2014;55.00677108764648;UIS_EST;
SCHBSP.1.WELEC;MDG: Southern Asia (excluding India);2015;56.23807144165039;UIS_EST;
SCHBSP.1.WELEC;MDG: Southern Asia (excluding India);2016;57.4509391784668;UIS_EST;
SCHBSP.1.WELEC;MDG: Southern Asia (excluding India);2017;58.62657928466797;UIS_EST;
SCHBSP.1.WELEC;MDG: Southern Asia (excluding India);2018;60.31069183349609;UIS_EST;
SCHBSP.1.WELEC;MDG: Southern Asia (excluding India);2019;61.20001983642578;UIS_EST;
SCHBSP.1.WELEC;MDG: Southern Asia (excluding India);2020;62.75574111938477;UIS_EST;
SCHBSP.1.WELEC;MDG: Southern Asia (excluding India);2021;63.26045989990234;UIS_EST;
SCHBSP.1.WELEC;MDG: Southern Asia (excluding India);2023;63.99369812011719;UIS_EST;
SCHBSP.1.WELEC;MDG: Southern Asia (excluding India);2024;64.21234893798828;UIS_EST;
SCHBSP.1.WELEC;MDG: Sub-Saharan Africa;2015;33.09286880493164;UIS_EST;
SCHBSP.1.WELEC;MDG: Sub-Saharan Africa;2016;34.04130172729492;UIS_EST;
SCHBSP.1.WELEC;MDG: Sub-Saharan Africa;2017;33.89807891845703;UIS_EST;
SCHBSP.1.WELEC;MDG: Sub-Saharan Africa;2018;33.84074020385742;UIS_EST;
SCHBSP.1.WELEC;MDG: Sub-Saharan Africa;2019;33.75587844848633;UIS_EST;
SCHBSP.1.WELEC;MDG: Sub-Saharan Africa;2020;34.75207138061523;UIS_EST;
SCHBSP.1.WELEC;MDG: Sub-Saharan Africa;2021;34.67712020874023;UIS_EST;
SCHBSP.1.WELEC;MDG: Sub-Saharan Africa;2022;36.06420135498047;UIS_EST;
SCHBSP.1.WELEC;MDG: Sub-Saharan Africa;2023;36.62535858154297;UIS_EST;
SCHBSP.1.WELEC;MDG: Sub-Saharan Africa;2024;36.8680305480957;UIS_EST;
SCHBSP.1.WELEC;MDG: Western Asia;2011;95.03996276855469;UIS_EST;
SCHBSP.1.WELEC;MDG: Western Asia;2012;95.1189193725586;UIS_EST;
SCHBSP.1.WELEC;MDG: Western Asia;2013;95.03352355957031;UIS_EST;
SCHBSP.1.WELEC;MDG: Western Asia;2014;95.16957092285156;UIS_EST;
SCHBSP.1.WELEC;MDG: Western Asia;2015;95.2870864868164;UIS_EST;
SCHBSP.1.WELEC;MDG: Western Asia;2016;95.40447998046875;UIS_EST;
SCHBSP.1.WELEC;MDG: Western Asia;2017;95.53192138671875;UIS_EST;
SCHBSP.1.WELEC;MDG: Western Asia;2018;95.7132797241211;UIS_EST;
SCHBSP.1.WELEC;MDG: Western Asia;2019;95.7632064819336;UIS_EST;
SCHBSP.1.WELEC;MDG: Western Asia;2020;95.6585922241211;;
SCHBSP.1.WELEC;MDG: Western Asia;2021;95.49494171142578;;
SCHBSP.1.WELEC;MDG: Western Asia;2022;95.7484130859375;;
SCHBSP.1.WELEC;MDG: Western Asia;2023;95.98480224609375;UIS_EST;
SCHBSP.1.WELEC;MDG: Western Asia;2024;96.02555847167969;UIS_EST;
SCHBSP.1.WELEC;MDG: World;2011;64.3851318359375;UIS_EST;
SCHBSP.1.WELEC;MDG: World;2012;64.25755310058594;UIS_EST;
SCHBSP.1.WELEC;MDG: World;2013;65.00534057617188;UIS_EST;
SCHBSP.1.WELEC;MDG: World;2014;65.81578826904297;UIS_EST;
SCHBSP.1.WELEC;MDG: World;2015;66.63919830322266;UIS_EST;
SCHBSP.1.WELEC;MDG: World;2016;67.56622314453125;UIS_EST;
SCHBSP.1.WELEC;MDG: World;2017;67.97289276123047;UIS_EST;
SCHBSP.1.WELEC;MDG: World;2018;68.55921173095703;UIS_EST;
SCHBSP.1.WELEC;MDG: World;2019;71.85128021240234;UIS_EST;
SCHBSP.1.WELEC;MDG: World;2020;74.73370361328125;UIS_EST;
SCHBSP.1.WELEC;MDG: World;2021;74.66136169433594;UIS_EST;
SCHBSP.1.WELEC;MDG: World;2022;76.6810302734375;UIS_EST;
SCHBSP.1.WELEC;MDG: World;2023;77.95880126953125;UIS_EST;
SCHBSP.1.WELEC;MDG: World;2024;78.12642669677734;UIS_EST;
SCHBSP.1.WELEC;MDV;2012;100;;
SCHBSP.1.WELEC;MDV;2016;100;;
SCHBSP.1.WELEC;MDV;2017;100;;
SCHBSP.1.WELEC;MDV;2018;100;;
SCHBSP.1.WELEC;MDV;2019;100;;
SCHBSP.1.WELEC;MDV;2023;100;;
SCHBSP.1.WELEC;MDV;2024;100;;
SCHBSP.1.WELEC;MEX;2013;97.16094970703125;UIS_EST;
SCHBSP.1.WELEC;MEX;2019;98.11607360839844;UIS_EST;
SCHBSP.1.WELEC;MEX;2021;89.42413330078125;;
SCHBSP.1.WELEC;MHL;2016;54.25531914893617;;
SCHBSP.1.WELEC;MHL;2019;74.46808510638297;;
SCHBSP.1.WELEC;MHL;2020;74.46808510638297;;
SCHBSP.1.WELEC;MHL;2021;73.91304347826086;;
SCHBSP.1.WELEC;MHL;2022;86.95652173913044;;
SCHBSP.1.WELEC;MHL;2023;85.86956521739131;;
SCHBSP.1.WELEC;MLI;2017;15.56611000459629;;
SCHBSP.1.WELEC;MLI;2023;18.00418140881312;;
SCHBSP.1.WELEC;MMR;2017;27.3897590637207;;
SCHBSP.1.WELEC;MMR;2019;63.80796051025391;UIS_EST;
SCHBSP.1.WELEC;MNG;2010;100;;
SCHBSP.1.WELEC;MNG;2011;100;;
SCHBSP.1.WELEC;MNG;2012;100;;
SCHBSP.1.WELEC;MNG;2014;100;;
SCHBSP.1.WELEC;MNG;2015;100;;
SCHBSP.1.WELEC;MNG;2016;100;;
SCHBSP.1.WELEC;MNG;2017;100;;
SCHBSP.1.WELEC;MNG;2018;100;;
SCHBSP.1.WELEC;MNG;2019;100;;
SCHBSP.1.WELEC;MNG;2020;100;;
SCHBSP.1.WELEC;MNG;2021;100;;
SCHBSP.1.WELEC;MNG;2022;100;;
SCHBSP.1.WELEC;MNG;2023;100;;
SCHBSP.1.WELEC;MNG;2024;100;;
SCHBSP.1.WELEC;MRT;2016;28.30952380952381;;
SCHBSP.1.WELEC;MRT;2017;28.49449777569656;;
SCHBSP.1.WELEC;MRT;2018;39.57271182325808;;
SCHBSP.1.WELEC;MRT;2019;44.00099157164105;;
SCHBSP.1.WELEC;MRT;2020;39.14865460961624;;
SCHBSP.1.WELEC;MSR;2010;100;;
SCHBSP.1.WELEC;MSR;2012;100;;
SCHBSP.1.WELEC;MSR;2013;100;;
SCHBSP.1.WELEC;MSR;2014;100;;
SCHBSP.1.WELEC;MSR;2015;100;;
SCHBSP.1.WELEC;MSR;2016;100;;
SCHBSP.1.WELEC;MSR;2017;100;;
SCHBSP.1.WELEC;MSR;2018;100;;
SCHBSP.1.WELEC;MSR;2019;100;;
SCHBSP.1.WELEC;MSR;2020;100;;
SCHBSP.1.WELEC;MSR;2021;100;;
SCHBSP.1.WELEC;MSR;2022;100;;
SCHBSP.1.WELEC;MSR;2023;100;;
SCHBSP.1.WELEC;MSR;2024;100;;
SCHBSP.1.WELEC;MUS;2010;100;;
SCHBSP.1.WELEC;MUS;2011;100;;
SCHBSP.1.WELEC;MUS;2012;97.5;;
SCHBSP.1.WELEC;MUS;2013;100;;
SCHBSP.1.WELEC;MUS;2014;100;;
SCHBSP.1.WELEC;MUS;2015;100;;
SCHBSP.1.WELEC;MUS;2016;100;;
SCHBSP.1.WELEC;MUS;2017;100;;
SCHBSP.1.WELEC;MUS;2018;100;;
SCHBSP.1.WELEC;MUS;2020;100;;
SCHBSP.1.WELEC;MUS;2021;100;;
SCHBSP.1.WELEC;MUS;2023;100;;
SCHBSP.1.WELEC;MUS;2024;100;;
SCHBSP.1.WELEC;MWI;2016;22.32264665757162;;
SCHBSP.1.WELEC;MWI;2017;23.67683429513603;;
SCHBSP.1.WELEC;MWI;2018;24.95552320879832;;
SCHBSP.1.WELEC;MWI;2019;27.29988991979871;;
SCHBSP.1.WELEC;MWI;2020;29.004329004329;;
SCHBSP.1.WELEC;MWI;2021;30.00151906425642;;
SCHBSP.1.WELEC;MWI;2022;32.31111111111111;;
SCHBSP.1.WELEC;MWI;2023;33.99482312338223;;
SCHBSP.1.WELEC;MYS;2011;100;;
SCHBSP.1.WELEC;MYS;2016;99.97502185587611;;
SCHBSP.1.WELEC;MYS;2017;100;;
SCHBSP.1.WELEC;MYS;2018;99.98769987699878;;
SCHBSP.1.WELEC;MYS;2019;99.98752806186081;;
SCHBSP.1.WELEC;MYS;2020;100;;
SCHBSP.1.WELEC;MYS;2021;100;;
SCHBSP.1.WELEC;MYS;2022;100;;
SCHBSP.1.WELEC;MYS;2023;100;;
SCHBSP.1.WELEC;MYS;2024;100;;
SCHBSP.1.WELEC;NAM;2014;71.68831168831169;;
SCHBSP.1.WELEC;NAM;2015;75.27018436109346;;
SCHBSP.1.WELEC;NAM;2016;77.23325062034739;;
SCHBSP.1.WELEC;NAM;2017;71.17987823486328;;
SCHBSP.1.WELEC;NAM;2018;72.55461120605469;;
SCHBSP.1.WELEC;NAM;2019;82.01438848920863;;
SCHBSP.1.WELEC;NAM;2020;80.58997050147492;;
SCHBSP.1.WELEC;NAM;2021;85.8053302433372;;
SCHBSP.1.WELEC;NAM;2022;88.1336405529954;;
SCHBSP.1.WELEC;NAM;2023;90.98083427282975;;
SCHBSP.1.WELEC;NAM;2024;89.88888888888889;;
SCHBSP.1.WELEC;NER;2013;4.405030635278942;;
SCHBSP.1.WELEC;NER;2014;3.85175895690918;UIS_EST;
SCHBSP.1.WELEC;NER;2016;3.07238326679396;;
SCHBSP.1.WELEC;NER;2017;5.176589872134287;;
SCHBSP.1.WELEC;NER;2018;5.39538020569887;;
SCHBSP.1.WELEC;NER;2019;6.734819974161659;;
SCHBSP.1.WELEC;NER;2021;10.2926668858928;;
SCHBSP.1.WELEC;NER;2023;7.637429487888508;;
SCHBSP.1.WELEC;NER;2024;7.524204702627939;;
SCHBSP.1.WELEC;NIC;2010;24.15085983276367;;
SCHBSP.1.WELEC;NIC;2013;39.02389144897461;UIS_EST;
SCHBSP.1.WELEC;NIC;2019;51.28268051147461;UIS_EST;
SCHBSP.1.WELEC;NIC;2022;32.03310012817383;;
SCHBSP.1.WELEC;NIU;2016;100;;
SCHBSP.1.WELEC;NIU;2019;100;;
SCHBSP.1.WELEC;NIU;2020;100;;
SCHBSP.1.WELEC;NIU;2021;100;;
SCHBSP.1.WELEC;NIU;2022;100;;
SCHBSP.1.WELEC;NIU;2023;100;;
SCHBSP.1.WELEC;NIU;2024;100;;
SCHBSP.1.WELEC;NIU;2025;100;;
SCHBSP.1.WELEC;NLD;2000;100;;
SCHBSP.1.WELEC;NLD;2001;100;;
SCHBSP.1.WELEC;NLD;2002;100;;
SCHBSP.1.WELEC;NLD;2003;100;;
SCHBSP.1.WELEC;NLD;2004;100;;
SCHBSP.1.WELEC;NLD;2005;100;;
SCHBSP.1.WELEC;NLD;2006;100;;
SCHBSP.1.WELEC;NLD;2007;100;;
SCHBSP.1.WELEC;NLD;2008;100;;
SCHBSP.1.WELEC;NLD;2009;100;;
SCHBSP.1.WELEC;NLD;2010;100;;
SCHBSP.1.WELEC;NLD;2011;100;;
SCHBSP.1.WELEC;NLD;2012;100;;
SCHBSP.1.WELEC;NLD;2013;100;;
SCHBSP.1.WELEC;NLD;2014;100;;
SCHBSP.1.WELEC;NLD;2015;100;;
SCHBSP.1.WELEC;NLD;2016;100;;
SCHBSP.1.WELEC;NLD;2017;100;;
SCHBSP.1.WELEC;NLD;2018;100;;
SCHBSP.1.WELEC;NLD;2019;100;;
SCHBSP.1.WELEC;NLD;2020;100;;
SCHBSP.1.WELEC;NLD;2021;100;;
SCHBSP.1.WELEC;NLD;2022;100;;
SCHBSP.1.WELEC;NOR;2000;100;;
SCHBSP.1.WELEC;NOR;2001;100;;
SCHBSP.1.WELEC;NOR;2002;100;;
SCHBSP.1.WELEC;NOR;2003;100;;
SCHBSP.1.WELEC;NOR;2004;100;;
SCHBSP.1.WELEC;NOR;2005;100;;
SCHBSP.1.WELEC;NOR;2006;100;;
SCHBSP.1.WELEC;NOR;2007;100;;
SCHBSP.1.WELEC;NOR;2008;100;;
SCHBSP.1.WELEC;NOR;2009;100;;
SCHBSP.1.WELEC;NOR;2010;100;;
SCHBSP.1.WELEC;NOR;2011;100;;
SCHBSP.1.WELEC;NOR;2012;100;;
SCHBSP.1.WELEC;NOR;2013;100;;
SCHBSP.1.WELEC;NOR;2014;100;;
SCHBSP.1.WELEC;NOR;2015;100;;
SCHBSP.1.WELEC;NOR;2016;100;;
SCHBSP.1.WELEC;NOR;2017;100;;
SCHBSP.1.WELEC;NOR;2018;100;;
SCHBSP.1.WELEC;NOR;2019;100;;
SCHBSP.1.WELEC;NOR;2020;100;;
SCHBSP.1.WELEC;NOR;2021;100;;
SCHBSP.1.WELEC;NOR;2022;100;;
SCHBSP.1.WELEC;NPL;2011;6.593440055847168;;
SCHBSP.1.WELEC;NPL;2020;50.31404113769531;;
SCHBSP.1.WELEC;NPL;2023;46.67881964224678;;
SCHBSP.1.WELEC;NPL;2024;59.81318928651812;;
SCHBSP.1.WELEC;NPL;2025;83.26515643072756;;
SCHBSP.1.WELEC;NRU;2016;66.66667175292969;;
SCHBSP.1.WELEC;NRU;2019;100;;
SCHBSP.1.WELEC;NRU;2020;100;;
SCHBSP.1.WELEC;NRU;2022;100;;
SCHBSP.1.WELEC;NRU;2023;100;;
SCHBSP.1.WELEC;NRU;2024;100;;
SCHBSP.1.WELEC;NRU;2025;100;;
SCHBSP.1.WELEC;OMN;2011;100;;
SCHBSP.1.WELEC;OMN;2016;100;;
SCHBSP.1.WELEC;OMN;2017;100;;
SCHBSP.1.WELEC;OMN;2018;100;;
SCHBSP.1.WELEC;OMN;2019;100;;
SCHBSP.1.WELEC;OMN;2020;100;;
SCHBSP.1.WELEC;OMN;2021;100;;
SCHBSP.1.WELEC;OMN;2022;100;;
SCHBSP.1.WELEC;OMN;2023;100;;
SCHBSP.1.WELEC;OMN;2024;100;;
SCHBSP.1.WELEC;PAK;2021;41.56073092878672;;
SCHBSP.1.WELEC;PAK;2022;46.65351530855189;;
SCHBSP.1.WELEC;PAK;2023;42.36709001717237;;
SCHBSP.1.WELEC;PAK;2024;41.26482311445025;;
SCHBSP.1.WELEC;PAN;2013;83.30783081054688;UIS_EST;
SCHBSP.1.WELEC;PAN;2019;82.24924012158054;;
SCHBSP.1.WELEC;PAN;2020;82.24924012158054;;
SCHBSP.1.WELEC;PAN;2022;82.24924012158054;;
SCHBSP.1.WELEC;PAN;2023;72.74193548387096;;
SCHBSP.1.WELEC;PER;2013;70.49478149414062;UIS_EST;
SCHBSP.1.WELEC;PER;2016;78.29739379882812;;
SCHBSP.1.WELEC;PER;2017;76.45011901855469;;
SCHBSP.1.WELEC;PER;2018;79.9347915649414;;
SCHBSP.1.WELEC;PER;2019;89.37006378173828;;
SCHBSP.1.WELEC;PER;2020;85.31192779541016;;
SCHBSP.1.WELEC;PER;2021;83.29737091064453;;
SCHBSP.1.WELEC;PER;2022;83.99453735351562;;
SCHBSP.1.WELEC;PER;2023;82.57131958007812;;
SCHBSP.1.WELEC;PER;2024;91.48764038085938;;
SCHBSP.1.WELEC;PHL;2010;80.99405511724017;;
SCHBSP.1.WELEC;PHL;2011;95.72584504285031;;
SCHBSP.1.WELEC;PHL;2012;95.72558794841227;;
SCHBSP.1.WELEC;PHL;2013;89.17158308751229;;
SCHBSP.1.WELEC;PHL;2014;89.23483923483924;;
SCHBSP.1.WELEC;PHL;2015;89.27860191018085;;
SCHBSP.1.WELEC;PHL;2016;89.34325408827858;;
SCHBSP.1.WELEC;PHL;2017;91.27164769915883;;
SCHBSP.1.WELEC;PHL;2018;93.93903845777855;;
SCHBSP.1.WELEC;PHL;2019;96.1342213912908;;
SCHBSP.1.WELEC;PHL;2020;97.53505333567347;;
SCHBSP.1.WELEC;PHL;2021;98.02096386021442;;
SCHBSP.1.WELEC;PHL;2022;97.62196715379822;;
SCHBSP.1.WELEC;PHL;2023;98.08322875764077;;
SCHBSP.1.WELEC;PHL;2024;97.89433151612185;;
SCHBSP.1.WELEC;PLW;2020;84.21052631578947;;
SCHBSP.1.WELEC;PLW;2021;100;;
SCHBSP.1.WELEC;PLW;2022;100;;
SCHBSP.1.WELEC;PLW;2023;100;;
SCHBSP.1.WELEC;POL;2000;100;;
SCHBSP.1.WELEC;POL;2001;100;;
SCHBSP.1.WELEC;POL;2002;100;;
SCHBSP.1.WELEC;POL;2003;100;;
SCHBSP.1.WELEC;POL;2004;100;;
SCHBSP.1.WELEC;POL;2005;100;;
SCHBSP.1.WELEC;POL;2006;100;;
SCHBSP.1.WELEC;POL;2007;100;;
SCHBSP.1.WELEC;POL;2008;100;;
SCHBSP.1.WELEC;POL;2009;100;;
SCHBSP.1.WELEC;POL;2010;100;;
SCHBSP.1.WELEC;POL;2011;100;;
SCHBSP.1.WELEC;POL;2012;100;;
SCHBSP.1.WELEC;POL;2013;100;;
SCHBSP.1.WELEC;POL;2014;100;;
SCHBSP.1.WELEC;POL;2015;100;;
SCHBSP.1.WELEC;POL;2016;100;;
SCHBSP.1.WELEC;POL;2017;100;;
SCHBSP.1.WELEC;POL;2018;100;;
SCHBSP.1.WELEC;POL;2019;100;;
SCHBSP.1.WELEC;POL;2020;100;;
SCHBSP.1.WELEC;POL;2021;100;;
SCHBSP.1.WELEC;PRI;2023;49.66117858886719;;
SCHBSP.1.WELEC;PRI;2024;100;;
SCHBSP.1.WELEC;PRT;2000;100;;
SCHBSP.1.WELEC;PRT;2001;100;;
SCHBSP.1.WELEC;PRT;2002;100;;
SCHBSP.1.WELEC;PRT;2003;100;;
SCHBSP.1.WELEC;PRT;2004;100;;
SCHBSP.1.WELEC;PRT;2005;100;;
SCHBSP.1.WELEC;PRT;2006;100;;
SCHBSP.1.WELEC;PRT;2007;100;;
SCHBSP.1.WELEC;PRT;2008;100;;
SCHBSP.1.WELEC;PRT;2009;100;;
SCHBSP.1.WELEC;PRT;2010;100;;
SCHBSP.1.WELEC;PRT;2011;100;;
SCHBSP.1.WELEC;PRT;2012;100;;
SCHBSP.1.WELEC;PRT;2013;100;;
SCHBSP.1.WELEC;PRT;2014;100;;
SCHBSP.1.WELEC;PRT;2015;100;;
SCHBSP.1.WELEC;PRT;2016;100;;
SCHBSP.1.WELEC;PRT;2017;100;;
SCHBSP.1.WELEC;PRT;2018;100;;
SCHBSP.1.WELEC;PRT;2019;100;;
SCHBSP.1.WELEC;PRT;2020;100;;
SCHBSP.1.WELEC;PRT;2021;100;;
SCHBSP.1.WELEC;PRY;2010;91.2299797854144;;
SCHBSP.1.WELEC;PRY;2013;98.62312316894531;UIS_EST;
SCHBSP.1.WELEC;PRY;2016;93.81012658227849;;
SCHBSP.1.WELEC;PRY;2019;99.07466888427734;UIS_EST;
SCHBSP.1.WELEC;PSE;2016;100;;
SCHBSP.1.WELEC;PSE;2017;100;;
SCHBSP.1.WELEC;PSE;2018;100;;
SCHBSP.1.WELEC;PSE;2019;100;;
SCHBSP.1.WELEC;PSE;2020;100;;
SCHBSP.1.WELEC;PSE;2021;100;;
SCHBSP.1.WELEC;PSE;2022;100;;
SCHBSP.1.WELEC;PSE;2023;100;;
SCHBSP.1.WELEC;QAT;2011;100;;
SCHBSP.1.WELEC;QAT;2016;100;;
SCHBSP.1.WELEC;QAT;2017;100;;
SCHBSP.1.WELEC;QAT;2018;100;;
SCHBSP.1.WELEC;QAT;2019;100;;
SCHBSP.1.WELEC;QAT;2020;100;;
SCHBSP.1.WELEC;QAT;2021;100;;
SCHBSP.1.WELEC;QAT;2022;100;;
SCHBSP.1.WELEC;QAT;2023;100;;
SCHBSP.1.WELEC;QAT;2024;100;;
SCHBSP.1.WELEC;RWA;2011;23.35823830121903;;
SCHBSP.1.WELEC;RWA;2012;25.17347725520432;;
SCHBSP.1.WELEC;RWA;2013;31.4080785201963;;
SCHBSP.1.WELEC;RWA;2014;37.84581335300627;;
SCHBSP.1.WELEC;RWA;2015;39.3531976744186;;
SCHBSP.1.WELEC;RWA;2016;39.61998592540464;;
SCHBSP.1.WELEC;RWA;2019;60.790273556231;;
SCHBSP.1.WELEC;RWA;2021;67.21755621782715;;
SCHBSP.1.WELEC;RWA;2022;78.17802140433308;;
SCHBSP.1.WELEC;RWA;2023;77.74669379450661;;
SCHBSP.1.WELEC;RWA;2024;80.52462261816382;;
SCHBSP.1.WELEC;SAU;2016;100;;
SCHBSP.1.WELEC;SAU;2017;100;;
SCHBSP.1.WELEC;SAU;2018;100;;
SCHBSP.1.WELEC;SAU;2019;100;;
SCHBSP.1.WELEC;SAU;2020;100;;
SCHBSP.1.WELEC;SAU;2021;100;;
SCHBSP.1.WELEC;SAU;2022;100;;
SCHBSP.1.WELEC;SAU;2024;100;;
SCHBSP.1.WELEC;SDG: Australia and New Zealand;2000;98.0806884765625;;
SCHBSP.1.WELEC;SDG: Australia and New Zealand;2001;98.08011627197266;;
SCHBSP.1.WELEC;SDG: Australia and New Zealand;2002;98.08090209960938;;
SCHBSP.1.WELEC;SDG: Australia and New Zealand;2003;98.07994842529297;;
SCHBSP.1.WELEC;SDG: Australia and New Zealand;2004;98.08058166503906;;
SCHBSP.1.WELEC;SDG: Australia and New Zealand;2005;98.08122253417969;;
SCHBSP.1.WELEC;SDG: Australia and New Zealand;2006;98.08003997802734;;
SCHBSP.1.WELEC;SDG: Australia and New Zealand;2007;98.07659912109375;;
SCHBSP.1.WELEC;SDG: Australia and New Zealand;2008;98.068359375;;
SCHBSP.1.WELEC;SDG: Australia and New Zealand;2009;98.06594848632812;;
SCHBSP.1.WELEC;SDG: Australia and New Zealand;2010;98.0633316040039;;
SCHBSP.1.WELEC;SDG: Australia and New Zealand;2011;98.05917358398438;;
SCHBSP.1.WELEC;SDG: Australia and New Zealand;2012;98.06922149658203;;
SCHBSP.1.WELEC;SDG: Australia and New Zealand;2013;98.03491973876953;;
SCHBSP.1.WELEC;SDG: Australia and New Zealand;2014;98.00382232666016;;
SCHBSP.1.WELEC;SDG: Australia and New Zealand;2015;97.97493743896484;;
SCHBSP.1.WELEC;SDG: Australia and New Zealand;2016;97.94580078125;;
SCHBSP.1.WELEC;SDG: Australia and New Zealand;2017;98.08724975585938;;
SCHBSP.1.WELEC;SDG: Australia and New Zealand;2018;98.21894073486328;;
SCHBSP.1.WELEC;SDG: Australia and New Zealand;2019;98.45211029052734;;
SCHBSP.1.WELEC;SDG: Australia and New Zealand;2020;98.28949737548828;;
SCHBSP.1.WELEC;SDG: Australia and New Zealand;2021;98.4739990234375;;
SCHBSP.1.WELEC;SDG: Australia and New Zealand;2022;98.60652160644531;UIS_EST;
SCHBSP.1.WELEC;SDG: Central Asia;2016;100;UIS_EST;
SCHBSP.1.WELEC;SDG: Central Asia;2017;99.9950180053711;;
SCHBSP.1.WELEC;SDG: Central Asia;2018;100;;
SCHBSP.1.WELEC;SDG: Central Asia;2019;100;;
SCHBSP.1.WELEC;SDG: Central Asia;2020;100;;
SCHBSP.1.WELEC;SDG: Central Asia;2021;100;UIS_EST;
SCHBSP.1.WELEC;SDG: Central Asia;2022;100;UIS_EST;
SCHBSP.1.WELEC;SDG: Central Asia;2023;100;UIS_EST;
SCHBSP.1.WELEC;SDG: Central Asia;2024;100;UIS_EST;
SCHBSP.1.WELEC;SDG: Central and Southern Asia;2011;47.90147018432617;UIS_EST;
SCHBSP.1.WELEC;SDG: Central and Southern Asia;2012;47.96015930175781;;
SCHBSP.1.WELEC;SDG: Central and Southern Asia;2013;48.81473922729492;UIS_EST;
SCHBSP.1.WELEC;SDG: Central and Southern Asia;2014;49.72034072875977;UIS_EST;
SCHBSP.1.WELEC;SDG: Central and Southern Asia;2015;50.67927932739258;UIS_EST;
SCHBSP.1.WELEC;SDG: Central and Southern Asia;2016;51.69921875;;
SCHBSP.1.WELEC;SDG: Central and Southern Asia;2017;53.35195159912109;;
SCHBSP.1.WELEC;SDG: Central and Southern Asia;2018;55.49785995483398;;
SCHBSP.1.WELEC;SDG: Central and Southern Asia;2021;72.94996643066406;;
SCHBSP.1.WELEC;SDG: Central and Southern Asia;2022;78.1229019165039;;
SCHBSP.1.WELEC;SDG: Central and Southern Asia;2023;80.61125183105469;;
SCHBSP.1.WELEC;SDG: Central and Southern Asia;2024;80.70742797851562;;
SCHBSP.1.WELEC;SDG: Eastern Asia;2016;97.36406707763672;UIS_EST;
SCHBSP.1.WELEC;SDG: Eastern Asia;2017;97.39766693115234;;
SCHBSP.1.WELEC;SDG: Eastern Asia;2018;97.41329956054688;;
SCHBSP.1.WELEC;SDG: Eastern Asia;2019;97.59165954589844;;
SCHBSP.1.WELEC;SDG: Eastern Asia;2020;97.776123046875;;
SCHBSP.1.WELEC;SDG: Eastern Asia;2021;97.82672119140625;;
SCHBSP.1.WELEC;SDG: Eastern Asia;2022;97.73097229003906;;
SCHBSP.1.WELEC;SDG: Eastern Asia;2023;97.78428649902344;;
SCHBSP.1.WELEC;SDG: Eastern Asia;2024;97.83683776855469;;
SCHBSP.1.WELEC;SDG: Eastern and South-Eastern Asia;2011;86.15216827392578;UIS_EST;
SCHBSP.1.WELEC;SDG: Eastern and South-Eastern Asia;2012;86.55106353759766;UIS_EST;
SCHBSP.1.WELEC;SDG: Eastern and South-Eastern Asia;2013;87.0914306640625;UIS_EST;
SCHBSP.1.WELEC;SDG: Eastern and South-Eastern Asia;2014;87.67974090576172;UIS_EST;
SCHBSP.1.WELEC;SDG: Eastern and South-Eastern Asia;2015;88.3138427734375;UIS_EST;
SCHBSP.1.WELEC;SDG: Eastern and South-Eastern Asia;2016;88.99671173095703;UIS_EST;
SCHBSP.1.WELEC;SDG: Eastern and South-Eastern Asia;2017;90.13507080078125;;
SCHBSP.1.WELEC;SDG: Eastern and South-Eastern Asia;2018;90.36531066894531;;
SCHBSP.1.WELEC;SDG: Eastern and South-Eastern Asia;2019;90.89952850341797;UIS_EST;
SCHBSP.1.WELEC;SDG: Eastern and South-Eastern Asia;2020;91.42587280273438;UIS_EST;
SCHBSP.1.WELEC;SDG: Eastern and South-Eastern Asia;2021;91.67479705810547;UIS_EST;
SCHBSP.1.WELEC;SDG: Eastern and South-Eastern Asia;2022;91.9103775024414;UIS_EST;
SCHBSP.1.WELEC;SDG: Eastern and South-Eastern Asia;2023;92.1766128540039;;
SCHBSP.1.WELEC;SDG: Eastern and South-Eastern Asia;2024;92.29759216308594;;
SCHBSP.1.WELEC;SDG: Europe;2000;99.9198989868164;UIS_EST;
SCHBSP.1.WELEC;SDG: Europe;2001;99.91950988769531;UIS_EST;
SCHBSP.1.WELEC;SDG: Europe;2002;99.91912841796875;UIS_EST;
SCHBSP.1.WELEC;SDG: Europe;2003;99.91876983642578;UIS_EST;
SCHBSP.1.WELEC;SDG: Europe;2004;99.91840362548828;UIS_EST;
SCHBSP.1.WELEC;SDG: Europe;2005;99.91783905029297;UIS_EST;
SCHBSP.1.WELEC;SDG: Europe;2006;99.91751861572266;UIS_EST;
SCHBSP.1.WELEC;SDG: Europe;2007;99.91677856445312;UIS_EST;
SCHBSP.1.WELEC;SDG: Europe;2008;99.91645050048828;UIS_EST;
SCHBSP.1.WELEC;SDG: Europe;2009;99.91626739501953;UIS_EST;
SCHBSP.1.WELEC;SDG: Europe;2010;99.91612243652344;UIS_EST;
SCHBSP.1.WELEC;SDG: Europe;2011;99.91542053222656;UIS_EST;
SCHBSP.1.WELEC;SDG: Europe;2012;99.91532897949219;UIS_EST;
SCHBSP.1.WELEC;SDG: Europe;2013;99.91459655761719;UIS_EST;
SCHBSP.1.WELEC;SDG: Europe;2014;99.91336822509766;UIS_EST;
SCHBSP.1.WELEC;SDG: Europe;2015;99.91239929199219;UIS_EST;
SCHBSP.1.WELEC;SDG: Europe;2016;99.91139221191406;;
SCHBSP.1.WELEC;SDG: Europe;2017;99.83204650878906;UIS_EST;
SCHBSP.1.WELEC;SDG: Europe;2018;99.68187713623047;UIS_EST;
SCHBSP.1.WELEC;SDG: Europe;2019;99.51615905761719;UIS_EST;
SCHBSP.1.WELEC;SDG: Europe;2020;99.5427474975586;UIS_EST;
SCHBSP.1.WELEC;SDG: Europe;2021;99.54106140136719;UIS_EST;
SCHBSP.1.WELEC;SDG: Europe;2022;99.53369140625;UIS_EST;
SCHBSP.1.WELEC;SDG: Europe;2023;99.52886199951172;UIS_EST;
SCHBSP.1.WELEC;SDG: Europe and Northern America;2000;99.94203186035156;UIS_EST;
SCHBSP.1.WELEC;SDG: Europe and Northern America;2001;99.94188690185547;UIS_EST;
SCHBSP.1.WELEC;SDG: Europe and Northern America;2002;99.9417495727539;UIS_EST;
SCHBSP.1.WELEC;SDG: Europe and Northern America;2003;99.94158172607422;UIS_EST;
SCHBSP.1.WELEC;SDG: Europe and Northern America;2004;99.94140625;UIS_EST;
SCHBSP.1.WELEC;SDG: Europe and Northern America;2005;99.94116973876953;UIS_EST;
SCHBSP.1.WELEC;SDG: Europe and Northern America;2006;99.94103240966797;UIS_EST;
SCHBSP.1.WELEC;SDG: Europe and Northern America;2007;99.94068908691406;UIS_EST;
SCHBSP.1.WELEC;SDG: Europe and Northern America;2008;99.9405517578125;UIS_EST;
SCHBSP.1.WELEC;SDG: Europe and Northern America;2009;99.94049835205078;UIS_EST;
SCHBSP.1.WELEC;SDG: Europe and Northern America;2010;99.94046783447266;UIS_EST;
SCHBSP.1.WELEC;SDG: Europe and Northern America;2011;99.9403076171875;UIS_EST;
SCHBSP.1.WELEC;SDG: Europe and Northern America;2012;99.94048309326172;UIS_EST;
SCHBSP.1.WELEC;SDG: Europe and Northern America;2013;99.94032287597656;UIS_EST;
SCHBSP.1.WELEC;SDG: Europe and Northern America;2014;99.93978118896484;UIS_EST;
SCHBSP.1.WELEC;SDG: Europe and Northern America;2015;99.93939208984375;;
SCHBSP.1.WELEC;SDG: Europe and Northern America;2016;99.93887329101562;UIS_EST;
SCHBSP.1.WELEC;SDG: Europe and Northern America;2017;99.88356018066406;UIS_EST;
SCHBSP.1.WELEC;SDG: Europe and Northern America;2018;99.77911376953125;UIS_EST;
SCHBSP.1.WELEC;SDG: Europe and Northern America;2019;99.66227722167969;;
SCHBSP.1.WELEC;SDG: Europe and Northern America;2020;99.68382263183594;UIS_EST;
SCHBSP.1.WELEC;SDG: Europe and Northern America;2021;99.68250274658203;UIS_EST;
SCHBSP.1.WELEC;SDG: Europe and Northern America;2022;99.67778778076172;UIS_EST;
SCHBSP.1.WELEC;SDG: Europe, Northern America, Australia and New Zealand;2000;99.89219665527344;UIS_EST;
SCHBSP.1.WELEC;SDG: Europe, Northern America, Australia and New Zealand;2001;99.89176177978516;UIS_EST;
SCHBSP.1.WELEC;SDG: Europe, Northern America, Australia and New Zealand;2002;99.89125061035156;UIS_EST;
SCHBSP.1.WELEC;SDG: Europe, Northern America, Australia and New Zealand;2003;99.890869140625;UIS_EST;
SCHBSP.1.WELEC;SDG: Europe, Northern America, Australia and New Zealand;2004;99.89045715332031;UIS_EST;
SCHBSP.1.WELEC;SDG: Europe, Northern America, Australia and New Zealand;2005;99.88981628417969;UIS_EST;
SCHBSP.1.WELEC;SDG: Europe, Northern America, Australia and New Zealand;2006;99.8895034790039;UIS_EST;
SCHBSP.1.WELEC;SDG: Europe, Northern America, Australia and New Zealand;2007;99.88880157470703;UIS_EST;
SCHBSP.1.WELEC;SDG: Europe, Northern America, Australia and New Zealand;2008;99.88826751708984;UIS_EST;
SCHBSP.1.WELEC;SDG: Europe, Northern America, Australia and New Zealand;2009;99.88815307617188;UIS_EST;
SCHBSP.1.WELEC;SDG: Europe, Northern America, Australia and New Zealand;2010;99.88819885253906;UIS_EST;
SCHBSP.1.WELEC;SDG: Europe, Northern America, Australia and New Zealand;2011;99.88735961914062;UIS_EST;
SCHBSP.1.WELEC;SDG: Europe, Northern America, Australia and New Zealand;2012;99.887451171875;UIS_EST;
SCHBSP.1.WELEC;SDG: Europe, Northern America, Australia and New Zealand;2013;99.88561248779297;UIS_EST;
SCHBSP.1.WELEC;SDG: Europe, Northern America, Australia and New Zealand;2014;99.88340759277344;UIS_EST;
SCHBSP.1.WELEC;SDG: Europe, Northern America, Australia and New Zealand;2015;99.88137817382812;;
SCHBSP.1.WELEC;SDG: Europe, Northern America, Australia and New Zealand;2016;99.87908935546875;UIS_EST;
SCHBSP.1.WELEC;SDG: Europe, Northern America, Australia and New Zealand;2017;99.82965850830078;UIS_EST;
SCHBSP.1.WELEC;SDG: Europe, Northern America, Australia and New Zealand;2018;99.73190307617188;UIS_EST;
SCHBSP.1.WELEC;SDG: Europe, Northern America, Australia and New Zealand;2019;99.62577819824219;;
SCHBSP.1.WELEC;SDG: Europe, Northern America, Australia and New Zealand;2020;99.64070892333984;UIS_EST;
SCHBSP.1.WELEC;SDG: Europe, Northern America, Australia and New Zealand;2021;99.6450424194336;UIS_EST;
SCHBSP.1.WELEC;SDG: Europe, Northern America, Australia and New Zealand;2022;99.64447021484375;UIS_EST;
SCHBSP.1.WELEC;SDG: Landlocked Developing Countries;2012;37.36098861694336;UIS_EST;
SCHBSP.1.WELEC;SDG: Landlocked Developing Countries;2013;37.93967819213867;UIS_EST;
SCHBSP.1.WELEC;SDG: Landlocked Developing Countries;2014;38.53955841064453;UIS_EST;
SCHBSP.1.WELEC;SDG: Landlocked Developing Countries;2015;39.03617858886719;UIS_EST;
SCHBSP.1.WELEC;SDG: Landlocked Developing Countries;2016;39.77359008789063;UIS_EST;
SCHBSP.1.WELEC;SDG: Landlocked Developing Countries;2017;40.45557022094727;UIS_EST;
SCHBSP.1.WELEC;SDG: Landlocked Developing Countries;2018;41.31951141357422;UIS_EST;
SCHBSP.1.WELEC;SDG: Landlocked Developing Countries;2019;42.79695129394531;UIS_EST;
SCHBSP.1.WELEC;SDG: Landlocked Developing Countries;2020;44.13547134399414;UIS_EST;
SCHBSP.1.WELEC;SDG: Landlocked Developing Countries;2021;45.40716171264648;UIS_EST;
SCHBSP.1.WELEC;SDG: Landlocked Developing Countries;2022;46.73757171630859;UIS_EST;
SCHBSP.1.WELEC;SDG: Landlocked Developing Countries;2023;47.67253875732422;UIS_EST;
SCHBSP.1.WELEC;SDG: Landlocked Developing Countries;2024;48.16719055175781;UIS_EST;
SCHBSP.1.WELEC;SDG: Latin America and the Caribbean;2009;85.03507995605469;UIS_EST;
SCHBSP.1.WELEC;SDG: Latin America and the Caribbean;2010;85.01847839355469;UIS_EST;
SCHBSP.1.WELEC;SDG: Latin America and the Caribbean;2011;85.44046783447266;UIS_EST;
SCHBSP.1.WELEC;SDG: Latin America and the Caribbean;2012;85.9476089477539;UIS_EST;
SCHBSP.1.WELEC;SDG: Latin America and the Caribbean;2013;86.48651123046875;UIS_EST;
SCHBSP.1.WELEC;SDG: Latin America and the Caribbean;2014;87.03076171875;UIS_EST;
SCHBSP.1.WELEC;SDG: Latin America and the Caribbean;2015;87.58348846435547;UIS_EST;
SCHBSP.1.WELEC;SDG: Latin America and the Caribbean;2016;88.15998077392578;UIS_EST;
SCHBSP.1.WELEC;SDG: Latin America and the Caribbean;2017;88.08216094970703;UIS_EST;
SCHBSP.1.WELEC;SDG: Latin America and the Caribbean;2018;87.831298828125;UIS_EST;
SCHBSP.1.WELEC;SDG: Latin America and the Caribbean;2019;88.13397979736328;UIS_EST;
SCHBSP.1.WELEC;SDG: Latin America and the Caribbean;2020;87.3372573852539;UIS_EST;
SCHBSP.1.WELEC;SDG: Latin America and the Caribbean;2021;86.69519805908203;UIS_EST;
SCHBSP.1.WELEC;SDG: Latin America and the Caribbean;2022;86.75988006591797;UIS_EST;
SCHBSP.1.WELEC;SDG: Latin America and the Caribbean;2023;88.53257751464844;UIS_EST;
SCHBSP.1.WELEC;SDG: Least Developed Countries;2012;32.31515884399414;UIS_EST;
SCHBSP.1.WELEC;SDG: Least Developed Countries;2013;33.71157836914063;UIS_EST;
SCHBSP.1.WELEC;SDG: Least Developed Countries;2014;35.14704895019531;UIS_EST;
SCHBSP.1.WELEC;SDG: Least Developed Countries;2015;36.51723861694336;UIS_EST;
SCHBSP.1.WELEC;SDG: Least Developed Countries;2016;38.10800170898438;UIS_EST;
SCHBSP.1.WELEC;SDG: Least Developed Countries;2017;39.08425903320313;UIS_EST;
SCHBSP.1.WELEC;SDG: Least Developed Countries;2018;39.629150390625;UIS_EST;
SCHBSP.1.WELEC;SDG: Least Developed Countries;2019;40.23324966430664;UIS_EST;
SCHBSP.1.WELEC;SDG: Least Developed Countries;2020;41.50947952270508;UIS_EST;
SCHBSP.1.WELEC;SDG: Least Developed Countries;2021;41.80799102783203;UIS_EST;
SCHBSP.1.WELEC;SDG: Least Developed Countries;2022;42.34432983398438;UIS_EST;
SCHBSP.1.WELEC;SDG: Least Developed Countries;2023;42.8078498840332;UIS_EST;
SCHBSP.1.WELEC;SDG: Least Developed Countries;2024;43.10506820678711;UIS_EST;
SCHBSP.1.WELEC;SDG: Northern Africa;2015;88.40857696533203;UIS_EST;
SCHBSP.1.WELEC;SDG: Northern Africa;2016;88.71868896484375;;
SCHBSP.1.WELEC;SDG: Northern Africa;2017;88.5146484375;UIS_EST;
SCHBSP.1.WELEC;SDG: Northern Africa;2019;88.3426284790039;UIS_EST;
SCHBSP.1.WELEC;SDG: Northern Africa;2020;88.51959991455078;UIS_EST;
SCHBSP.1.WELEC;SDG: Northern Africa;2021;88.61325073242188;UIS_EST;
SCHBSP.1.WELEC;SDG: Northern Africa;2022;88.32192993164062;UIS_EST;
SCHBSP.1.WELEC;SDG: Northern Africa;2023;88.93425750732422;UIS_EST;
SCHBSP.1.WELEC;SDG: Northern Africa;2024;89.07776641845703;UIS_EST;
SCHBSP.1.WELEC;SDG: Northern Africa and Western Asia;2011;91.88922119140625;UIS_EST;
SCHBSP.1.WELEC;SDG: Northern Africa and Western Asia;2012;92.06626892089844;UIS_EST;
SCHBSP.1.WELEC;SDG: Northern Africa and Western Asia;2013;92.07112121582031;UIS_EST;
SCHBSP.1.WELEC;SDG: Northern Africa and Western Asia;2014;92.23445892333984;UIS_EST;
SCHBSP.1.WELEC;SDG: Northern Africa and Western Asia;2015;92.380859375;UIS_EST;
SCHBSP.1.WELEC;SDG: Northern Africa and Western Asia;2016;92.52169036865234;;
SCHBSP.1.WELEC;SDG: Northern Africa and Western Asia;2017;92.41973876953125;UIS_EST;
SCHBSP.1.WELEC;SDG: Northern Africa and Western Asia;2018;92.5513916015625;UIS_EST;
SCHBSP.1.WELEC;SDG: Northern Africa and Western Asia;2019;92.34374237060547;UIS_EST;
SCHBSP.1.WELEC;SDG: Northern Africa and Western Asia;2020;92.36238098144531;UIS_EST;
SCHBSP.1.WELEC;SDG: Northern Africa and Western Asia;2021;92.31683349609375;UIS_EST;
SCHBSP.1.WELEC;SDG: Northern Africa and Western Asia;2022;92.35111999511719;UIS_EST;
SCHBSP.1.WELEC;SDG: Northern Africa and Western Asia;2023;92.6533432006836;UIS_EST;
SCHBSP.1.WELEC;SDG: Northern Africa and Western Asia;2024;92.72075653076172;UIS_EST;
SCHBSP.1.WELEC;SDG: Northern America;2014;100;UIS_EST;
SCHBSP.1.WELEC;SDG: Northern America;2015;100;;
SCHBSP.1.WELEC;SDG: Northern America;2016;100;UIS_EST;
SCHBSP.1.WELEC;SDG: Northern America;2017;100;UIS_EST;
SCHBSP.1.WELEC;SDG: Northern America;2018;100;UIS_EST;
SCHBSP.1.WELEC;SDG: Northern America;2019;100;;
SCHBSP.1.WELEC;SDG: Northern America;2020;100;UIS_EST;
SCHBSP.1.WELEC;SDG: Oceania;2000;90.26966094970703;UIS_EST;
SCHBSP.1.WELEC;SDG: Oceania;2001;90.2673568725586;UIS_EST;
SCHBSP.1.WELEC;SDG: Oceania;2002;90.27851104736328;UIS_EST;
SCHBSP.1.WELEC;SDG: Oceania;2003;90.27384185791016;UIS_EST;
SCHBSP.1.WELEC;SDG: Oceania;2004;90.27796936035156;UIS_EST;
SCHBSP.1.WELEC;SDG: Oceania;2005;90.28211212158203;UIS_EST;
SCHBSP.1.WELEC;SDG: Oceania;2006;90.27902221679688;UIS_EST;
SCHBSP.1.WELEC;SDG: Oceania;2007;90.2668685913086;UIS_EST;
SCHBSP.1.WELEC;SDG: Oceania;2008;90.24121856689453;UIS_EST;
SCHBSP.1.WELEC;SDG: Oceania;2009;90.23023986816406;UIS_EST;
SCHBSP.1.WELEC;SDG: Oceania;2010;90.2176513671875;UIS_EST;
SCHBSP.1.WELEC;SDG: Oceania;2011;90.18292999267578;UIS_EST;
SCHBSP.1.WELEC;SDG: Oceania;2012;90.43285369873047;UIS_EST;
SCHBSP.1.WELEC;SDG: Oceania;2013;90.27510833740234;UIS_EST;
SCHBSP.1.WELEC;SDG: Oceania;2014;90.13433074951172;UIS_EST;
SCHBSP.1.WELEC;SDG: Oceania;2015;90.005859375;UIS_EST;
SCHBSP.1.WELEC;SDG: Oceania;2016;89.8802490234375;UIS_EST;
SCHBSP.1.WELEC;SDG: Oceania;2017;90.47634887695312;UIS_EST;
SCHBSP.1.WELEC;SDG: Oceania;2018;91.00546264648438;UIS_EST;
SCHBSP.1.WELEC;SDG: Oceania;2019;92.09748077392578;UIS_EST;
SCHBSP.1.WELEC;SDG: Oceania;2020;91.2506332397461;UIS_EST;
SCHBSP.1.WELEC;SDG: Oceania;2021;91.82904815673828;UIS_EST;
SCHBSP.1.WELEC;SDG: Oceania;2022;92.21784210205078;UIS_EST;
SCHBSP.1.WELEC;SDG: Small Island Developing States;2021;89.91101837158203;UIS_EST;
SCHBSP.1.WELEC;SDG: Small Island Developing States;2022;89.84005737304688;UIS_EST;
SCHBSP.1.WELEC;SDG: Small Island Developing States;2023;90.56842041015625;UIS_EST;
SCHBSP.1.WELEC;SDG: Small Island Developing States;2024;90.76943969726562;UIS_EST;
SCHBSP.1.WELEC;SDG: South-Eastern Asia;2011;77.59002685546875;UIS_EST;
SCHBSP.1.WELEC;SDG: South-Eastern Asia;2012;78.20716094970703;UIS_EST;
SCHBSP.1.WELEC;SDG: South-Eastern Asia;2013;79.35423278808594;UIS_EST;
SCHBSP.1.WELEC;SDG: South-Eastern Asia;2014;80.5498275756836;UIS_EST;
SCHBSP.1.WELEC;SDG: South-Eastern Asia;2015;81.78983306884766;UIS_EST;
SCHBSP.1.WELEC;SDG: South-Eastern Asia;2016;83.08724975585938;;
SCHBSP.1.WELEC;SDG: South-Eastern Asia;2017;85.26545715332031;;
SCHBSP.1.WELEC;SDG: South-Eastern Asia;2018;85.88887786865234;;
SCHBSP.1.WELEC;SDG: South-Eastern Asia;2019;86.69487762451172;UIS_EST;
SCHBSP.1.WELEC;SDG: South-Eastern Asia;2020;87.41545867919922;UIS_EST;
SCHBSP.1.WELEC;SDG: South-Eastern Asia;2021;87.78349304199219;UIS_EST;
SCHBSP.1.WELEC;SDG: South-Eastern Asia;2022;88.24018096923828;UIS_EST;
SCHBSP.1.WELEC;SDG: South-Eastern Asia;2023;88.68094635009766;UIS_EST;
SCHBSP.1.WELEC;SDG: South-Eastern Asia;2024;88.94442749023438;;
SCHBSP.1.WELEC;SDG: Southern Asia;2011;47.03425979614258;UIS_EST;
SCHBSP.1.WELEC;SDG: Southern Asia;2012;47.10356903076172;;
SCHBSP.1.WELEC;SDG: Southern Asia;2013;47.93418121337891;UIS_EST;
SCHBSP.1.WELEC;SDG: Southern Asia;2014;48.8259391784668;UIS_EST;
SCHBSP.1.WELEC;SDG: Southern Asia;2015;49.76992034912109;UIS_EST;
SCHBSP.1.WELEC;SDG: Southern Asia;2016;50.7736701965332;;
SCHBSP.1.WELEC;SDG: Southern Asia;2017;52.49477005004883;;
SCHBSP.1.WELEC;SDG: Southern Asia;2018;54.67417907714844;;
SCHBSP.1.WELEC;SDG: Southern Asia;2019;63.82191848754883;;
SCHBSP.1.WELEC;SDG: Southern Asia;2020;71.91499328613281;;
SCHBSP.1.WELEC;SDG: Southern Asia;2021;72.38459777832031;;
SCHBSP.1.WELEC;SDG: Southern Asia;2022;77.65074157714844;;
SCHBSP.1.WELEC;SDG: Southern Asia;2023;80.17999267578125;;
SCHBSP.1.WELEC;SDG: Southern Asia;2024;80.26885986328125;;
SCHBSP.1.WELEC;SDG: Sub-Saharan Africa;2015;32.39831924438477;UIS_EST;
SCHBSP.1.WELEC;SDG: Sub-Saharan Africa;2016;33.39561080932617;UIS_EST;
SCHBSP.1.WELEC;SDG: Sub-Saharan Africa;2017;33.21667098999023;UIS_EST;
SCHBSP.1.WELEC;SDG: Sub-Saharan Africa;2018;33.16942977905273;UIS_EST;
SCHBSP.1.WELEC;SDG: Sub-Saharan Africa;2019;33.04024887084961;UIS_EST;
SCHBSP.1.WELEC;SDG: Sub-Saharan Africa;2020;34.08528900146484;UIS_EST;
SCHBSP.1.WELEC;SDG: Sub-Saharan Africa;2021;34.02024078369141;UIS_EST;
SCHBSP.1.WELEC;SDG: Sub-Saharan Africa;2022;35.45875930786133;UIS_EST;
SCHBSP.1.WELEC;SDG: Sub-Saharan Africa;2023;36.04243850708008;UIS_EST;
SCHBSP.1.WELEC;SDG: Sub-Saharan Africa;2024;36.29698181152344;UIS_EST;
SCHBSP.1.WELEC;SDG: Western Asia;2011;95.5624008178711;UIS_EST;
SCHBSP.1.WELEC;SDG: Western Asia;2012;95.68048095703125;UIS_EST;
SCHBSP.1.WELEC;SDG: Western Asia;2013;95.62117004394531;UIS_EST;
SCHBSP.1.WELEC;SDG: Western Asia;2014;95.74327087402344;UIS_EST;
SCHBSP.1.WELEC;SDG: Western Asia;2015;95.85234069824219;UIS_EST;
SCHBSP.1.WELEC;SDG: Western Asia;2016;95.95963287353516;UIS_EST;
SCHBSP.1.WELEC;SDG: Western Asia;2017;96.0709228515625;;
SCHBSP.1.WELEC;SDG: Western Asia;2018;96.2349624633789;;
SCHBSP.1.WELEC;SDG: Western Asia;2019;96.28399658203125;;
SCHBSP.1.WELEC;SDG: Western Asia;2020;96.19696044921875;;
SCHBSP.1.WELEC;SDG: Western Asia;2021;96.05728912353516;;
SCHBSP.1.WELEC;SDG: Western Asia;2022;96.28079223632812;;
SCHBSP.1.WELEC;SDG: Western Asia;2023;96.48677062988281;UIS_EST;
SCHBSP.1.WELEC;SDG: Western Asia;2024;96.52203369140625;UIS_EST;
SCHBSP.1.WELEC;SDG: World;2011;64.38523864746094;UIS_EST;
SCHBSP.1.WELEC;SDG: World;2012;64.2576675415039;UIS_EST;
SCHBSP.1.WELEC;SDG: World;2013;65.00544738769531;UIS_EST;
SCHBSP.1.WELEC;SDG: World;2014;65.81590270996094;UIS_EST;
SCHBSP.1.WELEC;SDG: World;2015;66.63931274414062;UIS_EST;
SCHBSP.1.WELEC;SDG: World;2016;67.56632995605469;UIS_EST;
SCHBSP.1.WELEC;SDG: World;2017;67.97300720214844;UIS_EST;
SCHBSP.1.WELEC;SDG: World;2018;68.55933380126953;UIS_EST;
SCHBSP.1.WELEC;SDG: World;2019;71.85138702392578;UIS_EST;
SCHBSP.1.WELEC;SDG: World;2020;74.73380279541016;UIS_EST;
SCHBSP.1.WELEC;SDG: World;2021;74.66146087646484;UIS_EST;
SCHBSP.1.WELEC;SDG: World;2022;76.68112182617188;UIS_EST;
SCHBSP.1.WELEC;SDG: World;2023;77.95887756347656;UIS_EST;
SCHBSP.1.WELEC;SDG: World;2024;78.12651824951172;UIS_EST;
SCHBSP.1.WELEC;SDN;2016;54.08343887329102;;
SCHBSP.1.WELEC;SEN;2014;49.60068130493164;UIS_EST;
SCHBSP.1.WELEC;SEN;2019;44.09745721744175;;
SCHBSP.1.WELEC;SEN;2020;45.69498620492817;;
SCHBSP.1.WELEC;SEN;2021;48.66205089820359;;
SCHBSP.1.WELEC;SEN;2022;50.87352138307553;;
SCHBSP.1.WELEC;SEN;2023;53.42736501662026;;
SCHBSP.1.WELEC;SEN;2024;56.64967355334943;;
SCHBSP.1.WELEC;SGP;2016;100;;
SCHBSP.1.WELEC;SGP;2017;100;;
SCHBSP.1.WELEC;SGP;2018;100;;
SCHBSP.1.WELEC;SGP;2019;100;;
SCHBSP.1.WELEC;SGP;2020;100;;
SCHBSP.1.WELEC;SGP;2021;100;;
SCHBSP.1.WELEC;SGP;2022;100;;
SCHBSP.1.WELEC;SGP;2023;100;;
SCHBSP.1.WELEC;SLB;2016;49.92700729927007;;
SCHBSP.1.WELEC;SLB;2017;50.49786628733997;;
SCHBSP.1.WELEC;SLB;2018;49.65034965034965;;
SCHBSP.1.WELEC;SLB;2019;56.1042524005487;;
SCHBSP.1.WELEC;SLB;2023;35.63501849568434;;
SCHBSP.1.WELEC;SLE;2017;4.204297726564933;;
SCHBSP.1.WELEC;SLE;2018;5.612682090831191;;
SCHBSP.1.WELEC;SLE;2019;13.04165501817165;;
SCHBSP.1.WELEC;SLE;2020;13.96011396011396;;
SCHBSP.1.WELEC;SLE;2021;15.70870911293579;;
SCHBSP.1.WELEC;SLE;2022;15.30010718113612;;
SCHBSP.1.WELEC;SLE;2023;15.1692103516921;;
SCHBSP.1.WELEC;SLE;2024;16.83168316831683;;
SCHBSP.1.WELEC;SLV;2010;94.67967599410898;;
SCHBSP.1.WELEC;SLV;2016;97.93698424606151;;
SCHBSP.1.WELEC;SLV;2017;98.38527975966954;;
SCHBSP.1.WELEC;SLV;2018;98.38679422247233;;
SCHBSP.1.WELEC;SLV;2019;99.40706634521484;UIS_EST;
SCHBSP.1.WELEC;SMR;2018;100;;
SCHBSP.1.WELEC;SMR;2019;100;;
SCHBSP.1.WELEC;SMR;2020;100;;
SCHBSP.1.WELEC;SMR;2021;100;;
SCHBSP.1.WELEC;SMR;2022;100;;
SCHBSP.1.WELEC;SMR;2023;100;;
SCHBSP.1.WELEC;SMR;2024;100;;
SCHBSP.1.WELEC;STP;2013;87.5;;
SCHBSP.1.WELEC;STP;2017;86.9565200805664;;
SCHBSP.1.WELEC;SUR;2009;88.85542297363281;;
SCHBSP.1.WELEC;SVK;2014;100;;
SCHBSP.1.WELEC;SVK;2015;100;;
SCHBSP.1.WELEC;SVK;2016;100;;
SCHBSP.1.WELEC;SVK;2017;100;;
SCHBSP.1.WELEC;SVK;2018;100;;
SCHBSP.1.WELEC;SVK;2019;100;;
SCHBSP.1.WELEC;SVK;2020;100;;
SCHBSP.1.WELEC;SVK;2021;100;;
SCHBSP.1.WELEC;SVK;2022;100;;
SCHBSP.1.WELEC;SVK;2023;100;;
SCHBSP.1.WELEC;SVK;2024;100;;
SCHBSP.1.WELEC;SVN;2000;100;;
SCHBSP.1.WELEC;SVN;2001;100;;
SCHBSP.1.WELEC;SVN;2002;100;;
SCHBSP.1.WELEC;SVN;2003;100;;
SCHBSP.1.WELEC;SVN;2004;100;;
SCHBSP.1.WELEC;SVN;2005;100;;
SCHBSP.1.WELEC;SVN;2006;100;;
SCHBSP.1.WELEC;SVN;2007;100;;
SCHBSP.1.WELEC;SVN;2008;100;;
SCHBSP.1.WELEC;SVN;2009;100;;
SCHBSP.1.WELEC;SVN;2010;100;;
SCHBSP.1.WELEC;SVN;2011;100;;
SCHBSP.1.WELEC;SVN;2012;100;;
SCHBSP.1.WELEC;SVN;2013;100;;
SCHBSP.1.WELEC;SVN;2014;100;;
SCHBSP.1.WELEC;SVN;2015;100;;
SCHBSP.1.WELEC;SVN;2016;100;;
SCHBSP.1.WELEC;SVN;2017;100;;
SCHBSP.1.WELEC;SVN;2018;100;;
SCHBSP.1.WELEC;SVN;2019;100;;
SCHBSP.1.WELEC;SVN;2020;100;;
SCHBSP.1.WELEC;SVN;2021;100;;
SCHBSP.1.WELEC;SVN;2022;100;;
SCHBSP.1.WELEC;SWE;2017;100;;
SCHBSP.1.WELEC;SWE;2018;100;;
SCHBSP.1.WELEC;SWE;2019;100;;
SCHBSP.1.WELEC;SWE;2020;100;;
SCHBSP.1.WELEC;SWE;2021;100;;
SCHBSP.1.WELEC;SWZ;2015;95.98070739549838;;
SCHBSP.1.WELEC;SWZ;2016;99.67845659163987;;
SCHBSP.1.WELEC;SWZ;2017;100;;
SCHBSP.1.WELEC;SWZ;2018;100;;
SCHBSP.1.WELEC;SWZ;2019;99.08536585365853;;
SCHBSP.1.WELEC;SWZ;2022;93.21266968325791;;
SCHBSP.1.WELEC;SWZ;2023;98.80239520958084;;
SCHBSP.1.WELEC;SXM;2010;100;;
SCHBSP.1.WELEC;SYC;2016;100;;
SCHBSP.1.WELEC;SYC;2017;100;;
SCHBSP.1.WELEC;SYC;2018;100;;
SCHBSP.1.WELEC;SYC;2019;100;;
SCHBSP.1.WELEC;SYC;2020;100;;
SCHBSP.1.WELEC;SYC;2021;100;;
SCHBSP.1.WELEC;SYC;2022;100;;
SCHBSP.1.WELEC;SYC;2023;100;;
SCHBSP.1.WELEC;SYC;2024;100;;
SCHBSP.1.WELEC;SYR;2020;80.86284637451172;;
SCHBSP.1.WELEC;SYR;2021;78.8930435180664;;
SCHBSP.1.WELEC;SYR;2022;81.71395111083984;;
SCHBSP.1.WELEC;SYR;2023;84.92346954345703;;
SCHBSP.1.WELEC;SYR;2024;86.89470672607422;;
SCHBSP.1.WELEC;TCA;2010;100;;
SCHBSP.1.WELEC;TCA;2018;100;;
SCHBSP.1.WELEC;TCA;2020;100;;
SCHBSP.1.WELEC;TCA;2021;100;;
SCHBSP.1.WELEC;TCA;2022;100;;
SCHBSP.1.WELEC;TCA;2023;100;;
SCHBSP.1.WELEC;TCA;2024;100;;
SCHBSP.1.WELEC;TCD;2014;5.443551063537598;UIS_EST;
SCHBSP.1.WELEC;TCD;2017;3.424340009689331;;
SCHBSP.1.WELEC;TCD;2018;1.993648553281581;;
SCHBSP.1.WELEC;TCD;2019;1.931293795932319;;
SCHBSP.1.WELEC;TCD;2020;1.920299090831846;;
SCHBSP.1.WELEC;TCD;2021;4.091639995574951;;
SCHBSP.1.WELEC;TCD;2022;1.452905811623247;;
SCHBSP.1.WELEC;TCD;2023;4.179080009460449;;
SCHBSP.1.WELEC;TCD;2024;1.246031746031746;;
SCHBSP.1.WELEC;TGO;2014;14.17134952545166;UIS_EST;
SCHBSP.1.WELEC;TGO;2017;24.18318523581681;;
SCHBSP.1.WELEC;TGO;2018;24.95307052829177;;
SCHBSP.1.WELEC;TGO;2019;22.14072262972019;;
SCHBSP.1.WELEC;TGO;2020;22.71345325563719;;
SCHBSP.1.WELEC;TGO;2021;25.02797463632972;;
SCHBSP.1.WELEC;TGO;2022;28.66032210834553;;
SCHBSP.1.WELEC;TGO;2023;35.56042351223074;;
SCHBSP.1.WELEC;TGO;2024;38.27053736874614;;
SCHBSP.1.WELEC;THA;2011;100;;
SCHBSP.1.WELEC;THA;2019;99.82396056716705;;
SCHBSP.1.WELEC;THA;2020;99.84005519663802;;
SCHBSP.1.WELEC;THA;2021;99.86760099460716;;
SCHBSP.1.WELEC;THA;2022;99.94184731689981;;
SCHBSP.1.WELEC;THA;2023;99.89989343494688;;
SCHBSP.1.WELEC;THA;2024;99.90317895756012;;
SCHBSP.1.WELEC;THA;2025;99.93543805281168;;
SCHBSP.1.WELEC;TKL;2019;100;;
SCHBSP.1.WELEC;TKL;2020;100;;
SCHBSP.1.WELEC;TKL;2021;100;;
SCHBSP.1.WELEC;TKL;2023;100;;
SCHBSP.1.WELEC;TKL;2024;100;;
SCHBSP.1.WELEC;TKM;2019;100;;
SCHBSP.1.WELEC;TKM;2020;100;;
SCHBSP.1.WELEC;TKM;2021;100;;
SCHBSP.1.WELEC;TKM;2022;100;;
SCHBSP.1.WELEC;TKM;2023;100;;
SCHBSP.1.WELEC;TKM;2024;100;;
SCHBSP.1.WELEC;TLS;2011;100;;
SCHBSP.1.WELEC;TLS;2018;82.13728549141965;;
SCHBSP.1.WELEC;TLS;2019;84.19003115264798;;
SCHBSP.1.WELEC;TLS;2022;100;;
SCHBSP.1.WELEC;TLS;2023;100;;
SCHBSP.1.WELEC;TON;2020;83.20610687022901;;
SCHBSP.1.WELEC;TON;2021;91.6030534351145;;
SCHBSP.1.WELEC;TON;2022;92.3076923076923;;
SCHBSP.1.WELEC;TON;2023;99.2248062015504;;
SCHBSP.1.WELEC;TON;2024;100;;
SCHBSP.1.WELEC;TTO;2009;100;;
SCHBSP.1.WELEC;TUN;2016;99.7346420288086;;
SCHBSP.1.WELEC;TUN;2017;99.89938354492188;;
SCHBSP.1.WELEC;TUN;2018;99.94065856933594;;
SCHBSP.1.WELEC;TUN;2020;99.92282104492188;;
SCHBSP.1.WELEC;TUN;2021;99.94235229492188;;
SCHBSP.1.WELEC;TUN;2022;99.88506317138672;;
SCHBSP.1.WELEC;TUN;2023;99.98095703125;;
SCHBSP.1.WELEC;TUR;2012;100;;
SCHBSP.1.WELEC;TUR;2013;100;;
SCHBSP.1.WELEC;TUR;2014;100;;
SCHBSP.1.WELEC;TUR;2015;100;;
SCHBSP.1.WELEC;TUR;2016;100;;
SCHBSP.1.WELEC;TUR;2017;100;;
SCHBSP.1.WELEC;TUR;2018;100;;
SCHBSP.1.WELEC;TUR;2019;100;;
SCHBSP.1.WELEC;TUR;2020;100;;
SCHBSP.1.WELEC;TUR;2021;100;;
SCHBSP.1.WELEC;TUR;2022;100;;
SCHBSP.1.WELEC;TUV;2016;100;UIS_EST;
SCHBSP.1.WELEC;TUV;2018;100;;
SCHBSP.1.WELEC;TUV;2019;100;;
SCHBSP.1.WELEC;TUV;2020;100;;
SCHBSP.1.WELEC;TUV;2021;90;;
SCHBSP.1.WELEC;TUV;2022;90;;
SCHBSP.1.WELEC;TUV;2023;90;;
SCHBSP.1.WELEC;TUV;2024;100;;
SCHBSP.1.WELEC;TUV;2025;100;;
SCHBSP.1.WELEC;TZA;2012;11.87312473210459;;
SCHBSP.1.WELEC;TZA;2016;85.43147277832031;;
SCHBSP.1.WELEC;TZA;2017;29.37719652013597;;
SCHBSP.1.WELEC;TZA;2019;37.32869018198158;;
SCHBSP.1.WELEC;TZA;2020;43.45526663728515;;
SCHBSP.1.WELEC;TZA;2021;48.797584384773;;
SCHBSP.1.WELEC;TZA;2022;56.03551217486111;;
SCHBSP.1.WELEC;TZA;2023;61.33380631429585;;
SCHBSP.1.WELEC;TZA;2024;68.04655919738957;;
SCHBSP.1.WELEC;UIS: Arab States;2015;88.51318359375;UIS_EST;
SCHBSP.1.WELEC;UIS: Arab States;2016;88.80877685546875;UIS_EST;
SCHBSP.1.WELEC;UIS: Arab States;2017;88.77214813232422;UIS_EST;
SCHBSP.1.WELEC;UIS: Arab States;2019;89.27764892578125;UIS_EST;
SCHBSP.1.WELEC;UIS: Arab States;2020;89.012451171875;UIS_EST;
SCHBSP.1.WELEC;UIS: Arab States;2021;89.07156372070312;UIS_EST;
SCHBSP.1.WELEC;UIS: Arab States;2022;89.13813781738281;UIS_EST;
SCHBSP.1.WELEC;UIS: Arab States;2023;89.70681762695312;UIS_EST;
SCHBSP.1.WELEC;UIS: Arab States;2024;89.62838745117188;UIS_EST;
SCHBSP.1.WELEC;UIS: Central Asia;2016;100;UIS_EST;
SCHBSP.1.WELEC;UIS: Central Asia;2017;99.97779083251953;;
SCHBSP.1.WELEC;UIS: Central Asia;2018;100;;
SCHBSP.1.WELEC;UIS: Central Asia;2019;100;;
SCHBSP.1.WELEC;UIS: Central Asia;2020;100;;
SCHBSP.1.WELEC;UIS: Central Asia;2021;100;UIS_EST;
SCHBSP.1.WELEC;UIS: Central Asia;2022;100;UIS_EST;
SCHBSP.1.WELEC;UIS: Central Asia;2023;100;UIS_EST;
SCHBSP.1.WELEC;UIS: Central Asia;2024;100;;
SCHBSP.1.WELEC;UIS: Central and Eastern Europe;2011;99.78153228759766;UIS_EST;
SCHBSP.1.WELEC;UIS: Central and Eastern Europe;2012;99.77564239501953;UIS_EST;
SCHBSP.1.WELEC;UIS: Central and Eastern Europe;2013;99.76181030273438;UIS_EST;
SCHBSP.1.WELEC;UIS: Central and Eastern Europe;2014;99.75190734863281;UIS_EST;
SCHBSP.1.WELEC;UIS: Central and Eastern Europe;2015;99.74047088623047;;
SCHBSP.1.WELEC;UIS: Central and Eastern Europe;2016;99.72769927978516;;
SCHBSP.1.WELEC;UIS: Central and Eastern Europe;2017;99.49138641357422;;
SCHBSP.1.WELEC;UIS: Central and Eastern Europe;2018;99.03662109375;;
SCHBSP.1.WELEC;UIS: Central and Eastern Europe;2019;98.5718002319336;;
SCHBSP.1.WELEC;UIS: Central and Eastern Europe;2020;98.56926727294922;UIS_EST;
SCHBSP.1.WELEC;UIS: Central and Eastern Europe;2021;98.56743621826172;UIS_EST;
SCHBSP.1.WELEC;UIS: Central and Eastern Europe;2022;98.56455993652344;UIS_EST;
SCHBSP.1.WELEC;UIS: Central and Eastern Europe;2023;98.5444107055664;UIS_EST;
SCHBSP.1.WELEC;UIS: East Asia and the Pacific;2011;86.30351257324219;UIS_EST;
SCHBSP.1.WELEC;UIS: East Asia and the Pacific;2012;86.6965103149414;UIS_EST;
SCHBSP.1.WELEC;UIS: East Asia and the Pacific;2013;87.20829772949219;UIS_EST;
SCHBSP.1.WELEC;UIS: East Asia and the Pacific;2014;87.76698303222656;UIS_EST;
SCHBSP.1.WELEC;UIS: East Asia and the Pacific;2015;88.37014770507812;UIS_EST;
SCHBSP.1.WELEC;UIS: East Asia and the Pacific;2016;89.0201187133789;UIS_EST;
SCHBSP.1.WELEC;UIS: East Asia and the Pacific;2017;90.13907623291016;;
SCHBSP.1.WELEC;UIS: East Asia and the Pacific;2018;90.38529205322266;;
SCHBSP.1.WELEC;UIS: East Asia and the Pacific;2019;90.94824981689453;UIS_EST;
SCHBSP.1.WELEC;UIS: East Asia and the Pacific;2020;91.41185760498047;UIS_EST;
SCHBSP.1.WELEC;UIS: East Asia and the Pacific;2021;91.67816162109375;UIS_EST;
SCHBSP.1.WELEC;UIS: East Asia and the Pacific;2022;91.92292022705078;UIS_EST;
SCHBSP.1.WELEC;UIS: East Asia and the Pacific;2023;92.1931381225586;;
SCHBSP.1.WELEC;UIS: East Asia and the Pacific;2024;92.32837677001953;;
SCHBSP.1.WELEC;UIS: Latin America and the Caribbean;2009;85.0357666015625;UIS_EST;
SCHBSP.1.WELEC;UIS: Latin America and the Caribbean;2010;85.01917266845703;UIS_EST;
SCHBSP.1.WELEC;UIS: Latin America and the Caribbean;2011;85.4411392211914;UIS_EST;
SCHBSP.1.WELEC;UIS: Latin America and the Caribbean;2012;85.94825744628906;UIS_EST;
SCHBSP.1.WELEC;UIS: Latin America and the Caribbean;2013;86.48713684082031;UIS_EST;
SCHBSP.1.WELEC;UIS: Latin America and the Caribbean;2014;87.03135681152344;UIS_EST;
SCHBSP.1.WELEC;UIS: Latin America and the Caribbean;2015;87.58406829833984;UIS_EST;
SCHBSP.1.WELEC;UIS: Latin America and the Caribbean;2016;88.16053771972656;UIS_EST;
SCHBSP.1.WELEC;UIS: Latin America and the Caribbean;2017;88.08273315429688;UIS_EST;
SCHBSP.1.WELEC;UIS: Latin America and the Caribbean;2018;87.83187866210938;UIS_EST;
SCHBSP.1.WELEC;UIS: Latin America and the Caribbean;2019;88.13455963134766;UIS_EST;
SCHBSP.1.WELEC;UIS: Latin America and the Caribbean;2020;87.3378677368164;UIS_EST;
SCHBSP.1.WELEC;UIS: Latin America and the Caribbean;2021;86.69584655761719;UIS_EST;
SCHBSP.1.WELEC;UIS: Latin America and the Caribbean;2022;86.7605209350586;UIS_EST;
SCHBSP.1.WELEC;UIS: Latin America and the Caribbean;2023;88.53311920166016;UIS_EST;
SCHBSP.1.WELEC;UIS: North America and Western Europe;2001;100;UIS_EST;
SCHBSP.1.WELEC;UIS: North America and Western Europe;2002;100;UIS_EST;
SCHBSP.1.WELEC;UIS: North America and Western Europe;2003;100;UIS_EST;
SCHBSP.1.WELEC;UIS: North America and Western Europe;2004;100;UIS_EST;
SCHBSP.1.WELEC;UIS: North America and Western Europe;2005;100;UIS_EST;
SCHBSP.1.WELEC;UIS: North America and Western Europe;2006;100;UIS_EST;
SCHBSP.1.WELEC;UIS: North America and Western Europe;2007;100;UIS_EST;
SCHBSP.1.WELEC;UIS: North America and Western Europe;2008;100;UIS_EST;
SCHBSP.1.WELEC;UIS: North America and Western Europe;2011;100;UIS_EST;
SCHBSP.1.WELEC;UIS: North America and Western Europe;2012;100;UIS_EST;
SCHBSP.1.WELEC;UIS: North America and Western Europe;2014;100;UIS_EST;
SCHBSP.1.WELEC;UIS: North America and Western Europe;2015;100;;
SCHBSP.1.WELEC;UIS: North America and Western Europe;2017;100;UIS_EST;
SCHBSP.1.WELEC;UIS: North America and Western Europe;2018;100;UIS_EST;
SCHBSP.1.WELEC;UIS: North America and Western Europe;2019;100;;
SCHBSP.1.WELEC;UIS: North America and Western Europe;2020;100;UIS_EST;
SCHBSP.1.WELEC;UIS: South and West Asia;2011;47.03425979614258;UIS_EST;
SCHBSP.1.WELEC;UIS: South and West Asia;2012;47.10356903076172;;
SCHBSP.1.WELEC;UIS: South and West Asia;2013;47.93418121337891;UIS_EST;
SCHBSP.1.WELEC;UIS: South and West Asia;2014;48.8259391784668;UIS_EST;
SCHBSP.1.WELEC;UIS: South and West Asia;2015;49.76992034912109;UIS_EST;
SCHBSP.1.WELEC;UIS: South and West Asia;2016;50.7736701965332;;
SCHBSP.1.WELEC;UIS: South and West Asia;2017;52.49477005004883;;
SCHBSP.1.WELEC;UIS: South and West Asia;2018;54.67417907714844;;
SCHBSP.1.WELEC;UIS: South and West Asia;2021;72.38459777832031;;
SCHBSP.1.WELEC;UIS: South and West Asia;2022;77.65074157714844;;
SCHBSP.1.WELEC;UIS: South and West Asia;2023;80.17999267578125;;
SCHBSP.1.WELEC;UIS: South and West Asia;2024;80.26885986328125;;
SCHBSP.1.WELEC;UIS: Sub-Saharan Africa;2015;32.41389083862305;UIS_EST;
SCHBSP.1.WELEC;UIS: Sub-Saharan Africa;2016;33.41725921630859;UIS_EST;
SCHBSP.1.WELEC;UIS: Sub-Saharan Africa;2017;33.23421096801758;UIS_EST;
SCHBSP.1.WELEC;UIS: Sub-Saharan Africa;2018;33.1060791015625;UIS_EST;
SCHBSP.1.WELEC;UIS: Sub-Saharan Africa;2019;32.94763946533203;UIS_EST;
SCHBSP.1.WELEC;UIS: Sub-Saharan Africa;2020;34.03044891357422;UIS_EST;
SCHBSP.1.WELEC;UIS: Sub-Saharan Africa;2021;33.96804046630859;UIS_EST;
SCHBSP.1.WELEC;UIS: Sub-Saharan Africa;2022;35.41867828369141;UIS_EST;
SCHBSP.1.WELEC;UIS: Sub-Saharan Africa;2023;36.00873184204102;UIS_EST;
SCHBSP.1.WELEC;UIS: Sub-Saharan Africa;2024;36.26240921020508;UIS_EST;
SCHBSP.1.WELEC;UIS: World;2011;64.38523864746094;UIS_EST;
SCHBSP.1.WELEC;UIS: World;2012;64.2576675415039;UIS_EST;
SCHBSP.1.WELEC;UIS: World;2013;65.00544738769531;UIS_EST;
SCHBSP.1.WELEC;UIS: World;2014;65.81590270996094;UIS_EST;
SCHBSP.1.WELEC;UIS: World;2015;66.63931274414062;UIS_EST;
SCHBSP.1.WELEC;UIS: World;2016;67.56632995605469;UIS_EST;
SCHBSP.1.WELEC;UIS: World;2017;67.97300720214844;UIS_EST;
SCHBSP.1.WELEC;UIS: World;2018;68.55933380126953;UIS_EST;
SCHBSP.1.WELEC;UIS: World;2019;71.85138702392578;UIS_EST;
SCHBSP.1.WELEC;UIS: World;2020;74.73380279541016;UIS_EST;
SCHBSP.1.WELEC;UIS: World;2021;74.66146087646484;UIS_EST;
SCHBSP.1.WELEC;UIS: World;2022;76.68112182617188;UIS_EST;
SCHBSP.1.WELEC;UIS: World;2023;77.95887756347656;UIS_EST;
SCHBSP.1.WELEC;UIS: World;2024;78.12651824951172;UIS_EST;
SCHBSP.1.WELEC;UKR;2016;100;;
SCHBSP.1.WELEC;UKR;2017;100;;
SCHBSP.1.WELEC;UKR;2018;100;;
SCHBSP.1.WELEC;UKR;2019;100;;
SCHBSP.1.WELEC;UKR;2020;100;;
SCHBSP.1.WELEC;UKR;2021;100;;
SCHBSP.1.WELEC;UKR;2023;98.99244332493703;;
SCHBSP.1.WELEC;UKR;2024;99.43977591036415;;
SCHBSP.1.WELEC;UNESCO: SIDS;2021;90.79106140136719;UIS_EST;
SCHBSP.1.WELEC;UNESCO: SIDS;2022;90.6767578125;UIS_EST;
SCHBSP.1.WELEC;UNESCO: SIDS;2023;91.3738021850586;UIS_EST;
SCHBSP.1.WELEC;UNESCO: SIDS;2024;91.57666015625;UIS_EST;
SCHBSP.1.WELEC;UNICEF: Africa;2015;39.92959976196289;UIS_EST;
SCHBSP.1.WELEC;UNICEF: Africa;2016;40.84540176391602;UIS_EST;
SCHBSP.1.WELEC;UNICEF: Africa;2017;40.673828125;UIS_EST;
SCHBSP.1.WELEC;UNICEF: Africa;2018;40.52645874023438;UIS_EST;
SCHBSP.1.WELEC;UNICEF: Africa;2019;40.50136947631836;UIS_EST;
SCHBSP.1.WELEC;UNICEF: Africa;2020;41.36304092407227;UIS_EST;
SCHBSP.1.WELEC;UNICEF: Africa;2021;41.2330207824707;UIS_EST;
SCHBSP.1.WELEC;UNICEF: Africa;2022;42.1705207824707;UIS_EST;
SCHBSP.1.WELEC;UNICEF: Africa;2023;43.05252838134766;UIS_EST;
SCHBSP.1.WELEC;UNICEF: Africa;2024;43.32863998413086;UIS_EST;
SCHBSP.1.WELEC;UNICEF: All UNICEF Countries;2011;60.48392105102539;UIS_EST;
SCHBSP.1.WELEC;UNICEF: All UNICEF Countries;2012;60.34793090820313;UIS_EST;
SCHBSP.1.WELEC;UNICEF: All UNICEF Countries;2013;61.1272087097168;UIS_EST;
SCHBSP.1.WELEC;UNICEF: All UNICEF Countries;2014;61.97682189941406;UIS_EST;
SCHBSP.1.WELEC;UNICEF: All UNICEF Countries;2015;62.83258056640625;UIS_EST;
SCHBSP.1.WELEC;UNICEF: All UNICEF Countries;2016;63.80718994140625;UIS_EST;
SCHBSP.1.WELEC;UNICEF: All UNICEF Countries;2017;64.2789535522461;UIS_EST;
SCHBSP.1.WELEC;UNICEF: All UNICEF Countries;2018;64.94039154052734;UIS_EST;
SCHBSP.1.WELEC;UNICEF: All UNICEF Countries;2019;68.61395263671875;UIS_EST;
SCHBSP.1.WELEC;UNICEF: All UNICEF Countries;2020;71.8335189819336;UIS_EST;
SCHBSP.1.WELEC;UNICEF: All UNICEF Countries;2021;71.73773193359375;UIS_EST;
SCHBSP.1.WELEC;UNICEF: All UNICEF Countries;2022;73.98747253417969;UIS_EST;
SCHBSP.1.WELEC;UNICEF: All UNICEF Countries;2023;75.41680908203125;UIS_EST;
SCHBSP.1.WELEC;UNICEF: All UNICEF Countries;2024;75.58544158935547;UIS_EST;
SCHBSP.1.WELEC;UNICEF: Association of South East Asian Nations (ASEAN);2011;77.57317352294922;UIS_EST;
SCHBSP.1.WELEC;UNICEF: Association of South East Asian Nations (ASEAN);2012;78.19197845458984;UIS_EST;
SCHBSP.1.WELEC;UNICEF: Association of South East Asian Nations (ASEAN);2013;79.34349822998047;UIS_EST;
SCHBSP.1.WELEC;UNICEF: Association of South East Asian Nations (ASEAN);2014;80.54371643066406;UIS_EST;
SCHBSP.1.WELEC;UNICEF: Association of South East Asian Nations (ASEAN);2015;81.78849792480469;UIS_EST;
SCHBSP.1.WELEC;UNICEF: Association of South East Asian Nations (ASEAN);2016;83.09088897705078;;
SCHBSP.1.WELEC;UNICEF: Association of South East Asian Nations (ASEAN);2017;85.27755737304688;;
SCHBSP.1.WELEC;UNICEF: Association of South East Asian Nations (ASEAN);2018;85.90341186523438;;
SCHBSP.1.WELEC;UNICEF: Association of South East Asian Nations (ASEAN);2019;86.70477294921875;UIS_EST;
SCHBSP.1.WELEC;UNICEF: Association of South East Asian Nations (ASEAN);2020;87.41268920898438;UIS_EST;
SCHBSP.1.WELEC;UNICEF: Association of South East Asian Nations (ASEAN);2021;87.7676010131836;UIS_EST;
SCHBSP.1.WELEC;UNICEF: Association of South East Asian Nations (ASEAN);2022;88.2123794555664;UIS_EST;
SCHBSP.1.WELEC;UNICEF: Association of South East Asian Nations (ASEAN);2023;88.64209747314453;UIS_EST;
SCHBSP.1.WELEC;UNICEF: Association of South East Asian Nations (ASEAN);2024;88.9063720703125;;
SCHBSP.1.WELEC;UNICEF: Central and Eastern Europe/Commonwealth of Independent States;2015;99.76392364501953;UIS_EST;
SCHBSP.1.WELEC;UNICEF: Central and Eastern Europe/Commonwealth of Independent States;2016;99.75208282470703;UIS_EST;
SCHBSP.1.WELEC;UNICEF: Central and Eastern Europe/Commonwealth of Independent States;2017;99.6892318725586;;
SCHBSP.1.WELEC;UNICEF: Central and Eastern Europe/Commonwealth of Independent States;2018;99.64232635498047;;
SCHBSP.1.WELEC;UNICEF: Central and Eastern Europe/Commonwealth of Independent States;2019;99.73565673828125;;
SCHBSP.1.WELEC;UNICEF: Central and Eastern Europe/Commonwealth of Independent States;2020;99.84973907470703;;
SCHBSP.1.WELEC;UNICEF: Central and Eastern Europe/Commonwealth of Independent States;2021;99.8425521850586;UIS_EST;
SCHBSP.1.WELEC;UNICEF: Central and Eastern Europe/Commonwealth of Independent States;2022;99.82962799072266;UIS_EST;
SCHBSP.1.WELEC;UNICEF: Central and Eastern Europe/Commonwealth of Independent States;2023;99.81729888916016;UIS_EST;
SCHBSP.1.WELEC;UNICEF: East Asia and Pacific;2011;86.30484008789062;UIS_EST;
SCHBSP.1.WELEC;UNICEF: East Asia and Pacific;2012;86.6978988647461;UIS_EST;
SCHBSP.1.WELEC;UNICEF: East Asia and Pacific;2013;87.20958709716797;UIS_EST;
SCHBSP.1.WELEC;UNICEF: East Asia and Pacific;2014;87.76818084716797;UIS_EST;
SCHBSP.1.WELEC;UNICEF: East Asia and Pacific;2015;88.3712387084961;UIS_EST;
SCHBSP.1.WELEC;UNICEF: East Asia and Pacific;2016;89.02111053466797;UIS_EST;
SCHBSP.1.WELEC;UNICEF: East Asia and Pacific;2017;90.1383285522461;;
SCHBSP.1.WELEC;UNICEF: East Asia and Pacific;2018;90.38284301757812;;
SCHBSP.1.WELEC;UNICEF: East Asia and Pacific;2019;90.9442367553711;UIS_EST;
SCHBSP.1.WELEC;UNICEF: East Asia and Pacific;2020;91.4065170288086;UIS_EST;
SCHBSP.1.WELEC;UNICEF: East Asia and Pacific;2021;91.67137908935547;UIS_EST;
SCHBSP.1.WELEC;UNICEF: East Asia and Pacific;2022;91.91472625732422;UIS_EST;
SCHBSP.1.WELEC;UNICEF: East Asia and Pacific;2023;92.18360900878906;;
SCHBSP.1.WELEC;UNICEF: East Asia and Pacific;2024;92.3187484741211;;
SCHBSP.1.WELEC;UNICEF: East Asia and the Pacific Programme Countries;2011;85.93634796142578;UIS_EST;
SCHBSP.1.WELEC;UNICEF: East Asia and the Pacific Programme Countries;2012;86.36399841308594;UIS_EST;
SCHBSP.1.WELEC;UNICEF: East Asia and the Pacific Programme Countries;2013;86.90190887451172;UIS_EST;
SCHBSP.1.WELEC;UNICEF: East Asia and the Pacific Programme Countries;2014;87.4896011352539;UIS_EST;
SCHBSP.1.WELEC;UNICEF: East Asia and the Pacific Programme Countries;2015;88.1243896484375;UIS_EST;
SCHBSP.1.WELEC;UNICEF: East Asia and the Pacific Programme Countries;2016;88.81005096435547;UIS_EST;
SCHBSP.1.WELEC;UNICEF: East Asia and the Pacific Programme Countries;2017;89.98265838623047;;
SCHBSP.1.WELEC;UNICEF: East Asia and the Pacific Programme Countries;2018;90.21208190917969;;
SCHBSP.1.WELEC;UNICEF: East Asia and the Pacific Programme Countries;2019;90.77596282958984;UIS_EST;
SCHBSP.1.WELEC;UNICEF: East Asia and the Pacific Programme Countries;2020;91.23918151855469;UIS_EST;
SCHBSP.1.WELEC;UNICEF: East Asia and the Pacific Programme Countries;2021;91.50150299072266;UIS_EST;
SCHBSP.1.WELEC;UNICEF: East Asia and the Pacific Programme Countries;2022;91.7260971069336;UIS_EST;
SCHBSP.1.WELEC;UNICEF: East Asia and the Pacific Programme Countries;2023;91.97781372070312;;
SCHBSP.1.WELEC;UNICEF: East Asia and the Pacific Programme Countries;2024;92.10806274414062;;
SCHBSP.1.WELEC;UNICEF: Eastern Europe and Central Asia;2015;99.76392364501953;UIS_EST;
SCHBSP.1.WELEC;UNICEF: Eastern Europe and Central Asia;2016;99.75208282470703;UIS_EST;
SCHBSP.1.WELEC;UNICEF: Eastern Europe and Central Asia;2017;99.6892318725586;;
SCHBSP.1.WELEC;UNICEF: Eastern Europe and Central Asia;2018;99.64232635498047;;
SCHBSP.1.WELEC;UNICEF: Eastern Europe and Central Asia;2019;99.73565673828125;;
SCHBSP.1.WELEC;UNICEF: Eastern Europe and Central Asia;2020;99.84973907470703;;
SCHBSP.1.WELEC;UNICEF: Eastern Europe and Central Asia;2021;99.8425521850586;UIS_EST;
SCHBSP.1.WELEC;UNICEF: Eastern Europe and Central Asia;2022;99.82962799072266;UIS_EST;
SCHBSP.1.WELEC;UNICEF: Eastern Europe and Central Asia;2023;99.81729888916016;UIS_EST;
SCHBSP.1.WELEC;UNICEF: Eastern and Southern Africa;2015;41.0101203918457;UIS_EST;
SCHBSP.1.WELEC;UNICEF: Eastern and Southern Africa;2016;42.5855712890625;UIS_EST;
SCHBSP.1.WELEC;UNICEF: Eastern and Southern Africa;2017;41.58536911010742;UIS_EST;
SCHBSP.1.WELEC;UNICEF: Eastern and Southern Africa;2018;40.64770126342773;UIS_EST;
SCHBSP.1.WELEC;UNICEF: Eastern and Southern Africa;2019;39.91082000732422;UIS_EST;
SCHBSP.1.WELEC;UNICEF: Eastern and Southern Africa;2020;40.74192047119141;UIS_EST;
SCHBSP.1.WELEC;UNICEF: Eastern and Southern Africa;2021;41.8144416809082;UIS_EST;
SCHBSP.1.WELEC;UNICEF: Eastern and Southern Africa;2022;43.51982879638672;UIS_EST;
SCHBSP.1.WELEC;UNICEF: Eastern and Southern Africa;2023;44.60702896118164;UIS_EST;
SCHBSP.1.WELEC;UNICEF: Economic Community of Central African States (ECCAS);2014;14.72949981689453;UIS_EST;
SCHBSP.1.WELEC;UNICEF: Economic Community of Central African States (ECCAS);2015;14.93803977966309;UIS_EST;
SCHBSP.1.WELEC;UNICEF: Economic Community of Central African States (ECCAS);2016;15.5582799911499;UIS_EST;
SCHBSP.1.WELEC;UNICEF: Economic Community of Central African States (ECCAS);2017;15.94429016113281;UIS_EST;
SCHBSP.1.WELEC;UNICEF: Economic Community of Central African States (ECCAS);2018;16.48377990722656;UIS_EST;
SCHBSP.1.WELEC;UNICEF: Economic Community of Central African States (ECCAS);2019;16.87282943725586;UIS_EST;
SCHBSP.1.WELEC;UNICEF: Economic Community of Central African States (ECCAS);2020;17.45861053466797;UIS_EST;
SCHBSP.1.WELEC;UNICEF: Economic Community of Central African States (ECCAS);2021;17.6921501159668;;
SCHBSP.1.WELEC;UNICEF: Economic Community of Central African States (ECCAS);2022;18.14580917358398;UIS_EST;
SCHBSP.1.WELEC;UNICEF: Economic Community of Central African States (ECCAS);2023;17.73150062561035;;
SCHBSP.1.WELEC;UNICEF: Economic Community of Central African States (ECCAS);2024;18.0347900390625;UIS_EST;
SCHBSP.1.WELEC;UNICEF: Economic Community of West African States (ECOWAS);2016;33.02737045288086;UIS_EST;
SCHBSP.1.WELEC;UNICEF: Economic Community of West African States (ECOWAS);2017;33.65652084350586;UIS_EST;
SCHBSP.1.WELEC;UNICEF: Economic Community of West African States (ECOWAS);2018;33.98683929443359;UIS_EST;
SCHBSP.1.WELEC;UNICEF: Economic Community of West African States (ECOWAS);2019;34.56164169311523;UIS_EST;
SCHBSP.1.WELEC;UNICEF: Economic Community of West African States (ECOWAS);2020;36.13859939575195;UIS_EST;
SCHBSP.1.WELEC;UNICEF: Economic Community of West African States (ECOWAS);2021;35.63528823852539;UIS_EST;
SCHBSP.1.WELEC;UNICEF: Economic Community of West African States (ECOWAS);2022;37.63962936401367;UIS_EST;
SCHBSP.1.WELEC;UNICEF: Economic Community of West African States (ECOWAS);2023;38.51647186279297;UIS_EST;
SCHBSP.1.WELEC;UNICEF: Europe and Central Asia;2000;99.93509674072266;UIS_EST;
SCHBSP.1.WELEC;UNICEF: Europe and Central Asia;2001;99.93437957763672;UIS_EST;
SCHBSP.1.WELEC;UNICEF: Europe and Central Asia;2002;99.9346923828125;UIS_EST;
SCHBSP.1.WELEC;UNICEF: Europe and Central Asia;2003;99.93395233154297;UIS_EST;
SCHBSP.1.WELEC;UNICEF: Europe and Central Asia;2004;99.93380737304688;UIS_EST;
SCHBSP.1.WELEC;UNICEF: Europe and Central Asia;2005;99.93354797363281;UIS_EST;
SCHBSP.1.WELEC;UNICEF: Europe and Central Asia;2006;99.93341827392578;UIS_EST;
SCHBSP.1.WELEC;UNICEF: Europe and Central Asia;2007;99.93302154541016;UIS_EST;
SCHBSP.1.WELEC;UNICEF: Europe and Central Asia;2008;99.93287658691406;UIS_EST;
SCHBSP.1.WELEC;UNICEF: Europe and Central Asia;2009;99.93277740478516;UIS_EST;
SCHBSP.1.WELEC;UNICEF: Europe and Central Asia;2010;99.93270111083984;UIS_EST;
SCHBSP.1.WELEC;UNICEF: Europe and Central Asia;2011;99.93238067626953;UIS_EST;
SCHBSP.1.WELEC;UNICEF: Europe and Central Asia;2012;99.93245697021484;UIS_EST;
SCHBSP.1.WELEC;UNICEF: Europe and Central Asia;2013;99.93150329589844;UIS_EST;
SCHBSP.1.WELEC;UNICEF: Europe and Central Asia;2014;99.9305191040039;UIS_EST;
SCHBSP.1.WELEC;UNICEF: Europe and Central Asia;2015;99.92962646484375;UIS_EST;
SCHBSP.1.WELEC;UNICEF: Europe and Central Asia;2016;99.9286880493164;;
SCHBSP.1.WELEC;UNICEF: Europe and Central Asia;2017;99.8615493774414;;
SCHBSP.1.WELEC;UNICEF: Europe and Central Asia;2018;99.74170684814453;;
SCHBSP.1.WELEC;UNICEF: Europe and Central Asia;2019;99.60726928710938;;
SCHBSP.1.WELEC;UNICEF: Europe and Central Asia;2020;99.6315689086914;UIS_EST;
SCHBSP.1.WELEC;UNICEF: Europe and Central Asia;2021;99.63007354736328;UIS_EST;
SCHBSP.1.WELEC;UNICEF: Europe and Central Asia;2022;99.62487030029297;UIS_EST;
SCHBSP.1.WELEC;UNICEF: Europe and Central Asia;2023;99.62152862548828;UIS_EST;
SCHBSP.1.WELEC;UNICEF: Europe and Central Asia Programme Countries;2015;99.7738265991211;UIS_EST;
SCHBSP.1.WELEC;UNICEF: Europe and Central Asia Programme Countries;2016;99.76146697998047;UIS_EST;
SCHBSP.1.WELEC;UNICEF: Europe and Central Asia Programme Countries;2017;99.70664978027344;;
SCHBSP.1.WELEC;UNICEF: Europe and Central Asia Programme Countries;2018;99.66847229003906;;
SCHBSP.1.WELEC;UNICEF: Europe and Central Asia Programme Countries;2019;99.76437377929688;;
SCHBSP.1.WELEC;UNICEF: Europe and Central Asia Programme Countries;2020;99.87367248535156;;
SCHBSP.1.WELEC;UNICEF: Europe and Central Asia Programme Countries;2021;99.86630249023438;;
SCHBSP.1.WELEC;UNICEF: Europe and Central Asia Programme Countries;2022;99.8544692993164;UIS_EST;
SCHBSP.1.WELEC;UNICEF: Europe and Central Asia Programme Countries;2023;99.84322357177734;UIS_EST;
SCHBSP.1.WELEC;UNICEF: Gulf Area;2015;100;UIS_EST;
SCHBSP.1.WELEC;UNICEF: Gulf Area;2017;100;;
SCHBSP.1.WELEC;UNICEF: Gulf Area;2018;100;;
SCHBSP.1.WELEC;UNICEF: Gulf Area;2019;100;;
SCHBSP.1.WELEC;UNICEF: Gulf Area;2020;100;;
SCHBSP.1.WELEC;UNICEF: Gulf Area;2021;100;;
SCHBSP.1.WELEC;UNICEF: Gulf Area;2022;100;;
SCHBSP.1.WELEC;UNICEF: Gulf Area;2024;99.69051361083984;;
SCHBSP.1.WELEC;UNICEF: Latin America and Caribbean;2009;85.13227081298828;UIS_EST;
SCHBSP.1.WELEC;UNICEF: Latin America and Caribbean;2010;85.11969757080078;UIS_EST;
SCHBSP.1.WELEC;UNICEF: Latin America and Caribbean;2011;85.54717254638672;UIS_EST;
SCHBSP.1.WELEC;UNICEF: Latin America and Caribbean;2012;86.06060028076172;UIS_EST;
SCHBSP.1.WELEC;UNICEF: Latin America and Caribbean;2013;86.59800720214844;UIS_EST;
SCHBSP.1.WELEC;UNICEF: Latin America and Caribbean;2014;87.14070129394531;UIS_EST;
SCHBSP.1.WELEC;UNICEF: Latin America and Caribbean;2015;87.69185638427734;UIS_EST;
SCHBSP.1.WELEC;UNICEF: Latin America and Caribbean;2016;88.26689147949219;UIS_EST;
SCHBSP.1.WELEC;UNICEF: Latin America and Caribbean;2017;88.18463897705078;UIS_EST;
SCHBSP.1.WELEC;UNICEF: Latin America and Caribbean;2018;87.92887878417969;UIS_EST;
SCHBSP.1.WELEC;UNICEF: Latin America and Caribbean;2019;88.22852325439453;UIS_EST;
SCHBSP.1.WELEC;UNICEF: Latin America and Caribbean;2020;87.42520141601562;UIS_EST;
SCHBSP.1.WELEC;UNICEF: Latin America and Caribbean;2021;86.77732849121094;UIS_EST;
SCHBSP.1.WELEC;UNICEF: Latin America and Caribbean;2022;86.83792114257812;UIS_EST;
SCHBSP.1.WELEC;UNICEF: Latin America and Caribbean;2023;88.60768127441406;UIS_EST;
SCHBSP.1.WELEC;UNICEF: Middle East and North Africa;2011;96.38591766357422;UIS_EST;
SCHBSP.1.WELEC;UNICEF: Middle East and North Africa;2012;96.43431854248047;UIS_EST;
SCHBSP.1.WELEC;UNICEF: Middle East and North Africa;2013;96.52545166015625;UIS_EST;
SCHBSP.1.WELEC;UNICEF: Middle East and North Africa;2015;96.79419708251953;UIS_EST;
SCHBSP.1.WELEC;UNICEF: Middle East and North Africa;2016;96.91967010498047;UIS_EST;
SCHBSP.1.WELEC;UNICEF: Middle East and North Africa;2017;97.10929107666016;UIS_EST;
SCHBSP.1.WELEC;UNICEF: Middle East and North Africa;2019;97.35420989990234;UIS_EST;
SCHBSP.1.WELEC;UNICEF: Middle East and North Africa;2020;97.36432647705078;UIS_EST;
SCHBSP.1.WELEC;UNICEF: Middle East and North Africa;2021;97.32872009277344;UIS_EST;
SCHBSP.1.WELEC;UNICEF: Middle East and North Africa;2022;97.46009063720703;UIS_EST;
SCHBSP.1.WELEC;UNICEF: Middle East and North Africa;2023;97.61119079589844;UIS_EST;
SCHBSP.1.WELEC;UNICEF: Middle East and North Africa;2024;97.64423370361328;UIS_EST;
SCHBSP.1.WELEC;UNICEF: Middle East and North Africa Programme Countries;2011;92.35993194580078;UIS_EST;
SCHBSP.1.WELEC;UNICEF: Middle East and North Africa Programme Countries;2012;92.38134002685547;UIS_EST;
SCHBSP.1.WELEC;UNICEF: Middle East and North Africa Programme Countries;2013;92.55145263671875;UIS_EST;
SCHBSP.1.WELEC;UNICEF: Middle East and North Africa Programme Countries;2015;92.97643280029297;UIS_EST;
SCHBSP.1.WELEC;UNICEF: Middle East and North Africa Programme Countries;2016;93.1762924194336;UIS_EST;
SCHBSP.1.WELEC;UNICEF: Middle East and North Africa Programme Countries;2017;93.15068817138672;UIS_EST;
SCHBSP.1.WELEC;UNICEF: North America;2014;100;UIS_EST;
SCHBSP.1.WELEC;UNICEF: North America;2015;100;;
SCHBSP.1.WELEC;UNICEF: North America;2016;100;UIS_EST;
SCHBSP.1.WELEC;UNICEF: North America;2017;100;UIS_EST;
SCHBSP.1.WELEC;UNICEF: North America;2018;100;UIS_EST;
SCHBSP.1.WELEC;UNICEF: North America;2019;100;;
SCHBSP.1.WELEC;UNICEF: North America;2020;100;UIS_EST;
SCHBSP.1.WELEC;UNICEF: South Asia;2011;44.88346862792969;UIS_EST;
SCHBSP.1.WELEC;UNICEF: South Asia;2012;45.06636047363281;;
SCHBSP.1.WELEC;UNICEF: South Asia;2013;45.76992034912109;UIS_EST;
SCHBSP.1.WELEC;UNICEF: South Asia;2014;46.52410888671875;UIS_EST;
SCHBSP.1.WELEC;UNICEF: South Asia;2015;47.31909942626953;UIS_EST;
SCHBSP.1.WELEC;UNICEF: South Asia;2016;48.16088104248047;;
SCHBSP.1.WELEC;UNICEF: South Asia;2017;49.99903869628906;;
SCHBSP.1.WELEC;UNICEF: South Asia;2018;52.26393890380859;;
SCHBSP.1.WELEC;UNICEF: South Asia;2019;61.88082885742188;;
SCHBSP.1.WELEC;UNICEF: South Asia;2020;70.32305145263672;;
SCHBSP.1.WELEC;UNICEF: South Asia;2021;70.80619812011719;;
SCHBSP.1.WELEC;UNICEF: South Asia;2022;76.3596420288086;;
SCHBSP.1.WELEC;UNICEF: South Asia;2023;79.02279663085938;;
SCHBSP.1.WELEC;UNICEF: South Asia;2024;79.1097412109375;;
SCHBSP.1.WELEC;UNICEF: Sub-Saharan Africa;2015;33.09286880493164;UIS_EST;
SCHBSP.1.WELEC;UNICEF: Sub-Saharan Africa;2016;34.04130172729492;UIS_EST;
SCHBSP.1.WELEC;UNICEF: Sub-Saharan Africa;2017;33.89807891845703;UIS_EST;
SCHBSP.1.WELEC;UNICEF: Sub-Saharan Africa;2018;33.84074020385742;UIS_EST;
SCHBSP.1.WELEC;UNICEF: Sub-Saharan Africa;2019;33.75587844848633;UIS_EST;
SCHBSP.1.WELEC;UNICEF: Sub-Saharan Africa;2020;34.75207138061523;UIS_EST;
SCHBSP.1.WELEC;UNICEF: Sub-Saharan Africa;2021;34.67712020874023;UIS_EST;
SCHBSP.1.WELEC;UNICEF: Sub-Saharan Africa;2022;36.06420135498047;UIS_EST;
SCHBSP.1.WELEC;UNICEF: Sub-Saharan Africa;2023;36.62535858154297;UIS_EST;
SCHBSP.1.WELEC;UNICEF: Sub-Saharan Africa;2024;36.8680305480957;UIS_EST;
SCHBSP.1.WELEC;UNICEF: West and Central Africa;2014;27.15549087524414;UIS_EST;
SCHBSP.1.WELEC;UNICEF: West and Central Africa;2015;27.35643005371094;UIS_EST;
SCHBSP.1.WELEC;UNICEF: West and Central Africa;2016;27.91295051574707;UIS_EST;
SCHBSP.1.WELEC;UNICEF: West and Central Africa;2017;28.39049911499023;UIS_EST;
SCHBSP.1.WELEC;UNICEF: West and Central Africa;2018;28.99653053283691;UIS_EST;
SCHBSP.1.WELEC;UNICEF: West and Central Africa;2019;29.40970993041992;UIS_EST;
SCHBSP.1.WELEC;UNICEF: West and Central Africa;2020;30.50293922424316;UIS_EST;
SCHBSP.1.WELEC;UNICEF: West and Central Africa;2021;29.82035064697266;UIS_EST;
SCHBSP.1.WELEC;UNICEF: West and Central Africa;2022;31.0572395324707;UIS_EST;
SCHBSP.1.WELEC;UNICEF: West and Central Africa;2023;31.29862022399902;UIS_EST;
SCHBSP.1.WELEC;UNICEF: West and Central Africa;2024;31.51275062561035;UIS_EST;
SCHBSP.1.WELEC;UNICEF: Western Europe;2001;100;;
SCHBSP.1.WELEC;UNICEF: Western Europe;2002;100;;
SCHBSP.1.WELEC;UNICEF: Western Europe;2005;100;;
SCHBSP.1.WELEC;UNICEF: Western Europe;2007;100;;
SCHBSP.1.WELEC;UNICEF: Western Europe;2011;100;;
SCHBSP.1.WELEC;UNICEF: Western Europe;2012;100;;
SCHBSP.1.WELEC;UNICEF: Western Europe;2015;100;;
SCHBSP.1.WELEC;UNICEF: Western Europe;2016;100;;
SCHBSP.1.WELEC;UNICEF: Western Europe;2017;99.92935943603516;UIS_EST;
SCHBSP.1.WELEC;UNICEF: Western Europe;2018;99.7802734375;UIS_EST;
SCHBSP.1.WELEC;UNICEF: Western Europe;2019;99.557373046875;;
SCHBSP.1.WELEC;UNICEF: Western Europe;2020;99.54659271240234;UIS_EST;
SCHBSP.1.WELEC;UNICEF: Western Europe;2021;99.54768371582031;UIS_EST;
SCHBSP.1.WELEC;UNICEF: Western Europe;2022;99.54376220703125;UIS_EST;
SCHBSP.1.WELEC;UNICEF: Western Europe;2023;99.54395294189453;UIS_EST;
SCHBSP.1.WELEC;UNICEF: World;2011;64.38247680664062;UIS_EST;
SCHBSP.1.WELEC;UNICEF: World;2012;64.25502014160156;UIS_EST;
SCHBSP.1.WELEC;UNICEF: World;2013;65.0030288696289;UIS_EST;
SCHBSP.1.WELEC;UNICEF: World;2014;65.8137435913086;UIS_EST;
SCHBSP.1.WELEC;UNICEF: World;2015;66.63739776611328;UIS_EST;
SCHBSP.1.WELEC;UNICEF: World;2016;67.56471252441406;UIS_EST;
SCHBSP.1.WELEC;UNICEF: World;2017;67.9713134765625;UIS_EST;
SCHBSP.1.WELEC;UNICEF: World;2018;68.55767059326172;UIS_EST;
SCHBSP.1.WELEC;UNICEF: World;2019;71.8514633178711;UIS_EST;
SCHBSP.1.WELEC;UNICEF: World;2020;74.73531341552734;UIS_EST;
SCHBSP.1.WELEC;UNICEF: World;2021;74.6624984741211;UIS_EST;
SCHBSP.1.WELEC;UNICEF: World;2022;76.68325805664062;UIS_EST;
SCHBSP.1.WELEC;UNICEF: World;2023;77.96118927001953;UIS_EST;
SCHBSP.1.WELEC;UNICEF: World;2024;78.12893676757812;UIS_EST;
SCHBSP.1.WELEC;URY;2009;95.71984100341797;;
SCHBSP.1.WELEC;URY;2013;96.74756622314453;UIS_EST;
SCHBSP.1.WELEC;URY;2015;100;;
SCHBSP.1.WELEC;URY;2016;100;;
SCHBSP.1.WELEC;URY;2017;100;;
SCHBSP.1.WELEC;URY;2018;100;;
SCHBSP.1.WELEC;URY;2019;100;;
SCHBSP.1.WELEC;URY;2020;99.87785016286645;;
SCHBSP.1.WELEC;URY;2021;100;;
SCHBSP.1.WELEC;URY;2022;100;;
SCHBSP.1.WELEC;URY;2023;100;;
SCHBSP.1.WELEC;USA;2015;100;;
SCHBSP.1.WELEC;USA;2019;100;;
SCHBSP.1.WELEC;UZB;2017;100;;
SCHBSP.1.WELEC;UZB;2018;98.45647252521094;;
SCHBSP.1.WELEC;UZB;2019;99.19173316963372;;
SCHBSP.1.WELEC;UZB;2020;99.79187314172448;;
SCHBSP.1.WELEC;UZB;2021;99.73480011786661;;
SCHBSP.1.WELEC;UZB;2022;99.81533676742151;;
SCHBSP.1.WELEC;UZB;2023;99.66736361908383;;
SCHBSP.1.WELEC;UZB;2024;100;;
SCHBSP.1.WELEC;UZB;2025;100;;
SCHBSP.1.WELEC;VCT;2010;100;;
SCHBSP.1.WELEC;VCT;2016;100;;
SCHBSP.1.WELEC;VCT;2017;100;;
SCHBSP.1.WELEC;VCT;2018;100;;
SCHBSP.1.WELEC;VEN;2010;53.56753921508789;;
SCHBSP.1.WELEC;VEN;2016;99.48287963867188;;
SCHBSP.1.WELEC;VEN;2022;4.238699913024902;;
SCHBSP.1.WELEC;VEN;2024;76.28961944580078;;
SCHBSP.1.WELEC;VGB;2010;100;;
SCHBSP.1.WELEC;VGB;2016;100;;
SCHBSP.1.WELEC;VGB;2017;100;;
SCHBSP.1.WELEC;VGB;2018;100;;
SCHBSP.1.WELEC;VGB;2019;100;;
SCHBSP.1.WELEC;VGB;2020;100;;
SCHBSP.1.WELEC;VGB;2021;100;;
SCHBSP.1.WELEC;VGB;2022;65.625;;
SCHBSP.1.WELEC;VGB;2023;100;;
SCHBSP.1.WELEC;VGB;2024;100;;
SCHBSP.1.WELEC;VNM;2019;98.91342163085938;UIS_EST;
SCHBSP.1.WELEC;VNM;2020;96.96011110253838;;
SCHBSP.1.WELEC;VNM;2021;93.98341887090407;;
SCHBSP.1.WELEC;VNM;2022;94.68757500600049;;
SCHBSP.1.WELEC;VNM;2023;95.80362929358392;;
SCHBSP.1.WELEC;VNM;2024;96.59998353502922;;
SCHBSP.1.WELEC;WB: Africa Eastern and Southern;2015;35.32931900024414;UIS_EST;
SCHBSP.1.WELEC;WB: Africa Eastern and Southern;2016;36.7086181640625;UIS_EST;
SCHBSP.1.WELEC;WB: Africa Eastern and Southern;2017;35.97993850708008;UIS_EST;
SCHBSP.1.WELEC;WB: Africa Eastern and Southern;2018;35.28755950927734;UIS_EST;
SCHBSP.1.WELEC;WB: Africa Eastern and Southern;2019;34.52701187133789;UIS_EST;
SCHBSP.1.WELEC;WB: Africa Eastern and Southern;2020;35.10816955566406;UIS_EST;
SCHBSP.1.WELEC;WB: Africa Eastern and Southern;2021;35.23490905761719;UIS_EST;
SCHBSP.1.WELEC;WB: Africa Eastern and Southern;2022;36.15719985961914;UIS_EST;
SCHBSP.1.WELEC;WB: Africa Eastern and Southern;2023;36.5906982421875;UIS_EST;
SCHBSP.1.WELEC;WB: Africa Eastern and Southern;2024;36.85987091064453;UIS_EST;
SCHBSP.1.WELEC;WB: Africa Western and Central;2015;30.71701049804688;UIS_EST;
SCHBSP.1.WELEC;WB: Africa Western and Central;2016;31.25361061096191;UIS_EST;
SCHBSP.1.WELEC;WB: Africa Western and Central;2017;31.72353935241699;UIS_EST;
SCHBSP.1.WELEC;WB: Africa Western and Central;2018;32.3347282409668;UIS_EST;
SCHBSP.1.WELEC;WB: Africa Western and Central;2019;32.93172073364258;UIS_EST;
SCHBSP.1.WELEC;WB: Africa Western and Central;2020;34.34820175170898;UIS_EST;
SCHBSP.1.WELEC;WB: Africa Western and Central;2021;34.05255126953125;UIS_EST;
SCHBSP.1.WELEC;WB: Africa Western and Central;2022;35.93186187744141;UIS_EST;
SCHBSP.1.WELEC;WB: Africa Western and Central;2023;36.63172149658203;UIS_EST;
SCHBSP.1.WELEC;WB: Arab World;2015;87.65789794921875;UIS_EST;
SCHBSP.1.WELEC;WB: Arab World;2016;87.9664077758789;UIS_EST;
SCHBSP.1.WELEC;WB: Arab World;2017;87.93486022949219;UIS_EST;
SCHBSP.1.WELEC;WB: Arab World;2019;88.45526123046875;UIS_EST;
SCHBSP.1.WELEC;WB: Arab World;2020;88.21308898925781;UIS_EST;
SCHBSP.1.WELEC;WB: Arab World;2021;88.27664184570312;UIS_EST;
SCHBSP.1.WELEC;WB: Arab World;2022;88.35536193847656;UIS_EST;
SCHBSP.1.WELEC;WB: Arab World;2023;88.94925689697266;UIS_EST;
SCHBSP.1.WELEC;WB: Arab World;2024;88.88423156738281;UIS_EST;
SCHBSP.1.WELEC;WB: Caribbean small states;2008;94.13346099853516;UIS_EST;
SCHBSP.1.WELEC;WB: Caribbean small states;2009;94.08203887939453;UIS_EST;
SCHBSP.1.WELEC;WB: Caribbean small states;2010;93.95638275146484;UIS_EST;
SCHBSP.1.WELEC;WB: Caribbean small states;2011;93.3923568725586;UIS_EST;
SCHBSP.1.WELEC;WB: Caribbean small states;2012;93.01518249511719;UIS_EST;
SCHBSP.1.WELEC;WB: Caribbean small states;2013;92.67198181152344;UIS_EST;
SCHBSP.1.WELEC;WB: Caribbean small states;2014;92.34066772460938;UIS_EST;
SCHBSP.1.WELEC;WB: Caribbean small states;2015;92.02359771728516;UIS_EST;
SCHBSP.1.WELEC;WB: Caribbean small states;2016;91.7184066772461;UIS_EST;
SCHBSP.1.WELEC;WB: Caribbean small states;2017;91.70208740234375;UIS_EST;
SCHBSP.1.WELEC;WB: Caribbean small states;2018;93.33429718017578;UIS_EST;
SCHBSP.1.WELEC;WB: Caribbean small states;2019;93.35785675048828;UIS_EST;
SCHBSP.1.WELEC;WB: Caribbean small states;2020;93.12954711914062;UIS_EST;
SCHBSP.1.WELEC;WB: Caribbean small states;2021;93.45043182373047;UIS_EST;
SCHBSP.1.WELEC;WB: Caribbean small states;2022;93.52133178710938;UIS_EST;
SCHBSP.1.WELEC;WB: Caribbean small states;2023;93.50821685791016;UIS_EST;
SCHBSP.1.WELEC;WB: Caribbean small states;2024;93.49593353271484;UIS_EST;
SCHBSP.1.WELEC;WB: Central Europe and the Baltics;2000;99.86351013183594;UIS_EST;
SCHBSP.1.WELEC;WB: Central Europe and the Baltics;2001;99.8608169555664;UIS_EST;
SCHBSP.1.WELEC;WB: Central Europe and the Baltics;2002;99.85836791992188;UIS_EST;
SCHBSP.1.WELEC;WB: Central Europe and the Baltics;2003;99.8575210571289;UIS_EST;
SCHBSP.1.WELEC;WB: Central Europe and the Baltics;2004;99.85664367675781;UIS_EST;
SCHBSP.1.WELEC;WB: Central Europe and the Baltics;2005;99.854736328125;UIS_EST;
SCHBSP.1.WELEC;WB: Central Europe and the Baltics;2006;99.85395050048828;UIS_EST;
SCHBSP.1.WELEC;WB: Central Europe and the Baltics;2007;99.85218048095703;UIS_EST;
SCHBSP.1.WELEC;WB: Central Europe and the Baltics;2008;99.85125732421875;UIS_EST;
SCHBSP.1.WELEC;WB: Central Europe and the Baltics;2009;99.85037994384766;UIS_EST;
SCHBSP.1.WELEC;WB: Central Europe and the Baltics;2010;99.85018920898438;UIS_EST;
SCHBSP.1.WELEC;WB: Central Europe and the Baltics;2011;99.85257720947266;UIS_EST;
SCHBSP.1.WELEC;WB: Central Europe and the Baltics;2012;99.8548812866211;UIS_EST;
SCHBSP.1.WELEC;WB: Central Europe and the Baltics;2013;99.8596420288086;UIS_EST;
SCHBSP.1.WELEC;WB: Central Europe and the Baltics;2014;99.8626480102539;;
SCHBSP.1.WELEC;WB: Central Europe and the Baltics;2015;99.8664779663086;;
SCHBSP.1.WELEC;WB: Central Europe and the Baltics;2016;99.87045288085938;;
SCHBSP.1.WELEC;WB: Central Europe and the Baltics;2017;99.40380859375;UIS_EST;
SCHBSP.1.WELEC;WB: Central Europe and the Baltics;2018;98.50261688232422;UIS_EST;
SCHBSP.1.WELEC;WB: Central Europe and the Baltics;2019;97.41898345947266;;
SCHBSP.1.WELEC;WB: Central Europe and the Baltics;2020;97.07418823242188;UIS_EST;
SCHBSP.1.WELEC;WB: Central Europe and the Baltics;2021;97.13008880615234;UIS_EST;
SCHBSP.1.WELEC;WB: Central Europe and the Baltics;2022;97.12626647949219;UIS_EST;
SCHBSP.1.WELEC;WB: Early-demographic dividend;2011;57.23685073852539;UIS_EST;
SCHBSP.1.WELEC;WB: Early-demographic dividend;2012;57.35908126831055;;
SCHBSP.1.WELEC;WB: Early-demographic dividend;2013;58.57025146484375;UIS_EST;
SCHBSP.1.WELEC;WB: Early-demographic dividend;2014;59.90562057495117;UIS_EST;
SCHBSP.1.WELEC;WB: Early-demographic dividend;2015;61.28610992431641;UIS_EST;
SCHBSP.1.WELEC;WB: Early-demographic dividend;2016;62.7413215637207;;
SCHBSP.1.WELEC;WB: Early-demographic dividend;2017;63.8624382019043;;
SCHBSP.1.WELEC;WB: Early-demographic dividend;2018;65.26177215576172;UIS_EST;
SCHBSP.1.WELEC;WB: Early-demographic dividend;2019;71.07962036132812;UIS_EST;
SCHBSP.1.WELEC;WB: Early-demographic dividend;2020;75.89537811279297;;
SCHBSP.1.WELEC;WB: Early-demographic dividend;2021;75.97313690185547;UIS_EST;
SCHBSP.1.WELEC;WB: Early-demographic dividend;2022;79.19303131103516;UIS_EST;
SCHBSP.1.WELEC;WB: Early-demographic dividend;2023;81.3361587524414;UIS_EST;
SCHBSP.1.WELEC;WB: Early-demographic dividend;2024;81.71675872802734;;
SCHBSP.1.WELEC;WB: East Asia & Pacific;2011;86.3210220336914;UIS_EST;
SCHBSP.1.WELEC;WB: East Asia & Pacific;2012;86.71363067626953;UIS_EST;
SCHBSP.1.WELEC;WB: East Asia & Pacific;2013;87.22447204589844;UIS_EST;
SCHBSP.1.WELEC;WB: East Asia & Pacific;2014;87.78218078613281;UIS_EST;
SCHBSP.1.WELEC;WB: East Asia & Pacific;2015;88.38433837890625;UIS_EST;
SCHBSP.1.WELEC;WB: East Asia & Pacific;2016;89.03327941894531;UIS_EST;
SCHBSP.1.WELEC;WB: East Asia & Pacific;2017;90.14962768554688;;
SCHBSP.1.WELEC;WB: East Asia & Pacific;2018;90.39414978027344;;
SCHBSP.1.WELEC;WB: East Asia & Pacific;2019;90.95525360107422;UIS_EST;
SCHBSP.1.WELEC;WB: East Asia & Pacific;2020;91.41706848144531;UIS_EST;
SCHBSP.1.WELEC;WB: East Asia & Pacific;2021;91.68183135986328;UIS_EST;
SCHBSP.1.WELEC;WB: East Asia & Pacific;2022;91.92510986328125;UIS_EST;
SCHBSP.1.WELEC;WB: East Asia & Pacific;2023;92.19389343261719;;
SCHBSP.1.WELEC;WB: East Asia & Pacific;2024;92.32904052734375;;
SCHBSP.1.WELEC;WB: East Asia & Pacific (IDA & IBRD);2011;85.93440246582031;UIS_EST;
SCHBSP.1.WELEC;WB: East Asia & Pacific (IDA & IBRD);2012;86.36634826660156;UIS_EST;
SCHBSP.1.WELEC;WB: East Asia & Pacific (IDA & IBRD);2013;86.90499114990234;UIS_EST;
SCHBSP.1.WELEC;WB: East Asia & Pacific (IDA & IBRD);2014;87.49385070800781;UIS_EST;
SCHBSP.1.WELEC;WB: East Asia & Pacific (IDA & IBRD);2015;88.13018798828125;UIS_EST;
SCHBSP.1.WELEC;WB: East Asia & Pacific (IDA & IBRD);2016;88.81775665283203;UIS_EST;
SCHBSP.1.WELEC;WB: East Asia & Pacific (IDA & IBRD);2017;89.99632263183594;;
SCHBSP.1.WELEC;WB: East Asia & Pacific (IDA & IBRD);2018;90.22377014160156;;
SCHBSP.1.WELEC;WB: East Asia & Pacific (IDA & IBRD);2019;90.78748321533203;UIS_EST;
SCHBSP.1.WELEC;WB: East Asia & Pacific (IDA & IBRD);2020;91.2488784790039;UIS_EST;
SCHBSP.1.WELEC;WB: East Asia & Pacific (IDA & IBRD);2021;91.5110092163086;UIS_EST;
SCHBSP.1.WELEC;WB: East Asia & Pacific (IDA & IBRD);2022;91.73265838623047;UIS_EST;
SCHBSP.1.WELEC;WB: East Asia & Pacific (IDA & IBRD);2023;91.98148345947266;;
SCHBSP.1.WELEC;WB: East Asia & Pacific (IDA & IBRD);2024;92.11099243164062;;
SCHBSP.1.WELEC;WB: East Asia & Pacific (excluding high income);2011;85.93045043945312;UIS_EST;
SCHBSP.1.WELEC;WB: East Asia & Pacific (excluding high income);2012;86.35826110839844;UIS_EST;
SCHBSP.1.WELEC;WB: East Asia & Pacific (excluding high income);2013;86.89662170410156;UIS_EST;
SCHBSP.1.WELEC;WB: East Asia & Pacific (excluding high income);2014;87.48475646972656;UIS_EST;
SCHBSP.1.WELEC;WB: East Asia & Pacific (excluding high income);2015;88.11998748779297;UIS_EST;
SCHBSP.1.WELEC;WB: East Asia & Pacific (excluding high income);2016;88.80609893798828;UIS_EST;
SCHBSP.1.WELEC;WB: East Asia & Pacific (excluding high income);2017;89.97908020019531;;
SCHBSP.1.WELEC;WB: East Asia & Pacific (excluding high income);2018;90.20841979980469;;
SCHBSP.1.WELEC;WB: East Asia & Pacific (excluding high income);2019;90.77243041992188;UIS_EST;
SCHBSP.1.WELEC;WB: East Asia & Pacific (excluding high income);2020;91.23576354980469;UIS_EST;
SCHBSP.1.WELEC;WB: East Asia & Pacific (excluding high income);2021;91.49752807617188;UIS_EST;
SCHBSP.1.WELEC;WB: East Asia & Pacific (excluding high income);2022;91.72216796875;UIS_EST;
SCHBSP.1.WELEC;WB: East Asia & Pacific (excluding high income);2023;91.97393035888672;;
SCHBSP.1.WELEC;WB: East Asia & Pacific (excluding high income);2024;92.10418701171875;;
SCHBSP.1.WELEC;WB: Euro area;2000;99.99411010742188;UIS_EST;
SCHBSP.1.WELEC;WB: Euro area;2001;99.99407958984375;;
SCHBSP.1.WELEC;WB: Euro area;2002;99.99404907226562;;
SCHBSP.1.WELEC;WB: Euro area;2003;99.99400329589844;;
SCHBSP.1.WELEC;WB: Euro area;2004;99.99395751953125;;
SCHBSP.1.WELEC;WB: Euro area;2005;99.993896484375;;
SCHBSP.1.WELEC;WB: Euro area;2006;99.9938735961914;;
SCHBSP.1.WELEC;WB: Euro area;2007;99.99378967285156;;
SCHBSP.1.WELEC;WB: Euro area;2008;99.99375915527344;;
SCHBSP.1.WELEC;WB: Euro area;2009;99.99373626708984;;
SCHBSP.1.WELEC;WB: Euro area;2010;99.99372100830078;;
SCHBSP.1.WELEC;WB: Euro area;2011;99.99366760253906;;
SCHBSP.1.WELEC;WB: Euro area;2012;99.99365234375;;
SCHBSP.1.WELEC;WB: Euro area;2013;99.99360656738281;;
SCHBSP.1.WELEC;WB: Euro area;2014;99.99356079101562;;
SCHBSP.1.WELEC;WB: Euro area;2015;99.99353790283203;;
SCHBSP.1.WELEC;WB: Euro area;2016;99.99352264404297;;
SCHBSP.1.WELEC;WB: Euro area;2017;99.99028778076172;;
SCHBSP.1.WELEC;WB: Euro area;2018;99.9870376586914;;
SCHBSP.1.WELEC;WB: Euro area;2019;99.98779296875;;
SCHBSP.1.WELEC;WB: Euro area;2020;99.99030303955078;;
SCHBSP.1.WELEC;WB: Euro area;2021;99.99030303955078;;
SCHBSP.1.WELEC;WB: Euro area;2022;99.98961639404297;UIS_EST;
SCHBSP.1.WELEC;WB: Euro area;2023;99.98905944824219;UIS_EST;
SCHBSP.1.WELEC;WB: Europe & Central Asia;2000;99.9329605102539;UIS_EST;
SCHBSP.1.WELEC;WB: Europe & Central Asia;2001;99.93219757080078;UIS_EST;
SCHBSP.1.WELEC;WB: Europe & Central Asia;2002;99.93253326416016;UIS_EST;
SCHBSP.1.WELEC;WB: Europe & Central Asia;2003;99.9317398071289;UIS_EST;
SCHBSP.1.WELEC;WB: Europe & Central Asia;2004;99.93158721923828;UIS_EST;
SCHBSP.1.WELEC;WB: Europe & Central Asia;2005;99.93132019042969;UIS_EST;
SCHBSP.1.WELEC;WB: Europe & Central Asia;2006;99.93119049072266;UIS_EST;
SCHBSP.1.WELEC;WB: Europe & Central Asia;2007;99.93077087402344;UIS_EST;
SCHBSP.1.WELEC;WB: Europe & Central Asia;2008;99.93061828613281;UIS_EST;
SCHBSP.1.WELEC;WB: Europe & Central Asia;2009;99.93051147460938;UIS_EST;
SCHBSP.1.WELEC;WB: Europe & Central Asia;2010;99.930419921875;UIS_EST;
SCHBSP.1.WELEC;WB: Europe & Central Asia;2011;99.93006896972656;UIS_EST;
SCHBSP.1.WELEC;WB: Europe & Central Asia;2012;99.93010711669922;UIS_EST;
SCHBSP.1.WELEC;WB: Europe & Central Asia;2013;99.92906951904297;UIS_EST;
SCHBSP.1.WELEC;WB: Europe & Central Asia;2014;99.92801666259766;UIS_EST;
SCHBSP.1.WELEC;WB: Europe & Central Asia;2015;99.92706298828125;UIS_EST;
SCHBSP.1.WELEC;WB: Europe & Central Asia;2016;99.92604064941406;;
SCHBSP.1.WELEC;WB: Europe & Central Asia;2017;99.85643768310547;;
SCHBSP.1.WELEC;WB: Europe & Central Asia;2018;99.73220825195312;;
SCHBSP.1.WELEC;WB: Europe & Central Asia;2019;99.5930404663086;;
SCHBSP.1.WELEC;WB: Europe & Central Asia;2020;99.6178970336914;;
SCHBSP.1.WELEC;WB: Europe & Central Asia;2021;99.61637115478516;UIS_EST;
SCHBSP.1.WELEC;WB: Europe & Central Asia;2022;99.61103820800781;UIS_EST;
SCHBSP.1.WELEC;WB: Europe & Central Asia;2023;99.6075668334961;UIS_EST;
SCHBSP.1.WELEC;WB: Europe & Central Asia (IDA & IBRD);2011;99.8215103149414;UIS_EST;
SCHBSP.1.WELEC;WB: Europe & Central Asia (IDA & IBRD);2012;99.81788635253906;UIS_EST;
SCHBSP.1.WELEC;WB: Europe & Central Asia (IDA & IBRD);2013;99.80912780761719;UIS_EST;
SCHBSP.1.WELEC;WB: Europe & Central Asia (IDA & IBRD);2014;99.80213165283203;UIS_EST;
SCHBSP.1.WELEC;WB: Europe & Central Asia (IDA & IBRD);2015;99.79431915283203;UIS_EST;
SCHBSP.1.WELEC;WB: Europe & Central Asia (IDA & IBRD);2016;99.78559112548828;UIS_EST;
SCHBSP.1.WELEC;WB: Europe & Central Asia (IDA & IBRD);2017;99.73165893554688;;
SCHBSP.1.WELEC;WB: Europe & Central Asia (IDA & IBRD);2018;99.68515014648438;;
SCHBSP.1.WELEC;WB: Europe & Central Asia (IDA & IBRD);2019;99.76687622070312;;
SCHBSP.1.WELEC;WB: Europe & Central Asia (IDA & IBRD);2020;99.8606185913086;;
SCHBSP.1.WELEC;WB: Europe & Central Asia (IDA & IBRD);2021;99.85501098632812;;
SCHBSP.1.WELEC;WB: Europe & Central Asia (IDA & IBRD);2022;99.84295654296875;UIS_EST;
SCHBSP.1.WELEC;WB: Europe & Central Asia (IDA & IBRD);2023;99.83158874511719;UIS_EST;
SCHBSP.1.WELEC;WB: Europe & Central Asia (excluding high income);2011;99.84416961669922;UIS_EST;
SCHBSP.1.WELEC;WB: Europe & Central Asia (excluding high income);2012;99.83879852294922;UIS_EST;
SCHBSP.1.WELEC;WB: Europe & Central Asia (excluding high income);2013;99.82585906982422;UIS_EST;
SCHBSP.1.WELEC;WB: Europe & Central Asia (excluding high income);2014;99.8156509399414;UIS_EST;
SCHBSP.1.WELEC;WB: Europe & Central Asia (excluding high income);2015;99.80355834960938;UIS_EST;
SCHBSP.1.WELEC;WB: Europe & Central Asia (excluding high income);2016;99.78997802734375;UIS_EST;
SCHBSP.1.WELEC;WB: Europe & Central Asia (excluding high income);2017;99.75965118408203;;
SCHBSP.1.WELEC;WB: Europe & Central Asia (excluding high income);2018;99.74820709228516;;
SCHBSP.1.WELEC;WB: Europe & Central Asia (excluding high income);2019;99.8515625;;
SCHBSP.1.WELEC;WB: Europe & Central Asia (excluding high income);2020;99.947021484375;;
SCHBSP.1.WELEC;WB: Europe & Central Asia (excluding high income);2021;99.93910217285156;;
SCHBSP.1.WELEC;WB: Europe & Central Asia (excluding high income);2022;99.93042755126953;UIS_EST;
SCHBSP.1.WELEC;WB: Europe & Central Asia (excluding high income);2023;99.92244720458984;UIS_EST;
SCHBSP.1.WELEC;WB: Europe & Central Asia (excluding high income);2024;99.9313735961914;UIS_EST;
SCHBSP.1.WELEC;WB: European Union;2000;99.97164154052734;UIS_EST;
SCHBSP.1.WELEC;WB: European Union;2001;99.97161102294922;;
SCHBSP.1.WELEC;WB: European Union;2002;99.97157287597656;;
SCHBSP.1.WELEC;WB: European Union;2003;99.97148132324219;;
SCHBSP.1.WELEC;WB: European Union;2004;99.9714126586914;;
SCHBSP.1.WELEC;WB: European Union;2005;99.9713363647461;;
SCHBSP.1.WELEC;WB: European Union;2006;99.9712905883789;;
SCHBSP.1.WELEC;WB: European Union;2007;99.97109985351562;;
SCHBSP.1.WELEC;WB: European Union;2008;99.97106170654297;;
SCHBSP.1.WELEC;WB: European Union;2009;99.9710922241211;;
SCHBSP.1.WELEC;WB: European Union;2010;99.97115325927734;;
SCHBSP.1.WELEC;WB: European Union;2011;99.97173309326172;;
SCHBSP.1.WELEC;WB: European Union;2012;99.97244262695312;;
SCHBSP.1.WELEC;WB: European Union;2013;99.9737319946289;;
SCHBSP.1.WELEC;WB: European Union;2014;99.97444915771484;;
SCHBSP.1.WELEC;WB: European Union;2015;99.97531127929688;;
SCHBSP.1.WELEC;WB: European Union;2016;99.9761962890625;;
SCHBSP.1.WELEC;WB: European Union;2017;99.8823471069336;;
SCHBSP.1.WELEC;WB: European Union;2018;99.69802856445312;;
SCHBSP.1.WELEC;WB: European Union;2019;99.44402313232422;;
SCHBSP.1.WELEC;WB: European Union;2020;99.43846893310547;;
SCHBSP.1.WELEC;WB: European Union;2021;99.44013214111328;;
SCHBSP.1.WELEC;WB: European Union;2022;99.4331283569336;UIS_EST;
SCHBSP.1.WELEC;WB: European Union;2023;99.43138122558594;UIS_EST;
SCHBSP.1.WELEC;WB: FY23 IDA & IBRD countries classified as fragile situations;2015;40.07722091674805;UIS_EST;
SCHBSP.1.WELEC;WB: FY23 IDA & IBRD countries classified as fragile situations;2016;40.13378143310547;UIS_EST;
SCHBSP.1.WELEC;WB: FY23 IDA & IBRD countries classified as fragile situations;2017;39.50238037109375;UIS_EST;
SCHBSP.1.WELEC;WB: FY23 IDA & IBRD countries classified as fragile situations;2018;39.05162048339844;UIS_EST;
SCHBSP.1.WELEC;WB: FY23 IDA & IBRD countries classified as fragile situations;2019;38.70059967041016;UIS_EST;
SCHBSP.1.WELEC;WB: FY23 IDA & IBRD countries classified as fragile situations;2020;38.45193862915039;UIS_EST;
SCHBSP.1.WELEC;WB: FY23 IDA & IBRD countries classified as fragile situations;2021;38.0184211730957;UIS_EST;
SCHBSP.1.WELEC;WB: FY23 IDA & IBRD countries classified as fragile situations;2022;38.31686019897461;UIS_EST;
SCHBSP.1.WELEC;WB: FY23 IDA & IBRD countries classified as fragile situations;2023;40.12297821044922;UIS_EST;
SCHBSP.1.WELEC;WB: FY23 IDA countries classified as fragile situations;2016;34.53226852416992;UIS_EST;
SCHBSP.1.WELEC;WB: FY23 IDA countries classified as fragile situations;2017;34.69731903076172;UIS_EST;
SCHBSP.1.WELEC;WB: FY23 IDA countries classified as fragile situations;2018;35.05868911743164;UIS_EST;
SCHBSP.1.WELEC;WB: FY23 IDA countries classified as fragile situations;2019;35.4027099609375;UIS_EST;
SCHBSP.1.WELEC;WB: FY23 IDA countries classified as fragile situations;2020;35.74634170532227;UIS_EST;
SCHBSP.1.WELEC;WB: FY23 IDA countries classified as fragile situations;2021;35.77558898925781;UIS_EST;
SCHBSP.1.WELEC;WB: FY23 IDA countries classified as fragile situations;2022;36.47998809814453;UIS_EST;
SCHBSP.1.WELEC;WB: FY23 IDA countries classified as fragile situations;2023;36.6615104675293;UIS_EST;
SCHBSP.1.WELEC;WB: Fragile and conflict affected situations;2015;40.29084014892578;UIS_EST;
SCHBSP.1.WELEC;WB: Fragile and conflict affected situations;2016;40.39326095581055;UIS_EST;
SCHBSP.1.WELEC;WB: Fragile and conflict affected situations;2017;39.76636123657227;UIS_EST;
SCHBSP.1.WELEC;WB: Fragile and conflict affected situations;2018;39.31414031982422;UIS_EST;
SCHBSP.1.WELEC;WB: Fragile and conflict affected situations;2019;38.96347045898438;UIS_EST;
SCHBSP.1.WELEC;WB: Fragile and conflict affected situations;2020;38.71688842773438;UIS_EST;
SCHBSP.1.WELEC;WB: Fragile and conflict affected situations;2021;38.28459930419922;UIS_EST;
SCHBSP.1.WELEC;WB: Fragile and conflict affected situations;2022;38.58491897583008;UIS_EST;
SCHBSP.1.WELEC;WB: Fragile and conflict affected situations;2023;40.38716125488281;UIS_EST;
SCHBSP.1.WELEC;WB: Fragile and conflict affected situations;2024;40.45576095581055;UIS_EST;
SCHBSP.1.WELEC;WB: Global Partnership for Education (July 2019);2016;43.57289886474609;UIS_EST;
SCHBSP.1.WELEC;WB: Global Partnership for Education (July 2019);2017;44.2529182434082;UIS_EST;
SCHBSP.1.WELEC;WB: Global Partnership for Education (July 2019);2018;44.80939102172852;UIS_EST;
SCHBSP.1.WELEC;WB: Global Partnership for Education (July 2019);2019;45.24142837524414;UIS_EST;
SCHBSP.1.WELEC;WB: Global Partnership for Education (July 2019);2020;46.20962142944336;UIS_EST;
SCHBSP.1.WELEC;WB: Global Partnership for Education (July 2019);2021;46.02946090698242;UIS_EST;
SCHBSP.1.WELEC;WB: Global Partnership for Education (July 2019);2022;46.86825942993164;UIS_EST;
SCHBSP.1.WELEC;WB: Global Partnership for Education (July 2019);2023;47.34085845947266;UIS_EST;
SCHBSP.1.WELEC;WB: Global Partnership for Education (July 2019);2024;47.60284042358398;UIS_EST;
SCHBSP.1.WELEC;WB: Heavily Indebted Poor Countries (HIPC);2015;30.84921073913574;UIS_EST;
SCHBSP.1.WELEC;WB: Heavily Indebted Poor Countries (HIPC);2016;31.71072959899902;UIS_EST;
SCHBSP.1.WELEC;WB: Heavily Indebted Poor Countries (HIPC);2017;32.03152084350586;UIS_EST;
SCHBSP.1.WELEC;WB: Heavily Indebted Poor Countries (HIPC);2018;32.06504058837891;UIS_EST;
SCHBSP.1.WELEC;WB: Heavily Indebted Poor Countries (HIPC);2019;32.11481094360352;UIS_EST;
SCHBSP.1.WELEC;WB: Heavily Indebted Poor Countries (HIPC);2020;33.28445053100586;UIS_EST;
SCHBSP.1.WELEC;WB: Heavily Indebted Poor Countries (HIPC);2021;32.84095001220703;UIS_EST;
SCHBSP.1.WELEC;WB: Heavily Indebted Poor Countries (HIPC);2022;33.69985961914063;UIS_EST;
SCHBSP.1.WELEC;WB: Heavily Indebted Poor Countries (HIPC);2023;34.40184020996094;UIS_EST;
SCHBSP.1.WELEC;WB: Heavily Indebted Poor Countries (HIPC);2024;34.77922821044922;UIS_EST;
SCHBSP.1.WELEC;WB: High income (July 2025);2000;97.439453125;UIS_EST;
SCHBSP.1.WELEC;WB: High income (July 2025);2001;97.41525268554688;UIS_EST;
SCHBSP.1.WELEC;WB: High income (July 2025);2002;97.38863372802734;UIS_EST;
SCHBSP.1.WELEC;WB: High income (July 2025);2003;97.38379669189453;UIS_EST;
SCHBSP.1.WELEC;WB: High income (July 2025);2004;97.37837219238281;UIS_EST;
SCHBSP.1.WELEC;WB: High income (July 2025);2005;97.35224914550781;UIS_EST;
SCHBSP.1.WELEC;WB: High income (July 2025);2006;97.34591674804688;UIS_EST;
SCHBSP.1.WELEC;WB: High income (July 2025);2007;97.31620025634766;UIS_EST;
SCHBSP.1.WELEC;WB: High income (July 2025);2008;97.28556823730469;UIS_EST;
SCHBSP.1.WELEC;WB: High income (July 2025);2009;97.3143081665039;UIS_EST;
SCHBSP.1.WELEC;WB: High income (July 2025);2010;97.29364013671875;UIS_EST;
SCHBSP.1.WELEC;WB: High income (July 2025);2011;97.36882781982422;UIS_EST;
SCHBSP.1.WELEC;WB: High income (July 2025);2012;97.42449951171875;UIS_EST;
SCHBSP.1.WELEC;WB: High income (July 2025);2013;97.5025863647461;UIS_EST;
SCHBSP.1.WELEC;WB: High income (July 2025);2014;97.58708190917969;UIS_EST;
SCHBSP.1.WELEC;WB: High income (July 2025);2015;97.6771469116211;UIS_EST;
SCHBSP.1.WELEC;WB: High income (July 2025);2016;97.7613525390625;UIS_EST;
SCHBSP.1.WELEC;WB: High income (July 2025);2017;97.83939361572266;UIS_EST;
SCHBSP.1.WELEC;WB: High income (July 2025);2018;97.78922271728516;UIS_EST;
SCHBSP.1.WELEC;WB: High income (July 2025);2019;97.81416320800781;;
SCHBSP.1.WELEC;WB: High income (July 2025);2020;97.79479217529297;UIS_EST;
SCHBSP.1.WELEC;WB: High income (July 2025);2021;97.7842788696289;UIS_EST;
SCHBSP.1.WELEC;WB: High income (July 2025);2022;97.79328918457031;UIS_EST;
SCHBSP.1.WELEC;WB: IBRD only;2011;67.87822723388672;UIS_EST;
SCHBSP.1.WELEC;WB: IBRD only;2012;67.90126037597656;UIS_EST;
SCHBSP.1.WELEC;WB: IBRD only;2013;69.25469970703125;UIS_EST;
SCHBSP.1.WELEC;WB: IBRD only;2014;70.72499084472656;UIS_EST;
SCHBSP.1.WELEC;WB: IBRD only;2015;72.2804183959961;UIS_EST;
SCHBSP.1.WELEC;WB: IBRD only;2016;73.93620300292969;;
SCHBSP.1.WELEC;WB: IBRD only;2017;74.53021240234375;;
SCHBSP.1.WELEC;WB: IBRD only;2018;75.2794189453125;;
SCHBSP.1.WELEC;WB: IBRD only;2019;81.10063934326172;;
SCHBSP.1.WELEC;WB: IBRD only;2020;86.00945281982422;;
SCHBSP.1.WELEC;WB: IBRD only;2021;86.05711364746094;;
SCHBSP.1.WELEC;WB: IBRD only;2022;89.40203094482422;;
SCHBSP.1.WELEC;WB: IBRD only;2023;91.5558090209961;;
SCHBSP.1.WELEC;WB: IBRD only;2024;91.98899841308594;;
SCHBSP.1.WELEC;WB: IDA & IBRD total;2011;60.24927139282227;UIS_EST;
SCHBSP.1.WELEC;WB: IDA & IBRD total;2012;60.10942840576172;UIS_EST;
SCHBSP.1.WELEC;WB: IDA & IBRD total;2013;60.88137054443359;UIS_EST;
SCHBSP.1.WELEC;WB: IDA & IBRD total;2014;61.72428894042969;UIS_EST;
SCHBSP.1.WELEC;WB: IDA & IBRD total;2015;62.5755615234375;UIS_EST;
SCHBSP.1.WELEC;WB: IDA & IBRD total;2016;63.54597854614258;UIS_EST;
SCHBSP.1.WELEC;WB: IDA & IBRD total;2017;64.01808166503906;UIS_EST;
SCHBSP.1.WELEC;WB: IDA & IBRD total;2018;64.6587905883789;UIS_EST;
SCHBSP.1.WELEC;WB: IDA & IBRD total;2019;68.36357879638672;UIS_EST;
SCHBSP.1.WELEC;WB: IDA & IBRD total;2020;71.56005859375;UIS_EST;
SCHBSP.1.WELEC;WB: IDA & IBRD total;2021;71.46964263916016;UIS_EST;
SCHBSP.1.WELEC;WB: IDA & IBRD total;2022;73.74156188964844;UIS_EST;
SCHBSP.1.WELEC;WB: IDA & IBRD total;2023;75.18567657470703;UIS_EST;
SCHBSP.1.WELEC;WB: IDA & IBRD total;2024;75.35693359375;UIS_EST;
SCHBSP.1.WELEC;WB: IDA blend;2023;50.88003158569336;UIS_EST;
SCHBSP.1.WELEC;WB: IDA blend;2024;51.00508117675781;UIS_EST;
SCHBSP.1.WELEC;WB: IDA only;2012;36.56753921508789;UIS_EST;
SCHBSP.1.WELEC;WB: IDA only;2013;37.65140151977539;UIS_EST;
SCHBSP.1.WELEC;WB: IDA only;2014;38.83803176879883;UIS_EST;
SCHBSP.1.WELEC;WB: IDA only;2015;39.97497177124023;UIS_EST;
SCHBSP.1.WELEC;WB: IDA only;2016;41.3332405090332;UIS_EST;
SCHBSP.1.WELEC;WB: IDA only;2017;42.49206924438477;UIS_EST;
SCHBSP.1.WELEC;WB: IDA only;2018;43.17488861083984;UIS_EST;
SCHBSP.1.WELEC;WB: IDA only;2019;43.7888298034668;UIS_EST;
SCHBSP.1.WELEC;WB: IDA only;2020;45.10792922973633;UIS_EST;
SCHBSP.1.WELEC;WB: IDA only;2021;44.73722076416016;UIS_EST;
SCHBSP.1.WELEC;WB: IDA only;2022;45.38465881347656;UIS_EST;
SCHBSP.1.WELEC;WB: IDA only;2023;45.95967102050781;UIS_EST;
SCHBSP.1.WELEC;WB: IDA only;2024;46.3361701965332;UIS_EST;
SCHBSP.1.WELEC;WB: IDA total;2016;43.33515930175781;UIS_EST;
SCHBSP.1.WELEC;WB: IDA total;2017;44.0502815246582;UIS_EST;
SCHBSP.1.WELEC;WB: IDA total;2018;44.64233016967773;UIS_EST;
SCHBSP.1.WELEC;WB: IDA total;2019;45.10623931884766;UIS_EST;
SCHBSP.1.WELEC;WB: IDA total;2020;46.11228179931641;UIS_EST;
SCHBSP.1.WELEC;WB: IDA total;2021;46.01110076904297;UIS_EST;
SCHBSP.1.WELEC;WB: IDA total;2022;46.82577133178711;UIS_EST;
SCHBSP.1.WELEC;WB: IDA total;2023;47.33110046386719;UIS_EST;
SCHBSP.1.WELEC;WB: IDA total;2024;47.61378860473633;UIS_EST;
SCHBSP.1.WELEC;WB: Late-demographic dividend;2010;95.45417785644531;UIS_EST;
SCHBSP.1.WELEC;WB: Late-demographic dividend;2011;95.68221282958984;UIS_EST;
SCHBSP.1.WELEC;WB: Late-demographic dividend;2012;95.91900634765625;UIS_EST;
SCHBSP.1.WELEC;WB: Late-demographic dividend;2013;96.16754913330078;UIS_EST;
SCHBSP.1.WELEC;WB: Late-demographic dividend;2014;96.41182708740234;UIS_EST;
SCHBSP.1.WELEC;WB: Late-demographic dividend;2015;96.654541015625;UIS_EST;
SCHBSP.1.WELEC;WB: Late-demographic dividend;2016;96.89089965820312;UIS_EST;
SCHBSP.1.WELEC;WB: Late-demographic dividend;2017;97.16432189941406;;
SCHBSP.1.WELEC;WB: Late-demographic dividend;2018;96.77713775634766;UIS_EST;
SCHBSP.1.WELEC;WB: Late-demographic dividend;2019;96.45854949951172;;
SCHBSP.1.WELEC;WB: Late-demographic dividend;2020;96.32930755615234;;
SCHBSP.1.WELEC;WB: Late-demographic dividend;2021;96.13780975341797;UIS_EST;
SCHBSP.1.WELEC;WB: Late-demographic dividend;2022;96.30371856689453;UIS_EST;
SCHBSP.1.WELEC;WB: Late-demographic dividend;2023;96.44953155517578;UIS_EST;
SCHBSP.1.WELEC;WB: Late-demographic dividend;2024;96.5215072631836;UIS_EST;
SCHBSP.1.WELEC;WB: Latin America & Caribbean;2009;85.03475189208984;UIS_EST;
SCHBSP.1.WELEC;WB: Latin America & Caribbean;2010;85.01815032958984;UIS_EST;
SCHBSP.1.WELEC;WB: Latin America & Caribbean;2011;85.44013977050781;UIS_EST;
SCHBSP.1.WELEC;WB: Latin America & Caribbean;2012;85.94728088378906;UIS_EST;
SCHBSP.1.WELEC;WB: Latin America & Caribbean;2013;86.48619079589844;UIS_EST;
SCHBSP.1.WELEC;WB: Latin America & Caribbean;2014;87.03044128417969;UIS_EST;
SCHBSP.1.WELEC;WB: Latin America & Caribbean;2015;87.58316802978516;UIS_EST;
SCHBSP.1.WELEC;WB: Latin America & Caribbean;2016;88.15966796875;UIS_EST;
SCHBSP.1.WELEC;WB: Latin America & Caribbean;2017;88.08184051513672;UIS_EST;
SCHBSP.1.WELEC;WB: Latin America & Caribbean;2018;87.83096313476562;UIS_EST;
SCHBSP.1.WELEC;WB: Latin America & Caribbean;2019;88.13365173339844;UIS_EST;
SCHBSP.1.WELEC;WB: Latin America & Caribbean;2020;87.33692932128906;UIS_EST;
SCHBSP.1.WELEC;WB: Latin America & Caribbean;2021;86.69489288330078;UIS_EST;
SCHBSP.1.WELEC;WB: Latin America & Caribbean;2022;86.75959777832031;UIS_EST;
SCHBSP.1.WELEC;WB: Latin America & Caribbean;2023;88.5323486328125;UIS_EST;
SCHBSP.1.WELEC;WB: Latin America & Caribbean (IDA & IBRD);2009;84.85858154296875;UIS_EST;
SCHBSP.1.WELEC;WB: Latin America & Caribbean (IDA & IBRD);2010;84.86903381347656;UIS_EST;
SCHBSP.1.WELEC;WB: Latin America & Caribbean (IDA & IBRD);2011;85.33074951171875;UIS_EST;
SCHBSP.1.WELEC;WB: Latin America & Caribbean (IDA & IBRD);2012;85.85482788085938;UIS_EST;
SCHBSP.1.WELEC;WB: Latin America & Caribbean (IDA & IBRD);2013;86.39987182617188;UIS_EST;
SCHBSP.1.WELEC;WB: Latin America & Caribbean (IDA & IBRD);2014;86.95020294189453;UIS_EST;
SCHBSP.1.WELEC;WB: Latin America & Caribbean (IDA & IBRD);2015;87.50897216796875;UIS_EST;
SCHBSP.1.WELEC;WB: Latin America & Caribbean (IDA & IBRD);2016;88.09168243408203;UIS_EST;
SCHBSP.1.WELEC;WB: Latin America & Caribbean (IDA & IBRD);2017;88.0068130493164;UIS_EST;
SCHBSP.1.WELEC;WB: Latin America & Caribbean (IDA & IBRD);2018;87.74606323242188;UIS_EST;
SCHBSP.1.WELEC;WB: Latin America & Caribbean (IDA & IBRD);2019;88.04852294921875;UIS_EST;
SCHBSP.1.WELEC;WB: Latin America & Caribbean (IDA & IBRD);2020;87.23172760009766;UIS_EST;
SCHBSP.1.WELEC;WB: Latin America & Caribbean (IDA & IBRD);2021;86.57295227050781;UIS_EST;
SCHBSP.1.WELEC;WB: Latin America & Caribbean (IDA & IBRD);2022;86.63536834716797;UIS_EST;
SCHBSP.1.WELEC;WB: Latin America & Caribbean (IDA & IBRD);2023;88.4378890991211;UIS_EST;
SCHBSP.1.WELEC;WB: Latin America & Caribbean (excluding high income);2009;86.57380676269531;UIS_EST;
SCHBSP.1.WELEC;WB: Latin America & Caribbean (excluding high income);2010;86.53050231933594;UIS_EST;
SCHBSP.1.WELEC;WB: Latin America & Caribbean (excluding high income);2011;86.70552825927734;UIS_EST;
SCHBSP.1.WELEC;WB: Latin America & Caribbean (excluding high income);2012;86.9530029296875;UIS_EST;
SCHBSP.1.WELEC;WB: Latin America & Caribbean (excluding high income);2013;87.19801330566406;UIS_EST;
SCHBSP.1.WELEC;WB: Latin America & Caribbean (excluding high income);2014;87.44344329833984;UIS_EST;
SCHBSP.1.WELEC;WB: Latin America & Caribbean (excluding high income);2015;87.69207763671875;UIS_EST;
SCHBSP.1.WELEC;WB: Latin America & Caribbean (excluding high income);2016;87.9638671875;UIS_EST;
SCHBSP.1.WELEC;WB: Latin America & Caribbean (excluding high income);2017;88.52880096435547;UIS_EST;
SCHBSP.1.WELEC;WB: Latin America & Caribbean (excluding high income);2018;88.84137725830078;UIS_EST;
SCHBSP.1.WELEC;WB: Latin America & Caribbean (excluding high income);2019;89.6458969116211;UIS_EST;
SCHBSP.1.WELEC;WB: Latin America & Caribbean (excluding high income);2020;89.2100830078125;UIS_EST;
SCHBSP.1.WELEC;WB: Latin America & Caribbean (excluding high income);2021;88.85218811035156;UIS_EST;
SCHBSP.1.WELEC;WB: Latin America & Caribbean (excluding high income);2022;89.1514892578125;UIS_EST;
SCHBSP.1.WELEC;WB: Latin America & Caribbean (excluding high income);2023;89.2564697265625;UIS_EST;
SCHBSP.1.WELEC;WB: Least developed countries: UN classification;2012;32.31515884399414;UIS_EST;
SCHBSP.1.WELEC;WB: Least developed countries: UN classification;2013;33.71157836914063;UIS_EST;
SCHBSP.1.WELEC;WB: Least developed countries: UN classification;2014;35.14704895019531;UIS_EST;
SCHBSP.1.WELEC;WB: Least developed countries: UN classification;2015;36.51723861694336;UIS_EST;
SCHBSP.1.WELEC;WB: Least developed countries: UN classification;2016;38.10800170898438;UIS_EST;
SCHBSP.1.WELEC;WB: Least developed countries: UN classification;2017;39.08425903320313;UIS_EST;
SCHBSP.1.WELEC;WB: Least developed countries: UN classification;2018;39.629150390625;UIS_EST;
SCHBSP.1.WELEC;WB: Least developed countries: UN classification;2019;40.23324966430664;UIS_EST;
SCHBSP.1.WELEC;WB: Least developed countries: UN classification;2020;41.50947952270508;UIS_EST;
SCHBSP.1.WELEC;WB: Least developed countries: UN classification;2021;41.80799102783203;UIS_EST;
SCHBSP.1.WELEC;WB: Least developed countries: UN classification;2022;42.34432983398438;UIS_EST;
SCHBSP.1.WELEC;WB: Least developed countries: UN classification;2023;42.8078498840332;UIS_EST;
SCHBSP.1.WELEC;WB: Least developed countries: UN classification;2024;43.10506820678711;UIS_EST;
SCHBSP.1.WELEC;WB: Low & middle income (July 2025);2011;59.88719177246094;UIS_EST;
SCHBSP.1.WELEC;WB: Low & middle income (July 2025);2012;59.69305038452148;UIS_EST;
SCHBSP.1.WELEC;WB: Low & middle income (July 2025);2013;60.43259048461914;UIS_EST;
SCHBSP.1.WELEC;WB: Low & middle income (July 2025);2014;61.24040985107422;UIS_EST;
SCHBSP.1.WELEC;WB: Low & middle income (July 2025);2015;62.05300140380859;UIS_EST;
SCHBSP.1.WELEC;WB: Low & middle income (July 2025);2016;62.98619079589844;UIS_EST;
SCHBSP.1.WELEC;WB: Low & middle income (July 2025);2017;63.58026885986328;;
SCHBSP.1.WELEC;WB: Low & middle income (July 2025);2018;64.35778045654297;UIS_EST;
SCHBSP.1.WELEC;WB: Low & middle income (July 2025);2019;68.2066421508789;UIS_EST;
SCHBSP.1.WELEC;WB: Low & middle income (July 2025);2020;71.58334350585938;UIS_EST;
SCHBSP.1.WELEC;WB: Low & middle income (July 2025);2021;71.54727935791016;UIS_EST;
SCHBSP.1.WELEC;WB: Low & middle income (July 2025);2022;73.89575958251953;UIS_EST;
SCHBSP.1.WELEC;WB: Low & middle income (July 2025);2023;75.07475280761719;UIS_EST;
SCHBSP.1.WELEC;WB: Low & middle income (July 2025);2024;75.22035217285156;UIS_EST;
SCHBSP.1.WELEC;WB: Low income (July 2025);2015;25.88785934448242;UIS_EST;
SCHBSP.1.WELEC;WB: Low income (July 2025);2016;25.92723083496094;UIS_EST;
SCHBSP.1.WELEC;WB: Low income (July 2025);2017;26.29587936401367;UIS_EST;
SCHBSP.1.WELEC;WB: Low income (July 2025);2018;26.34827041625977;UIS_EST;
SCHBSP.1.WELEC;WB: Low income (July 2025);2019;26.78981018066406;UIS_EST;
SCHBSP.1.WELEC;WB: Low income (July 2025);2020;27.2434196472168;UIS_EST;
SCHBSP.1.WELEC;WB: Low income (July 2025);2021;27.33462905883789;UIS_EST;
SCHBSP.1.WELEC;WB: Low income (July 2025);2022;27.72456932067871;UIS_EST;
SCHBSP.1.WELEC;WB: Low income (July 2025);2023;27.86618041992188;UIS_EST;
SCHBSP.1.WELEC;WB: Low income (July 2025);2024;28.02658081054688;UIS_EST;
SCHBSP.1.WELEC;WB: Lower middle income (July 2025);2011;47.94942855834961;UIS_EST;
SCHBSP.1.WELEC;WB: Lower middle income (July 2025);2012;48.10520172119141;;
SCHBSP.1.WELEC;WB: Lower middle income (July 2025);2013;48.98923110961914;UIS_EST;
SCHBSP.1.WELEC;WB: Lower middle income (July 2025);2014;49.93460083007813;UIS_EST;
SCHBSP.1.WELEC;WB: Lower middle income (July 2025);2015;50.91119003295898;UIS_EST;
SCHBSP.1.WELEC;WB: Lower middle income (July 2025);2016;51.96810913085938;;
SCHBSP.1.WELEC;WB: Lower middle income (July 2025);2017;53.33251190185547;;
SCHBSP.1.WELEC;WB: Lower middle income (July 2025);2018;55.07061004638672;UIS_EST;
SCHBSP.1.WELEC;WB: Lower middle income (July 2025);2021;67.95762634277344;UIS_EST;
SCHBSP.1.WELEC;WB: Lower middle income (July 2025);2022;71.96350860595703;UIS_EST;
SCHBSP.1.WELEC;WB: Lower middle income (July 2025);2023;74.01500701904297;UIS_EST;
SCHBSP.1.WELEC;WB: Lower middle income (July 2025);2024;74.10096740722656;;
SCHBSP.1.WELEC;WB: Middle East & North Africa (IDA & IBRD);2023;69.67716979980469;UIS_EST;
SCHBSP.1.WELEC;WB: Middle East & North Africa (IDA & IBRD);2024;69.84033966064453;UIS_EST;
SCHBSP.1.WELEC;WB: Middle East & North Africa (excluding high income);2023;69.85639190673828;UIS_EST;
SCHBSP.1.WELEC;WB: Middle East & North Africa (excluding high income);2024;69.98098754882812;UIS_EST;
SCHBSP.1.WELEC;WB: Middle East & North Africa, Afghanistan, Pakistan;2023;72.20732116699219;UIS_EST;
SCHBSP.1.WELEC;WB: Middle East & North Africa, Afghanistan, Pakistan;2024;72.3232192993164;UIS_EST;
SCHBSP.1.WELEC;WB: Middle income (July 2025);2011;62.7889518737793;UIS_EST;
SCHBSP.1.WELEC;WB: Middle income (July 2025);2012;62.68946075439453;UIS_EST;
SCHBSP.1.WELEC;WB: Middle income (July 2025);2013;63.71295928955078;UIS_EST;
SCHBSP.1.WELEC;WB: Middle income (July 2025);2014;64.81501770019531;UIS_EST;
SCHBSP.1.WELEC;WB: Middle income (July 2025);2015;65.94798278808594;UIS_EST;
SCHBSP.1.WELEC;WB: Middle income (July 2025);2016;67.14285278320312;UIS_EST;
SCHBSP.1.WELEC;WB: Middle income (July 2025);2017;67.85037231445312;;
SCHBSP.1.WELEC;WB: Middle income (July 2025);2018;68.81481170654297;UIS_EST;
SCHBSP.1.WELEC;WB: Middle income (July 2025);2019;73.20890808105469;UIS_EST;
SCHBSP.1.WELEC;WB: Middle income (July 2025);2020;77.15023040771484;UIS_EST;
SCHBSP.1.WELEC;WB: Middle income (July 2025);2021;77.25570678710938;UIS_EST;
SCHBSP.1.WELEC;WB: Middle income (July 2025);2022;79.97225189208984;UIS_EST;
SCHBSP.1.WELEC;WB: Middle income (July 2025);2023;81.35807800292969;UIS_EST;
SCHBSP.1.WELEC;WB: Middle income (July 2025);2024;81.5876693725586;UIS_EST;
SCHBSP.1.WELEC;WB: North America;2014;100;UIS_EST;
SCHBSP.1.WELEC;WB: North America;2015;100;;
SCHBSP.1.WELEC;WB: North America;2016;100;UIS_EST;
SCHBSP.1.WELEC;WB: North America;2017;100;UIS_EST;
SCHBSP.1.WELEC;WB: North America;2018;100;UIS_EST;
SCHBSP.1.WELEC;WB: North America;2019;100;;
SCHBSP.1.WELEC;WB: North America;2020;100;UIS_EST;
SCHBSP.1.WELEC;WB: OECD members;2011;95.88221740722656;UIS_EST;
SCHBSP.1.WELEC;WB: OECD members;2012;95.9502182006836;UIS_EST;
SCHBSP.1.WELEC;WB: OECD members;2013;95.98870849609375;UIS_EST;
SCHBSP.1.WELEC;WB: OECD members;2014;96.05095672607422;UIS_EST;
SCHBSP.1.WELEC;WB: OECD members;2015;96.12235260009766;UIS_EST;
SCHBSP.1.WELEC;WB: OECD members;2016;96.1873779296875;UIS_EST;
SCHBSP.1.WELEC;WB: OECD members;2017;96.30328369140625;UIS_EST;
SCHBSP.1.WELEC;WB: OECD members;2018;95.8844985961914;UIS_EST;
SCHBSP.1.WELEC;WB: OECD members;2019;95.53524017333984;UIS_EST;
SCHBSP.1.WELEC;WB: OECD members;2020;95.40138244628906;UIS_EST;
SCHBSP.1.WELEC;WB: OECD members;2021;95.3050308227539;UIS_EST;
SCHBSP.1.WELEC;WB: OECD members;2022;95.5257797241211;UIS_EST;
SCHBSP.1.WELEC;WB: Pacific island small states;2015;78.57212829589844;UIS_EST;
SCHBSP.1.WELEC;WB: Pacific island small states;2016;78.23568725585938;;
SCHBSP.1.WELEC;WB: Pacific island small states;2017;78.4487075805664;UIS_EST;
SCHBSP.1.WELEC;WB: Pacific island small states;2018;78.4092788696289;UIS_EST;
SCHBSP.1.WELEC;WB: Pacific island small states;2019;80.49263763427734;UIS_EST;
SCHBSP.1.WELEC;WB: Pacific island small states;2020;78.34159851074219;UIS_EST;
SCHBSP.1.WELEC;WB: Pacific island small states;2021;77.08821105957031;UIS_EST;
SCHBSP.1.WELEC;WB: Pacific island small states;2022;75.95918273925781;UIS_EST;
SCHBSP.1.WELEC;WB: Pacific island small states;2023;74.70619201660156;;
SCHBSP.1.WELEC;WB: Pacific island small states;2024;76.15621185302734;UIS_EST;
SCHBSP.1.WELEC;WB: Post-demographic dividend;2000;98.75187683105469;UIS_EST;
SCHBSP.1.WELEC;WB: Post-demographic dividend;2001;98.74784851074219;UIS_EST;
SCHBSP.1.WELEC;WB: Post-demographic dividend;2002;98.73735809326172;UIS_EST;
SCHBSP.1.WELEC;WB: Post-demographic dividend;2003;98.73290252685547;UIS_EST;
SCHBSP.1.WELEC;WB: Post-demographic dividend;2004;98.7286376953125;UIS_EST;
SCHBSP.1.WELEC;WB: Post-demographic dividend;2005;98.72242736816406;UIS_EST;
SCHBSP.1.WELEC;WB: Post-demographic dividend;2006;98.71830749511719;UIS_EST;
SCHBSP.1.WELEC;WB: Post-demographic dividend;2007;98.70706939697266;UIS_EST;
SCHBSP.1.WELEC;WB: Post-demographic dividend;2008;98.70171356201172;UIS_EST;
SCHBSP.1.WELEC;WB: Post-demographic dividend;2009;98.6981201171875;UIS_EST;
SCHBSP.1.WELEC;WB: Post-demographic dividend;2010;98.69125366210938;UIS_EST;
SCHBSP.1.WELEC;WB: Post-demographic dividend;2011;98.67838287353516;UIS_EST;
SCHBSP.1.WELEC;WB: Post-demographic dividend;2012;98.67523956298828;UIS_EST;
SCHBSP.1.WELEC;WB: Post-demographic dividend;2013;98.67920684814453;UIS_EST;
SCHBSP.1.WELEC;WB: Post-demographic dividend;2014;98.68614959716797;UIS_EST;
SCHBSP.1.WELEC;WB: Post-demographic dividend;2015;98.69657897949219;;
SCHBSP.1.WELEC;WB: Post-demographic dividend;2016;98.7064208984375;UIS_EST;
SCHBSP.1.WELEC;WB: Post-demographic dividend;2017;98.75579071044922;UIS_EST;
SCHBSP.1.WELEC;WB: Post-demographic dividend;2018;98.72901916503906;UIS_EST;
SCHBSP.1.WELEC;WB: Post-demographic dividend;2019;98.67935943603516;;
SCHBSP.1.WELEC;WB: Post-demographic dividend;2020;98.74830627441406;UIS_EST;
SCHBSP.1.WELEC;WB: Post-demographic dividend;2021;98.79178619384766;UIS_EST;
SCHBSP.1.WELEC;WB: Post-demographic dividend;2022;98.85047149658203;UIS_EST;
SCHBSP.1.WELEC;WB: Pre-demographic dividend;2015;32.32740020751953;UIS_EST;
SCHBSP.1.WELEC;WB: Pre-demographic dividend;2016;33.29484176635742;UIS_EST;
SCHBSP.1.WELEC;WB: Pre-demographic dividend;2017;33.07661056518555;UIS_EST;
SCHBSP.1.WELEC;WB: Pre-demographic dividend;2018;33.17982864379883;UIS_EST;
SCHBSP.1.WELEC;WB: Pre-demographic dividend;2019;33.37799072265625;UIS_EST;
SCHBSP.1.WELEC;WB: Pre-demographic dividend;2020;34.75706100463867;UIS_EST;
SCHBSP.1.WELEC;WB: Pre-demographic dividend;2021;35.07823181152344;UIS_EST;
SCHBSP.1.WELEC;WB: Pre-demographic dividend;2022;36.3903694152832;UIS_EST;
SCHBSP.1.WELEC;WB: Pre-demographic dividend;2023;36.93532180786133;UIS_EST;
SCHBSP.1.WELEC;WB: Pre-demographic dividend;2024;37.16690826416016;UIS_EST;
SCHBSP.1.WELEC;WB: South Asia;2011;45.46738052368164;UIS_EST;
SCHBSP.1.WELEC;WB: South Asia;2012;45.66683959960938;;
SCHBSP.1.WELEC;WB: South Asia;2013;46.52294158935547;UIS_EST;
SCHBSP.1.WELEC;WB: South Asia;2014;47.4658203125;UIS_EST;
SCHBSP.1.WELEC;WB: South Asia;2015;48.49245071411133;UIS_EST;
SCHBSP.1.WELEC;WB: South Asia;2016;49.6209602355957;;
SCHBSP.1.WELEC;WB: South Asia;2017;51.80369186401367;;
SCHBSP.1.WELEC;WB: South Asia;2018;54.38903045654297;;
SCHBSP.1.WELEC;WB: South Asia;2019;65.89653778076172;;
SCHBSP.1.WELEC;WB: South Asia;2020;76.01032257080078;;
SCHBSP.1.WELEC;WB: South Asia;2021;76.42372131347656;;
SCHBSP.1.WELEC;WB: South Asia;2022;82.87374114990234;;
SCHBSP.1.WELEC;WB: South Asia;2023;86.13704681396484;;
SCHBSP.1.WELEC;WB: South Asia;2024;86.2842025756836;;
SCHBSP.1.WELEC;WB: South Asia (IDA & IBRD);2011;45.46738052368164;UIS_EST;
SCHBSP.1.WELEC;WB: South Asia (IDA & IBRD);2012;45.66683959960938;;
SCHBSP.1.WELEC;WB: South Asia (IDA & IBRD);2013;46.52294158935547;UIS_EST;
SCHBSP.1.WELEC;WB: South Asia (IDA & IBRD);2014;47.4658203125;UIS_EST;
SCHBSP.1.WELEC;WB: South Asia (IDA & IBRD);2015;48.49245071411133;UIS_EST;
SCHBSP.1.WELEC;WB: South Asia (IDA & IBRD);2016;49.6209602355957;;
SCHBSP.1.WELEC;WB: South Asia (IDA & IBRD);2017;51.80369186401367;;
SCHBSP.1.WELEC;WB: South Asia (IDA & IBRD);2018;54.38903045654297;;
SCHBSP.1.WELEC;WB: South Asia (IDA & IBRD);2019;65.89653778076172;;
SCHBSP.1.WELEC;WB: South Asia (IDA & IBRD);2020;76.01032257080078;;
SCHBSP.1.WELEC;WB: South Asia (IDA & IBRD);2021;76.42372131347656;;
SCHBSP.1.WELEC;WB: South Asia (IDA & IBRD);2022;82.87374114990234;;
SCHBSP.1.WELEC;WB: South Asia (IDA & IBRD);2023;86.13704681396484;;
SCHBSP.1.WELEC;WB: South Asia (IDA & IBRD);2024;86.2842025756836;;
SCHBSP.1.WELEC;WB: Sub-Saharan Africa;2015;33.0776481628418;UIS_EST;
SCHBSP.1.WELEC;WB: Sub-Saharan Africa;2016;34.02529144287109;UIS_EST;
SCHBSP.1.WELEC;WB: Sub-Saharan Africa;2017;33.88095855712891;UIS_EST;
SCHBSP.1.WELEC;WB: Sub-Saharan Africa;2018;33.82369995117188;UIS_EST;
SCHBSP.1.WELEC;WB: Sub-Saharan Africa;2019;33.73921966552734;UIS_EST;
SCHBSP.1.WELEC;WB: Sub-Saharan Africa;2020;34.73630142211914;UIS_EST;
SCHBSP.1.WELEC;WB: Sub-Saharan Africa;2021;34.66109848022461;UIS_EST;
SCHBSP.1.WELEC;WB: Sub-Saharan Africa;2022;36.04829025268555;UIS_EST;
SCHBSP.1.WELEC;WB: Sub-Saharan Africa;2023;36.61037063598633;UIS_EST;
SCHBSP.1.WELEC;WB: Sub-Saharan Africa;2024;36.85322189331055;UIS_EST;
SCHBSP.1.WELEC;WB: Sub-Saharan Africa (IDA & IBRD);2015;33.0776481628418;UIS_EST;
SCHBSP.1.WELEC;WB: Sub-Saharan Africa (IDA & IBRD);2016;34.02529144287109;UIS_EST;
SCHBSP.1.WELEC;WB: Sub-Saharan Africa (IDA & IBRD);2017;33.88095855712891;UIS_EST;
SCHBSP.1.WELEC;WB: Sub-Saharan Africa (IDA & IBRD);2018;33.82369995117188;UIS_EST;
SCHBSP.1.WELEC;WB: Sub-Saharan Africa (IDA & IBRD);2019;33.73921966552734;UIS_EST;
SCHBSP.1.WELEC;WB: Sub-Saharan Africa (IDA & IBRD);2020;34.73630142211914;UIS_EST;
SCHBSP.1.WELEC;WB: Sub-Saharan Africa (IDA & IBRD);2021;34.66109848022461;UIS_EST;
SCHBSP.1.WELEC;WB: Sub-Saharan Africa (IDA & IBRD);2022;36.04829025268555;UIS_EST;
SCHBSP.1.WELEC;WB: Sub-Saharan Africa (IDA & IBRD);2023;36.61037063598633;UIS_EST;
SCHBSP.1.WELEC;WB: Sub-Saharan Africa (IDA & IBRD);2024;36.85322189331055;UIS_EST;
SCHBSP.1.WELEC;WB: Sub-Saharan Africa (excluding high income);2015;33.07426071166992;UIS_EST;
SCHBSP.1.WELEC;WB: Sub-Saharan Africa (excluding high income);2016;34.02209091186523;UIS_EST;
SCHBSP.1.WELEC;WB: Sub-Saharan Africa (excluding high income);2017;33.87783050537109;UIS_EST;
SCHBSP.1.WELEC;WB: Sub-Saharan Africa (excluding high income);2018;33.82052993774414;UIS_EST;
SCHBSP.1.WELEC;WB: Sub-Saharan Africa (excluding high income);2019;33.73609161376953;UIS_EST;
SCHBSP.1.WELEC;WB: Sub-Saharan Africa (excluding high income);2020;34.73328018188477;UIS_EST;
SCHBSP.1.WELEC;WB: Sub-Saharan Africa (excluding high income);2021;34.65803146362305;UIS_EST;
SCHBSP.1.WELEC;WB: Sub-Saharan Africa (excluding high income);2022;36.04510116577148;UIS_EST;
SCHBSP.1.WELEC;WB: Sub-Saharan Africa (excluding high income);2023;36.60733032226563;UIS_EST;
SCHBSP.1.WELEC;WB: Sub-Saharan Africa (excluding high income);2024;36.8502082824707;UIS_EST;
SCHBSP.1.WELEC;WB: Upper middle income (July 2025);2011;90.83203125;UIS_EST;
SCHBSP.1.WELEC;WB: Upper middle income (July 2025);2012;90.92192840576172;UIS_EST;
SCHBSP.1.WELEC;WB: Upper middle income (July 2025);2013;91.3741226196289;UIS_EST;
SCHBSP.1.WELEC;WB: Upper middle income (July 2025);2014;91.88548278808594;UIS_EST;
SCHBSP.1.WELEC;WB: Upper middle income (July 2025);2015;92.4278335571289;UIS_EST;
SCHBSP.1.WELEC;WB: Upper middle income (July 2025);2016;93.00434112548828;UIS_EST;
SCHBSP.1.WELEC;WB: Upper middle income (July 2025);2017;93.47582244873047;;
SCHBSP.1.WELEC;WB: Upper middle income (July 2025);2018;93.32035827636719;UIS_EST;
SCHBSP.1.WELEC;WB: Upper middle income (July 2025);2019;93.8058090209961;UIS_EST;
SCHBSP.1.WELEC;WB: Upper middle income (July 2025);2020;93.65779113769531;UIS_EST;
SCHBSP.1.WELEC;WB: Upper middle income (July 2025);2021;93.6258316040039;UIS_EST;
SCHBSP.1.WELEC;WB: Upper middle income (July 2025);2022;94.0121078491211;UIS_EST;
SCHBSP.1.WELEC;WB: Upper middle income (July 2025);2023;94.09697723388672;UIS_EST;
SCHBSP.1.WELEC;WB: Upper middle income (July 2025);2024;94.8425064086914;UIS_EST;
SCHBSP.1.WELEC;WB: World;2011;64.38484191894531;UIS_EST;
SCHBSP.1.WELEC;WB: World;2012;64.25727081298828;UIS_EST;
SCHBSP.1.WELEC;WB: World;2013;65.00505065917969;UIS_EST;
SCHBSP.1.WELEC;WB: World;2014;65.81551361083984;UIS_EST;
SCHBSP.1.WELEC;WB: World;2015;66.63892364501953;UIS_EST;
SCHBSP.1.WELEC;WB: World;2016;67.56594848632812;UIS_EST;
SCHBSP.1.WELEC;WB: World;2017;67.9726333618164;UIS_EST;
SCHBSP.1.WELEC;WB: World;2018;68.55895233154297;UIS_EST;
SCHBSP.1.WELEC;WB: World;2019;71.85105895996094;UIS_EST;
SCHBSP.1.WELEC;WB: World;2020;74.73348999023438;UIS_EST;
SCHBSP.1.WELEC;WB: World;2021;74.66116333007812;UIS_EST;
SCHBSP.1.WELEC;WB: World;2022;76.68084716796875;UIS_EST;
SCHBSP.1.WELEC;WB: World;2023;77.95863342285156;UIS_EST;
SCHBSP.1.WELEC;WB: World;2024;78.12626647949219;UIS_EST;
SCHBSP.1.WELEC;WSM;2016;100;;
SCHBSP.1.WELEC;WSM;2017;100;;
SCHBSP.1.WELEC;WSM;2018;100;;
SCHBSP.1.WELEC;WSM;2019;100;;
SCHBSP.1.WELEC;WSM;2020;99.42196531791907;;
SCHBSP.1.WELEC;WSM;2021;100;;
SCHBSP.1.WELEC;WSM;2022;100;;
SCHBSP.1.WELEC;WSM;2023;100;;
SCHBSP.1.WELEC;WSM;2024;100;;
SCHBSP.1.WELEC;ZMB;2016;32.3699421965318;;
SCHBSP.1.WELEC;ZMB;2017;36.40167364016737;;
SCHBSP.1.WELEC;ZMB;2024;57.78960223307747;;
SCHBSP.1.WELEC;ZWE;2013;43.80706287683032;;
SCHBSP.1.WELEC;ZWE;2014;47.91062595940645;;
SCHBSP.1.WELEC;ZWE;2015;49.5702005730659;;
SCHBSP.1.WELEC;ZWE;2016;53.33333333333334;;
SCHBSP.1.WELEC;ZWE;2017;47.411399640699;;
SCHBSP.1.WELEC;ZWE;2018;54.96183206106871;;
SCHBSP.1.WELEC;ZWE;2019;59.93104482086644;;
SCHBSP.1.WELEC;ZWE;2020;60.25301559282141;;
SCHBSP.1.WELEC;ZWE;2021;61.05069905380596;;
SCHBSP.1.WELEC;ZWE;2022;66.28757108042242;;
SCHBSP.1.WELEC;ZWE;2023;71.86585041256322;;
SCHBSP.1.WELEC;ZWE;2024;74.28250561517345;;