indicatorId;geoUnit;year;value;qualifier;magnitude
SCHBSP.3.WELEC;ABW;2010;100;;
SCHBSP.3.WELEC;ABW;2024;100;;
SCHBSP.3.WELEC;AFG;2016;35.93894958496094;;
SCHBSP.3.WELEC;AFG;2017;37.03018188476563;;
SCHBSP.3.WELEC;AFG;2018;39.42308044433594;;
SCHBSP.3.WELEC;AFG;2019;37.71651077270508;;
SCHBSP.3.WELEC;AGO;2016;71.63841807909604;;
SCHBSP.3.WELEC;AIA;2010;100;;
SCHBSP.3.WELEC;AIA;2019;100;;
SCHBSP.3.WELEC;AIA;2020;100;;
SCHBSP.3.WELEC;AIA;2021;100;;
SCHBSP.3.WELEC;AIA;2022;100;;
SCHBSP.3.WELEC;AIA;2023;100;;
SCHBSP.3.WELEC;AIA;2024;100;;
SCHBSP.3.WELEC;AIA;2025;100;;
SCHBSP.3.WELEC;AIMS: Asia and the Pacific;2011;84.09623718261719;UIS_EST;
SCHBSP.3.WELEC;AIMS: Asia and the Pacific;2012;83.19670104980469;UIS_EST;
SCHBSP.3.WELEC;AIMS: Asia and the Pacific;2013;83.91132354736328;UIS_EST;
SCHBSP.3.WELEC;AIMS: Asia and the Pacific;2014;84.62824249267578;UIS_EST;
SCHBSP.3.WELEC;AIMS: Asia and the Pacific;2015;85.33985137939453;UIS_EST;
SCHBSP.3.WELEC;AIMS: Asia and the Pacific;2016;86.02796173095703;;
SCHBSP.3.WELEC;AIMS: Asia and the Pacific;2017;87.31670379638672;;
SCHBSP.3.WELEC;AIMS: Asia and the Pacific;2018;87.40226745605469;;
SCHBSP.3.WELEC;AIMS: Asia and the Pacific;2019;88.58051300048828;;
SCHBSP.3.WELEC;AIMS: Asia and the Pacific;2020;90.36154174804688;;
SCHBSP.3.WELEC;AIMS: Asia and the Pacific;2021;88.9677734375;;
SCHBSP.3.WELEC;AIMS: Asia and the Pacific;2022;90.81359100341797;;
SCHBSP.3.WELEC;AIMS: Asia and the Pacific;2023;89.74591827392578;;
SCHBSP.3.WELEC;AIMS: Asia and the Pacific;2024;88.81587982177734;;
SCHBSP.3.WELEC;AIMS: Central Asia;2016;99.78936004638672;UIS_EST;
SCHBSP.3.WELEC;AIMS: Central Asia;2017;99.81609344482422;;
SCHBSP.3.WELEC;AIMS: Central Asia;2018;99.84786987304688;;
SCHBSP.3.WELEC;AIMS: Central Asia;2019;99.86598205566406;;
SCHBSP.3.WELEC;AIMS: Central Asia;2020;99.89704895019531;;
SCHBSP.3.WELEC;AIMS: Central Asia;2021;99.89280700683594;UIS_EST;
SCHBSP.3.WELEC;AIMS: Central Asia;2022;99.86776733398438;UIS_EST;
SCHBSP.3.WELEC;AIMS: Central Asia;2023;99.95305633544922;UIS_EST;
SCHBSP.3.WELEC;AIMS: Central Asia;2024;100;;
SCHBSP.3.WELEC;AIMS: East Asia;2016;97.08045196533203;UIS_EST;
SCHBSP.3.WELEC;AIMS: East Asia;2017;96.39675903320312;;
SCHBSP.3.WELEC;AIMS: East Asia;2018;96.57646179199219;;
SCHBSP.3.WELEC;AIMS: East Asia;2019;97.04563903808594;UIS_EST;
SCHBSP.3.WELEC;AIMS: East Asia;2020;97.3821792602539;UIS_EST;
SCHBSP.3.WELEC;AIMS: East Asia;2021;96.59461212158203;UIS_EST;
SCHBSP.3.WELEC;AIMS: East Asia;2022;97.40635681152344;UIS_EST;
SCHBSP.3.WELEC;AIMS: East Asia;2023;97.47724914550781;;
SCHBSP.3.WELEC;AIMS: East Asia;2024;97.51127624511719;;
SCHBSP.3.WELEC;AIMS: East Asia and the Pacific;2015;97.32428741455078;UIS_EST;
SCHBSP.3.WELEC;AIMS: East Asia and the Pacific;2016;97.2884521484375;UIS_EST;
SCHBSP.3.WELEC;AIMS: East Asia and the Pacific;2017;96.69097900390625;;
SCHBSP.3.WELEC;AIMS: East Asia and the Pacific;2018;96.84044647216797;;
SCHBSP.3.WELEC;AIMS: East Asia and the Pacific;2019;97.26663970947266;UIS_EST;
SCHBSP.3.WELEC;AIMS: East Asia and the Pacific;2020;97.54866790771484;UIS_EST;
SCHBSP.3.WELEC;AIMS: East Asia and the Pacific;2021;96.8338394165039;UIS_EST;
SCHBSP.3.WELEC;AIMS: East Asia and the Pacific;2022;97.54611206054688;UIS_EST;
SCHBSP.3.WELEC;AIMS: East Asia and the Pacific;2023;97.58968353271484;UIS_EST;
SCHBSP.3.WELEC;AIMS: East Asia and the Pacific;2024;97.6231918334961;;
SCHBSP.3.WELEC;AIMS: Pacific;2000;99.40904235839844;;
SCHBSP.3.WELEC;AIMS: Pacific;2001;99.408447265625;;
SCHBSP.3.WELEC;AIMS: Pacific;2002;99.40902709960938;;
SCHBSP.3.WELEC;AIMS: Pacific;2003;99.4087905883789;;
SCHBSP.3.WELEC;AIMS: Pacific;2004;99.40904235839844;;
SCHBSP.3.WELEC;AIMS: Pacific;2005;99.40928649902344;;
SCHBSP.3.WELEC;AIMS: Pacific;2006;99.40882873535156;;
SCHBSP.3.WELEC;AIMS: Pacific;2007;99.40751647949219;;
SCHBSP.3.WELEC;AIMS: Pacific;2008;99.40682220458984;;
SCHBSP.3.WELEC;AIMS: Pacific;2009;99.40648651123047;;
SCHBSP.3.WELEC;AIMS: Pacific;2010;99.4172592163086;;
SCHBSP.3.WELEC;AIMS: Pacific;2011;99.39505004882812;;
SCHBSP.3.WELEC;AIMS: Pacific;2012;99.36192321777344;;
SCHBSP.3.WELEC;AIMS: Pacific;2013;99.31729888916016;;
SCHBSP.3.WELEC;AIMS: Pacific;2014;99.27381134033203;;
SCHBSP.3.WELEC;AIMS: Pacific;2015;99.23121643066406;;
SCHBSP.3.WELEC;AIMS: Pacific;2016;99.18775939941406;;
SCHBSP.3.WELEC;AIMS: Pacific;2017;99.44956970214844;;
SCHBSP.3.WELEC;AIMS: Pacific;2018;99.29776763916016;;
SCHBSP.3.WELEC;AIMS: Pacific;2019;99.30229949951172;;
SCHBSP.3.WELEC;AIMS: Pacific;2020;99.03469848632812;;
SCHBSP.3.WELEC;AIMS: Pacific;2021;98.9743881225586;;
SCHBSP.3.WELEC;AIMS: Pacific;2022;98.77684783935547;UIS_EST;
SCHBSP.3.WELEC;AIMS: South and West Asia;2011;77.75080871582031;UIS_EST;
SCHBSP.3.WELEC;AIMS: South and West Asia;2012;76.36984252929688;;
SCHBSP.3.WELEC;AIMS: South and West Asia;2013;78.00749969482422;UIS_EST;
SCHBSP.3.WELEC;AIMS: South and West Asia;2014;79.48023986816406;UIS_EST;
SCHBSP.3.WELEC;AIMS: South and West Asia;2015;80.82662200927734;UIS_EST;
SCHBSP.3.WELEC;AIMS: South and West Asia;2016;82.07398986816406;;
SCHBSP.3.WELEC;AIMS: South and West Asia;2017;83.9522705078125;;
SCHBSP.3.WELEC;AIMS: South and West Asia;2018;84.0984115600586;;
SCHBSP.3.WELEC;AIMS: South and West Asia;2019;85.64665222167969;;
SCHBSP.3.WELEC;AIMS: South and West Asia;2020;87.95806121826172;;
SCHBSP.3.WELEC;AIMS: South and West Asia;2021;86.39375305175781;;
SCHBSP.3.WELEC;AIMS: South and West Asia;2022;88.58731842041016;;
SCHBSP.3.WELEC;AIMS: South and West Asia;2023;87.17440795898438;;
SCHBSP.3.WELEC;AIMS: South and West Asia;2024;86.0008773803711;;
SCHBSP.3.WELEC;ALB;2017;89.48412698412699;;
SCHBSP.3.WELEC;ALB;2018;90.9090909090909;;
SCHBSP.3.WELEC;ALB;2019;90.94567404426559;;
SCHBSP.3.WELEC;ALB;2020;100;;
SCHBSP.3.WELEC;ALB;2021;100;;
SCHBSP.3.WELEC;ALB;2022;100;;
SCHBSP.3.WELEC;ALB;2023;100;;
SCHBSP.3.WELEC;ALB;2024;100;;
SCHBSP.3.WELEC;ALECSO: Gulf countries;2015;100;UIS_EST;
SCHBSP.3.WELEC;ALECSO: Gulf countries;2017;100;;
SCHBSP.3.WELEC;ALECSO: Gulf countries;2018;100;;
SCHBSP.3.WELEC;ALECSO: Gulf countries;2019;100;;
SCHBSP.3.WELEC;ALECSO: Gulf countries;2020;100;;
SCHBSP.3.WELEC;ALECSO: Gulf countries;2021;100;;
SCHBSP.3.WELEC;ALECSO: Gulf countries;2022;100;;
SCHBSP.3.WELEC;ALECSO: Gulf countries;2023;100;UIS_EST;
SCHBSP.3.WELEC;ALECSO: Gulf countries;2024;99.84219360351562;;
SCHBSP.3.WELEC;ALECSO: Least developed countries;2014;71.51766967773438;UIS_EST;
SCHBSP.3.WELEC;ALECSO: Least developed countries;2015;71.3709487915039;;
SCHBSP.3.WELEC;ALECSO: Least developed countries;2016;88.76445007324219;;
SCHBSP.3.WELEC;ALECSO: Least developed countries;2017;89.07869720458984;UIS_EST;
SCHBSP.3.WELEC;ALECSO: Maghreb countries;2016;97.40396881103516;UIS_EST;
SCHBSP.3.WELEC;ALECSO: Maghreb countries;2017;98.12039947509766;UIS_EST;
SCHBSP.3.WELEC;ALECSO: Maghreb countries;2018;97.7041015625;UIS_EST;
SCHBSP.3.WELEC;ALECSO: Maghreb countries;2019;96.85363006591797;UIS_EST;
SCHBSP.3.WELEC;ALECSO: Maghreb countries;2020;96.49749755859375;;
SCHBSP.3.WELEC;ALECSO: Maghreb countries;2021;91.08373260498047;UIS_EST;
SCHBSP.3.WELEC;ALECSO: Maghreb countries;2022;87.46215057373047;UIS_EST;
SCHBSP.3.WELEC;ALECSO: Maghreb countries;2023;86.1661605834961;UIS_EST;
SCHBSP.3.WELEC;ALECSO: Maghreb countries;2024;96.95773315429688;;
SCHBSP.3.WELEC;ALECSO: Mashriq countries;2009;96.70556640625;UIS_EST;
SCHBSP.3.WELEC;ALECSO: Mashriq countries;2010;96.64750671386719;UIS_EST;
SCHBSP.3.WELEC;ALECSO: Mashriq countries;2011;96.64472198486328;UIS_EST;
SCHBSP.3.WELEC;ALECSO: Mashriq countries;2012;96.86041259765625;UIS_EST;
SCHBSP.3.WELEC;ALECSO: Mashriq countries;2013;97.05915069580078;UIS_EST;
SCHBSP.3.WELEC;ALECSO: Mashriq countries;2014;97.23969268798828;UIS_EST;
SCHBSP.3.WELEC;ALECSO: Mashriq countries;2015;97.40441131591797;UIS_EST;
SCHBSP.3.WELEC;ALECSO: Mashriq countries;2016;97.60426330566406;;
SCHBSP.3.WELEC;ALECSO: Mashriq countries;2017;94.85192108154297;UIS_EST;
SCHBSP.3.WELEC;ALECSO: Mashriq countries;2018;92.17643737792969;UIS_EST;
SCHBSP.3.WELEC;ALECSO: Mashriq countries;2019;89.3025131225586;UIS_EST;
SCHBSP.3.WELEC;ALECSO: Mashriq countries;2020;86.35405731201172;UIS_EST;
SCHBSP.3.WELEC;ALECSO: Mashriq countries;2021;83.2459487915039;;
SCHBSP.3.WELEC;ALECSO: Mashriq countries;2022;80.88036346435547;UIS_EST;
SCHBSP.3.WELEC;ALECSO: Mashriq countries;2023;74.68955993652344;;
SCHBSP.3.WELEC;ALECSO: Mashriq countries;2024;78.46143341064453;;
SCHBSP.3.WELEC;ALECSO: Member countries;2014;93.27155303955078;UIS_EST;
SCHBSP.3.WELEC;ALECSO: Member countries;2015;92.90084838867188;UIS_EST;
SCHBSP.3.WELEC;ALECSO: Member countries;2016;96.5033187866211;;
SCHBSP.3.WELEC;ALECSO: Member countries;2017;95.67041015625;UIS_EST;
SCHBSP.3.WELEC;ALECSO: Member countries;2018;94.55908203125;UIS_EST;
SCHBSP.3.WELEC;ALECSO: Member countries;2019;93.27262878417969;UIS_EST;
SCHBSP.3.WELEC;ALECSO: Member countries;2020;92.0212631225586;UIS_EST;
SCHBSP.3.WELEC;ALECSO: Member countries;2021;89.51033020019531;;
SCHBSP.3.WELEC;ALECSO: Member countries;2022;87.85148620605469;UIS_EST;
SCHBSP.3.WELEC;ALECSO: Member countries;2023;84.94976806640625;UIS_EST;
SCHBSP.3.WELEC;ALECSO: Member countries;2024;88.81275177001953;;
SCHBSP.3.WELEC;AND;2016;100;;
SCHBSP.3.WELEC;AND;2017;100;;
SCHBSP.3.WELEC;AND;2018;100;;
SCHBSP.3.WELEC;AND;2019;100;;
SCHBSP.3.WELEC;AND;2020;100;;
SCHBSP.3.WELEC;AND;2021;100;;
SCHBSP.3.WELEC;AND;2022;100;;
SCHBSP.3.WELEC;AND;2023;100;;
SCHBSP.3.WELEC;AND;2024;100;;
SCHBSP.3.WELEC;ARE;2018;100;;
SCHBSP.3.WELEC;ARE;2019;100;;
SCHBSP.3.WELEC;ARE;2020;100;;
SCHBSP.3.WELEC;ARE;2021;100;;
SCHBSP.3.WELEC;ARE;2022;100;;
SCHBSP.3.WELEC;ARE;2023;100;;
SCHBSP.3.WELEC;ARE;2024;100;;
SCHBSP.3.WELEC;ARG;2009;99.93734741210938;;
SCHBSP.3.WELEC;ARG;2015;97.70505442695693;;
SCHBSP.3.WELEC;ARG;2016;97.91076964550479;;
SCHBSP.3.WELEC;ARG;2017;97.65454184058835;;
SCHBSP.3.WELEC;ARG;2018;96.78195293199843;;
SCHBSP.3.WELEC;ARG;2019;98.15088282504013;;
SCHBSP.3.WELEC;ARG;2020;98.68352788586252;;
SCHBSP.3.WELEC;ARG;2021;97.7554674510807;;
SCHBSP.3.WELEC;ARG;2022;92.6781238811314;;
SCHBSP.3.WELEC;ARG;2023;93.02696006135332;;
SCHBSP.3.WELEC;ARM;2018;100;;
SCHBSP.3.WELEC;ARM;2019;99.5291902071563;;
SCHBSP.3.WELEC;ARM;2020;99.5291902071563;;
SCHBSP.3.WELEC;ARM;2021;99.5291902071563;;
SCHBSP.3.WELEC;ARM;2022;100;;
SCHBSP.3.WELEC;ARM;2023;100;;
SCHBSP.3.WELEC;ARM;2024;100;;
SCHBSP.3.WELEC;ATG;2010;100;UIS_EST;
SCHBSP.3.WELEC;ATG;2017;100;;
SCHBSP.3.WELEC;ATG;2018;100;;
SCHBSP.3.WELEC;ATG;2023;100;;
SCHBSP.3.WELEC;AUS;2000;100;;
SCHBSP.3.WELEC;AUS;2001;100;;
SCHBSP.3.WELEC;AUS;2002;100;;
SCHBSP.3.WELEC;AUS;2003;100;;
SCHBSP.3.WELEC;AUS;2004;100;;
SCHBSP.3.WELEC;AUS;2005;100;;
SCHBSP.3.WELEC;AUS;2006;100;;
SCHBSP.3.WELEC;AUS;2007;100;;
SCHBSP.3.WELEC;AUS;2008;100;;
SCHBSP.3.WELEC;AUS;2009;100;;
SCHBSP.3.WELEC;AUS;2010;100;;
SCHBSP.3.WELEC;AUS;2011;100;;
SCHBSP.3.WELEC;AUS;2012;100;;
SCHBSP.3.WELEC;AUS;2013;100;;
SCHBSP.3.WELEC;AUS;2014;100;;
SCHBSP.3.WELEC;AUS;2015;100;;
SCHBSP.3.WELEC;AUS;2016;100;;
SCHBSP.3.WELEC;AUS;2017;100;;
SCHBSP.3.WELEC;AUS;2018;100;;
SCHBSP.3.WELEC;AUS;2019;100;;
SCHBSP.3.WELEC;AUS;2020;100;;
SCHBSP.3.WELEC;AUS;2021;100;;
SCHBSP.3.WELEC;AUT;2012;100;;
SCHBSP.3.WELEC;AUT;2013;100;;
SCHBSP.3.WELEC;AUT;2014;100;;
SCHBSP.3.WELEC;AUT;2015;100;;
SCHBSP.3.WELEC;AUT;2016;100;;
SCHBSP.3.WELEC;AUT;2017;100;;
SCHBSP.3.WELEC;AUT;2018;100;;
SCHBSP.3.WELEC;AUT;2019;100;;
SCHBSP.3.WELEC;AUT;2020;100;;
SCHBSP.3.WELEC;AUT;2021;100;;
SCHBSP.3.WELEC;AUT;2022;100;;
SCHBSP.3.WELEC;AZE;2016;100;;
SCHBSP.3.WELEC;AZE;2017;100;;
SCHBSP.3.WELEC;AZE;2018;100;;
SCHBSP.3.WELEC;AZE;2019;100;;
SCHBSP.3.WELEC;AZE;2020;100;;
SCHBSP.3.WELEC;AZE;2021;100;;
SCHBSP.3.WELEC;AZE;2022;100;;
SCHBSP.3.WELEC;AZE;2023;100;;
SCHBSP.3.WELEC;AZE;2024;100;;
SCHBSP.3.WELEC;BDI;2016;100;;
SCHBSP.3.WELEC;BDI;2017;100;;
SCHBSP.3.WELEC;BDI;2018;100;;
SCHBSP.3.WELEC;BDI;2019;27.58352758352758;;
SCHBSP.3.WELEC;BEL;2003;100;;
SCHBSP.3.WELEC;BEL;2004;100;;
SCHBSP.3.WELEC;BEL;2005;100;;
SCHBSP.3.WELEC;BEL;2006;100;;
SCHBSP.3.WELEC;BEL;2007;100;;
SCHBSP.3.WELEC;BEL;2008;100;;
SCHBSP.3.WELEC;BEL;2009;100;;
SCHBSP.3.WELEC;BEL;2010;100;;
SCHBSP.3.WELEC;BEL;2011;100;;
SCHBSP.3.WELEC;BEL;2012;100;;
SCHBSP.3.WELEC;BEL;2013;100;;
SCHBSP.3.WELEC;BEL;2014;100;;
SCHBSP.3.WELEC;BEL;2015;100;;
SCHBSP.3.WELEC;BEL;2016;100;;
SCHBSP.3.WELEC;BEL;2017;100;;
SCHBSP.3.WELEC;BEL;2018;100;;
SCHBSP.3.WELEC;BEL;2019;100;;
SCHBSP.3.WELEC;BEL;2020;100;;
SCHBSP.3.WELEC;BEL;2021;100;;
SCHBSP.3.WELEC;BEL;2022;100;;
SCHBSP.3.WELEC;BEN;2016;87.72846221923828;;
SCHBSP.3.WELEC;BEN;2022;94.64832305908203;;
SCHBSP.3.WELEC;BFA;2016;29.34682612695492;;
SCHBSP.3.WELEC;BFA;2018;21.73913043478261;;
SCHBSP.3.WELEC;BFA;2019;24.85361093038387;;
SCHBSP.3.WELEC;BFA;2020;30.99697885196375;;
SCHBSP.3.WELEC;BFA;2021;30.44172432144758;;
SCHBSP.3.WELEC;BFA;2023;32.65086206896552;;
SCHBSP.3.WELEC;BFA;2024;44.88888888888889;;
SCHBSP.3.WELEC;BGD;2012;71.27704559870322;;
SCHBSP.3.WELEC;BGD;2016;94.12973081023453;;
SCHBSP.3.WELEC;BGD;2017;94.73906096069291;;
SCHBSP.3.WELEC;BGD;2018;94.9363036937456;;
SCHBSP.3.WELEC;BGD;2019;93.24922169424873;;
SCHBSP.3.WELEC;BGD;2020;94.86355858425145;;
SCHBSP.3.WELEC;BGD;2021;98.38682432432432;;
SCHBSP.3.WELEC;BGD;2022;98.51244772516769;;
SCHBSP.3.WELEC;BGD;2023;98.8241222912817;;
SCHBSP.3.WELEC;BGD;2024;98.8271332376642;;
SCHBSP.3.WELEC;BHR;2016;100;;
SCHBSP.3.WELEC;BHR;2017;100;;
SCHBSP.3.WELEC;BHR;2018;100;;
SCHBSP.3.WELEC;BHR;2019;100;;
SCHBSP.3.WELEC;BHR;2020;100;;
SCHBSP.3.WELEC;BHR;2022;100;;
SCHBSP.3.WELEC;BHR;2023;100;;
SCHBSP.3.WELEC;BHR;2024;100;;
SCHBSP.3.WELEC;BHS;2009;100;;
SCHBSP.3.WELEC;BLR;2016;100;;
SCHBSP.3.WELEC;BLR;2017;100;;
SCHBSP.3.WELEC;BLR;2018;100;;
SCHBSP.3.WELEC;BLR;2019;100;;
SCHBSP.3.WELEC;BLR;2020;100;;
SCHBSP.3.WELEC;BLR;2021;100;;
SCHBSP.3.WELEC;BLR;2022;100;;
SCHBSP.3.WELEC;BLR;2023;100;;
SCHBSP.3.WELEC;BLR;2024;100;;
SCHBSP.3.WELEC;BLZ;2010;100;;
SCHBSP.3.WELEC;BMU;2016;100;;
SCHBSP.3.WELEC;BOL;2013;81.134401972873;;
SCHBSP.3.WELEC;BRA;2010;99.86791229248047;;
SCHBSP.3.WELEC;BRA;2017;99.75138092041016;;
SCHBSP.3.WELEC;BRB;2009;100;;
SCHBSP.3.WELEC;BRB;2015;100;;
SCHBSP.3.WELEC;BRB;2016;100;;
SCHBSP.3.WELEC;BRB;2017;100;;
SCHBSP.3.WELEC;BRB;2018;100;;
SCHBSP.3.WELEC;BRB;2019;100;;
SCHBSP.3.WELEC;BRB;2020;100;;
SCHBSP.3.WELEC;BRB;2021;100;;
SCHBSP.3.WELEC;BRB;2022;100;;
SCHBSP.3.WELEC;BRB;2023;100;;
SCHBSP.3.WELEC;BRB;2024;100;;
SCHBSP.3.WELEC;BRN;2016;100;;
SCHBSP.3.WELEC;BRN;2017;100;;
SCHBSP.3.WELEC;BRN;2018;100;;
SCHBSP.3.WELEC;BRN;2019;100;;
SCHBSP.3.WELEC;BRN;2020;100;;
SCHBSP.3.WELEC;BTN;2011;100;;
SCHBSP.3.WELEC;BTN;2012;100;;
SCHBSP.3.WELEC;BTN;2015;100;;
SCHBSP.3.WELEC;BTN;2017;100;;
SCHBSP.3.WELEC;BTN;2018;100;;
SCHBSP.3.WELEC;BTN;2020;100;;
SCHBSP.3.WELEC;BTN;2021;98.87640449438202;;
SCHBSP.3.WELEC;BTN;2022;100;;
SCHBSP.3.WELEC;BTN;2023;100;;
SCHBSP.3.WELEC;BTN;2024;100;;
SCHBSP.3.WELEC;BWA;2012;100;;
SCHBSP.3.WELEC;BWA;2021;85.33333333333334;;
SCHBSP.3.WELEC;BWA;2022;98.86363636363636;;
SCHBSP.3.WELEC;CAF;2016;37.42330932617188;;
SCHBSP.3.WELEC;CECC-SICA;2009;82.85868835449219;UIS_EST;
SCHBSP.3.WELEC;CECC-SICA;2010;83.13983154296875;UIS_EST;
SCHBSP.3.WELEC;CECC-SICA;2011;81.89913177490234;UIS_EST;
SCHBSP.3.WELEC;CECC-SICA;2012;81.24205017089844;UIS_EST;
SCHBSP.3.WELEC;CECC-SICA;2013;80.71719360351562;UIS_EST;
SCHBSP.3.WELEC;CECC-SICA;2014;80.17121887207031;UIS_EST;
SCHBSP.3.WELEC;CECC-SICA;2015;79.60652923583984;UIS_EST;
SCHBSP.3.WELEC;CECC-SICA;2016;79.03968811035156;UIS_EST;
SCHBSP.3.WELEC;CECC-SICA;2017;77.51264953613281;UIS_EST;
SCHBSP.3.WELEC;CECC-SICA;2018;78.50956726074219;UIS_EST;
SCHBSP.3.WELEC;CECC-SICA;2019;79.91381072998047;UIS_EST;
SCHBSP.3.WELEC;CECC-SICA;2020;79.27802276611328;UIS_EST;
SCHBSP.3.WELEC;CHE;2011;100;;
SCHBSP.3.WELEC;CHE;2012;100;;
SCHBSP.3.WELEC;CHE;2013;100;;
SCHBSP.3.WELEC;CHE;2014;100;;
SCHBSP.3.WELEC;CHE;2015;100;;
SCHBSP.3.WELEC;CHE;2016;100;;
SCHBSP.3.WELEC;CHE;2017;100;;
SCHBSP.3.WELEC;CHE;2018;100;;
SCHBSP.3.WELEC;CHE;2019;100;;
SCHBSP.3.WELEC;CHN;2017;99.5674740484429;;
SCHBSP.3.WELEC;CHN;2018;99.56658135887064;;
SCHBSP.3.WELEC;CHN;2019;99.55353417341234;;
SCHBSP.3.WELEC;CHN;2020;99.55494551202064;;
SCHBSP.3.WELEC;CHN;2021;96.50656831461606;;
SCHBSP.3.WELEC;CHN;2022;99.53633416765828;;
SCHBSP.3.WELEC;CHN;2023;99.51569941076762;;
SCHBSP.3.WELEC;CHN;2024;99.51471885778456;;
SCHBSP.3.WELEC;CIV;2018;100;;
SCHBSP.3.WELEC;CIV;2019;86.08414239482201;;
SCHBSP.3.WELEC;CIV;2020;67.19745222929936;;
SCHBSP.3.WELEC;CIV;2021;77.74294670846395;;
SCHBSP.3.WELEC;CIV;2022;79.149377593361;;
SCHBSP.3.WELEC;CIV;2023;91.29554655870446;;
SCHBSP.3.WELEC;CIV;2024;56.15584415584416;;
SCHBSP.3.WELEC;CMR;2016;75.6514657980456;;
SCHBSP.3.WELEC;CMR;2020;70.19267094824329;;
SCHBSP.3.WELEC;CMR;2021;79.07341970946212;;
SCHBSP.3.WELEC;CMR;2022;82.4766355140187;;
SCHBSP.3.WELEC;CMR;2023;84.89842851667305;;
SCHBSP.3.WELEC;COD;2015;13.72486972808838;;
SCHBSP.3.WELEC;COD;2021;8.294540405273438;;
SCHBSP.3.WELEC;COD;2023;11.69040966033936;;
SCHBSP.3.WELEC;COG;2018;79.85347747802734;;
SCHBSP.3.WELEC;COK;2016;100;;
SCHBSP.3.WELEC;COK;2017;100;;
SCHBSP.3.WELEC;COK;2018;100;;
SCHBSP.3.WELEC;COK;2019;100;;
SCHBSP.3.WELEC;COK;2020;100;;
SCHBSP.3.WELEC;COK;2021;100;;
SCHBSP.3.WELEC;COK;2022;100;;
SCHBSP.3.WELEC;COK;2023;100;;
SCHBSP.3.WELEC;COK;2024;100;;
SCHBSP.3.WELEC;COL;2016;96.70282745361328;;
SCHBSP.3.WELEC;COL;2017;98.1815185546875;;
SCHBSP.3.WELEC;COL;2019;96.55062103271484;;
SCHBSP.3.WELEC;COL;2020;95.24803161621094;;
SCHBSP.3.WELEC;COL;2021;94.58878326416016;;
SCHBSP.3.WELEC;COL;2022;95.7505111694336;;
SCHBSP.3.WELEC;COM;2017;56.86274509803921;;
SCHBSP.3.WELEC;COM;2021;71.16279069767441;;
SCHBSP.3.WELEC;COM;2024;77.14285714285715;;
SCHBSP.3.WELEC;CPV;2016;100;;
SCHBSP.3.WELEC;CPV;2017;100;;
SCHBSP.3.WELEC;CPV;2019;100;;
SCHBSP.3.WELEC;CPV;2020;100;;
SCHBSP.3.WELEC;CPV;2021;100;;
SCHBSP.3.WELEC;CPV;2022;100;;
SCHBSP.3.WELEC;CRI;2010;89.68668365478516;;
SCHBSP.3.WELEC;CRI;2016;82.21830749511719;;
SCHBSP.3.WELEC;CRI;2017;73.19407653808594;;
SCHBSP.3.WELEC;CRI;2018;80.79930114746094;;
SCHBSP.3.WELEC;CRI;2019;92.76596069335938;;
SCHBSP.3.WELEC;CRI;2020;92.2033920288086;;
SCHBSP.3.WELEC;CUB;2010;100;;
SCHBSP.3.WELEC;CUB;2018;100;;
SCHBSP.3.WELEC;CUB;2019;100;;
SCHBSP.3.WELEC;CUB;2020;100;;
SCHBSP.3.WELEC;CUB;2021;100;;
SCHBSP.3.WELEC;CUB;2022;100;;
SCHBSP.3.WELEC;CUB;2023;100;;
SCHBSP.3.WELEC;CUB;2024;100;;
SCHBSP.3.WELEC;CUW;2010;100;;
SCHBSP.3.WELEC;CYM;2010;100;;
SCHBSP.3.WELEC;CYM;2018;100;;
SCHBSP.3.WELEC;CYM;2019;100;;
SCHBSP.3.WELEC;CYM;2020;100;;
SCHBSP.3.WELEC;CYM;2021;100;;
SCHBSP.3.WELEC;CYM;2022;100;;
SCHBSP.3.WELEC;CYM;2023;100;;
SCHBSP.3.WELEC;CYM;2024;100;;
SCHBSP.3.WELEC;CZE;2012;100;;
SCHBSP.3.WELEC;CZE;2013;100;;
SCHBSP.3.WELEC;CZE;2014;100;;
SCHBSP.3.WELEC;CZE;2015;100;;
SCHBSP.3.WELEC;CZE;2016;100;;
SCHBSP.3.WELEC;CZE;2017;100;;
SCHBSP.3.WELEC;CZE;2018;100;;
SCHBSP.3.WELEC;CZE;2019;100;;
SCHBSP.3.WELEC;CZE;2020;100;;
SCHBSP.3.WELEC;CZE;2021;100;;
SCHBSP.3.WELEC;CZE;2022;100;;
SCHBSP.3.WELEC;DEU;2000;100;;
SCHBSP.3.WELEC;DEU;2001;100;;
SCHBSP.3.WELEC;DEU;2002;100;;
SCHBSP.3.WELEC;DEU;2003;100;;
SCHBSP.3.WELEC;DEU;2004;100;;
SCHBSP.3.WELEC;DEU;2005;100;;
SCHBSP.3.WELEC;DEU;2006;100;;
SCHBSP.3.WELEC;DEU;2007;100;;
SCHBSP.3.WELEC;DEU;2008;100;;
SCHBSP.3.WELEC;DEU;2009;100;;
SCHBSP.3.WELEC;DEU;2010;100;;
SCHBSP.3.WELEC;DEU;2011;100;;
SCHBSP.3.WELEC;DEU;2012;100;;
SCHBSP.3.WELEC;DEU;2013;100;;
SCHBSP.3.WELEC;DEU;2014;100;;
SCHBSP.3.WELEC;DEU;2015;100;;
SCHBSP.3.WELEC;DEU;2016;100;;
SCHBSP.3.WELEC;DEU;2017;100;;
SCHBSP.3.WELEC;DEU;2018;100;;
SCHBSP.3.WELEC;DEU;2019;100;;
SCHBSP.3.WELEC;DEU;2020;100;;
SCHBSP.3.WELEC;DEU;2021;100;;
SCHBSP.3.WELEC;DEU;2022;100;;
SCHBSP.3.WELEC;DEU;2023;100;;
SCHBSP.3.WELEC;DEU;2024;100;;
SCHBSP.3.WELEC;DJI;2013;100;;
SCHBSP.3.WELEC;DJI;2017;100;;
SCHBSP.3.WELEC;DJI;2020;95.91837310791016;;
SCHBSP.3.WELEC;DJI;2021;96.42857360839844;;
SCHBSP.3.WELEC;DJI;2023;91.37931060791016;;
SCHBSP.3.WELEC;DMA;2010;100;;
SCHBSP.3.WELEC;DMA;2016;100;;
SCHBSP.3.WELEC;DMA;2019;100;;
SCHBSP.3.WELEC;DMA;2020;100;;
SCHBSP.3.WELEC;DMA;2021;100;;
SCHBSP.3.WELEC;DMA;2022;100;;
SCHBSP.3.WELEC;DMA;2023;100;;
SCHBSP.3.WELEC;DNK;2015;100;;
SCHBSP.3.WELEC;DNK;2016;100;;
SCHBSP.3.WELEC;DNK;2017;100;;
SCHBSP.3.WELEC;DNK;2018;100;;
SCHBSP.3.WELEC;DNK;2019;100;;
SCHBSP.3.WELEC;DNK;2020;100;;
SCHBSP.3.WELEC;DOM;2022;87.21251149954001;;
SCHBSP.3.WELEC;DOM;2023;92.26277372262773;;
SCHBSP.3.WELEC;DZA;2020;98.83333333333333;;
SCHBSP.3.WELEC;DZA;2023;99.95500562429697;;
SCHBSP.3.WELEC;DZA;2024;99.83487450462351;;
SCHBSP.3.WELEC;DZA;2025;99.96351696461146;;
SCHBSP.3.WELEC;ECA: AMU (UNSDCode:98111);2016;97.40396881103516;UIS_EST;
SCHBSP.3.WELEC;ECA: AMU (UNSDCode:98111);2017;98.12039947509766;UIS_EST;
SCHBSP.3.WELEC;ECA: AMU (UNSDCode:98111);2018;97.7041015625;UIS_EST;
SCHBSP.3.WELEC;ECA: AMU (UNSDCode:98111);2019;96.85363006591797;UIS_EST;
SCHBSP.3.WELEC;ECA: AMU (UNSDCode:98111);2020;96.49749755859375;;
SCHBSP.3.WELEC;ECA: AMU (UNSDCode:98111);2021;91.08373260498047;UIS_EST;
SCHBSP.3.WELEC;ECA: AMU (UNSDCode:98111);2022;87.46215057373047;UIS_EST;
SCHBSP.3.WELEC;ECA: AMU (UNSDCode:98111);2023;86.1661605834961;UIS_EST;
SCHBSP.3.WELEC;ECA: AMU (UNSDCode:98111);2024;96.95773315429688;;
SCHBSP.3.WELEC;ECA: African Union Commission (UNSDCode:98106);2014;62.52341079711914;UIS_EST;
SCHBSP.3.WELEC;ECA: African Union Commission (UNSDCode:98106);2015;63.55287170410156;UIS_EST;
SCHBSP.3.WELEC;ECA: African Union Commission (UNSDCode:98106);2016;64.87217712402344;UIS_EST;
SCHBSP.3.WELEC;ECA: African Union Commission (UNSDCode:98106);2017;64.26969909667969;UIS_EST;
SCHBSP.3.WELEC;ECA: African Union Commission (UNSDCode:98106);2018;62.58628082275391;UIS_EST;
SCHBSP.3.WELEC;ECA: African Union Commission (UNSDCode:98106);2019;61.15525054931641;UIS_EST;
SCHBSP.3.WELEC;ECA: African Union Commission (UNSDCode:98106);2020;60.02267074584961;UIS_EST;
SCHBSP.3.WELEC;ECA: African Union Commission (UNSDCode:98106);2021;58.7133903503418;UIS_EST;
SCHBSP.3.WELEC;ECA: African Union Commission (UNSDCode:98106);2022;58.47364044189453;UIS_EST;
SCHBSP.3.WELEC;ECA: African Union Commission (UNSDCode:98106);2023;59.42192840576172;UIS_EST;
SCHBSP.3.WELEC;ECA: African Union Commission (UNSDCode:98106);2024;58.88061904907227;UIS_EST;
SCHBSP.3.WELEC;ECA: All countries (UNSDCode:98100);2014;62.52341079711914;UIS_EST;
SCHBSP.3.WELEC;ECA: All countries (UNSDCode:98100);2015;63.55287170410156;UIS_EST;
SCHBSP.3.WELEC;ECA: All countries (UNSDCode:98100);2016;64.87217712402344;UIS_EST;
SCHBSP.3.WELEC;ECA: All countries (UNSDCode:98100);2017;64.26969909667969;UIS_EST;
SCHBSP.3.WELEC;ECA: All countries (UNSDCode:98100);2018;62.58628082275391;UIS_EST;
SCHBSP.3.WELEC;ECA: All countries (UNSDCode:98100);2019;61.15525054931641;UIS_EST;
SCHBSP.3.WELEC;ECA: All countries (UNSDCode:98100);2020;60.02267074584961;UIS_EST;
SCHBSP.3.WELEC;ECA: All countries (UNSDCode:98100);2021;58.7133903503418;UIS_EST;
SCHBSP.3.WELEC;ECA: All countries (UNSDCode:98100);2022;58.47364044189453;UIS_EST;
SCHBSP.3.WELEC;ECA: All countries (UNSDCode:98100);2023;59.42192840576172;UIS_EST;
SCHBSP.3.WELEC;ECA: All countries (UNSDCode:98100);2024;58.88061904907227;UIS_EST;
SCHBSP.3.WELEC;ECA: CEN-SAD (UNSDCode:98112);2015;79.90843200683594;UIS_EST;
SCHBSP.3.WELEC;ECA: CEN-SAD (UNSDCode:98112);2016;82.62126159667969;UIS_EST;
SCHBSP.3.WELEC;ECA: CEN-SAD (UNSDCode:98112);2017;81.93821716308594;UIS_EST;
SCHBSP.3.WELEC;ECA: CEN-SAD (UNSDCode:98112);2018;80.18460083007812;UIS_EST;
SCHBSP.3.WELEC;ECA: CEN-SAD (UNSDCode:98112);2019;78.83281707763672;UIS_EST;
SCHBSP.3.WELEC;ECA: CEN-SAD (UNSDCode:98112);2020;78.2547836303711;UIS_EST;
SCHBSP.3.WELEC;ECA: CEN-SAD (UNSDCode:98112);2021;77.58321380615234;UIS_EST;
SCHBSP.3.WELEC;ECA: CEN-SAD (UNSDCode:98112);2022;77.09580993652344;UIS_EST;
SCHBSP.3.WELEC;ECA: CEN-SAD (UNSDCode:98112);2023;76.4499282836914;UIS_EST;
SCHBSP.3.WELEC;ECA: CEN-SAD (UNSDCode:98112);2024;77.34272003173828;UIS_EST;
SCHBSP.3.WELEC;ECA: COMESA (UNSDCode:98113);2014;50.80168151855469;UIS_EST;
SCHBSP.3.WELEC;ECA: COMESA (UNSDCode:98113);2015;51.90531921386719;UIS_EST;
SCHBSP.3.WELEC;ECA: COMESA (UNSDCode:98113);2016;53.41004180908203;UIS_EST;
SCHBSP.3.WELEC;ECA: COMESA (UNSDCode:98113);2017;52.70220184326172;UIS_EST;
SCHBSP.3.WELEC;ECA: COMESA (UNSDCode:98113);2018;50.84421920776367;UIS_EST;
SCHBSP.3.WELEC;ECA: COMESA (UNSDCode:98113);2019;49.548828125;UIS_EST;
SCHBSP.3.WELEC;ECA: COMESA (UNSDCode:98113);2020;48.23191070556641;UIS_EST;
SCHBSP.3.WELEC;ECA: COMESA (UNSDCode:98113);2021;45.13201141357422;;
SCHBSP.3.WELEC;ECA: COMESA (UNSDCode:98113);2022;43.74821853637695;UIS_EST;
SCHBSP.3.WELEC;ECA: COMESA (UNSDCode:98113);2023;44.58842086791992;;
SCHBSP.3.WELEC;ECA: COMESA (UNSDCode:98113);2024;45.45309066772461;UIS_EST;
SCHBSP.3.WELEC;ECA: Central Africa (UNSDCode:98101);2015;67.9097900390625;UIS_EST;
SCHBSP.3.WELEC;ECA: Central Africa (UNSDCode:98101);2016;68.13178253173828;;
SCHBSP.3.WELEC;ECA: Central Africa (UNSDCode:98101);2017;67.31714630126953;UIS_EST;
SCHBSP.3.WELEC;ECA: Central Africa (UNSDCode:98101);2018;63.49068832397461;UIS_EST;
SCHBSP.3.WELEC;ECA: Central Africa (UNSDCode:98101);2019;63.54096984863281;UIS_EST;
SCHBSP.3.WELEC;ECA: Central Africa (UNSDCode:98101);2020;60.83599853515625;;
SCHBSP.3.WELEC;ECA: Central Africa (UNSDCode:98101);2021;63.81549072265625;;
SCHBSP.3.WELEC;ECA: Central Africa (UNSDCode:98101);2022;69.07540893554688;UIS_EST;
SCHBSP.3.WELEC;ECA: Central Africa (UNSDCode:98101);2023;72.70491790771484;;
SCHBSP.3.WELEC;ECA: Central Africa (UNSDCode:98101);2024;66.99111938476562;UIS_EST;
SCHBSP.3.WELEC;ECA: EAC (UNSDCode:98114);2014;39.05744171142578;UIS_EST;
SCHBSP.3.WELEC;ECA: EAC (UNSDCode:98114);2015;40.80561065673828;UIS_EST;
SCHBSP.3.WELEC;ECA: EAC (UNSDCode:98114);2016;41.54412078857422;UIS_EST;
SCHBSP.3.WELEC;ECA: EAC (UNSDCode:98114);2017;39.58681869506836;UIS_EST;
SCHBSP.3.WELEC;ECA: EAC (UNSDCode:98114);2018;37.85089111328125;UIS_EST;
SCHBSP.3.WELEC;ECA: EAC (UNSDCode:98114);2019;36.28292083740234;UIS_EST;
SCHBSP.3.WELEC;ECA: EAC (UNSDCode:98114);2020;35.08713912963867;UIS_EST;
SCHBSP.3.WELEC;ECA: EAC (UNSDCode:98114);2021;33.21931076049805;;
SCHBSP.3.WELEC;ECA: EAC (UNSDCode:98114);2022;33.7706413269043;UIS_EST;
SCHBSP.3.WELEC;ECA: EAC (UNSDCode:98114);2023;34.56288146972656;;
SCHBSP.3.WELEC;ECA: EAC (UNSDCode:98114);2024;34.5047607421875;UIS_EST;
SCHBSP.3.WELEC;ECA: ECA: Oil LDCs (UNSDCode:98122);2014;27.33378028869629;UIS_EST;
SCHBSP.3.WELEC;ECA: ECA: Oil LDCs (UNSDCode:98122);2015;28.32464981079102;;
SCHBSP.3.WELEC;ECA: ECA: Oil LDCs (UNSDCode:98122);2016;29.79372024536133;UIS_EST;
SCHBSP.3.WELEC;ECA: ECA: Oil LDCs (UNSDCode:98122);2017;29.3629207611084;UIS_EST;
SCHBSP.3.WELEC;ECA: ECA: Oil LDCs (UNSDCode:98122);2018;28.36722946166992;UIS_EST;
SCHBSP.3.WELEC;ECA: ECA: Oil LDCs (UNSDCode:98122);2019;27.08293914794922;UIS_EST;
SCHBSP.3.WELEC;ECA: ECA: Oil LDCs (UNSDCode:98122);2020;25.65884017944336;UIS_EST;
SCHBSP.3.WELEC;ECA: ECA: Oil LDCs (UNSDCode:98122);2021;23.3145694732666;;
SCHBSP.3.WELEC;ECA: ECA: Oil LDCs (UNSDCode:98122);2022;24.69438934326172;UIS_EST;
SCHBSP.3.WELEC;ECA: ECA: Oil LDCs (UNSDCode:98122);2023;26.33005905151367;;
SCHBSP.3.WELEC;ECA: ECA: Oil LDCs (UNSDCode:98122);2024;26.00958061218262;UIS_EST;
SCHBSP.3.WELEC;ECA: ECCAS (UNSDCode:98107);2014;23.23308944702148;UIS_EST;
SCHBSP.3.WELEC;ECA: ECCAS (UNSDCode:98107);2015;23.71756935119629;;
SCHBSP.3.WELEC;ECA: ECCAS (UNSDCode:98107);2016;23.21968078613281;UIS_EST;
SCHBSP.3.WELEC;ECA: ECCAS (UNSDCode:98107);2017;22.00271034240723;UIS_EST;
SCHBSP.3.WELEC;ECA: ECCAS (UNSDCode:98107);2018;21.34519958496094;UIS_EST;
SCHBSP.3.WELEC;ECA: ECCAS (UNSDCode:98107);2019;21.60685920715332;UIS_EST;
SCHBSP.3.WELEC;ECA: ECCAS (UNSDCode:98107);2020;21.78500938415527;UIS_EST;
SCHBSP.3.WELEC;ECA: ECCAS (UNSDCode:98107);2021;20.31203079223633;;
SCHBSP.3.WELEC;ECA: ECCAS (UNSDCode:98107);2022;22.04360961914063;UIS_EST;
SCHBSP.3.WELEC;ECA: ECCAS (UNSDCode:98107);2023;23.67421913146973;;
SCHBSP.3.WELEC;ECA: ECCAS (UNSDCode:98107);2024;23.37535095214844;UIS_EST;
SCHBSP.3.WELEC;ECA: East Africa (UNSDCode:98102);2014;41.37369918823242;UIS_EST;
SCHBSP.3.WELEC;ECA: East Africa (UNSDCode:98102);2015;43.19112014770508;UIS_EST;
SCHBSP.3.WELEC;ECA: East Africa (UNSDCode:98102);2016;44.01071166992188;UIS_EST;
SCHBSP.3.WELEC;ECA: East Africa (UNSDCode:98102);2017;42.40958023071289;UIS_EST;
SCHBSP.3.WELEC;ECA: East Africa (UNSDCode:98102);2018;40.54032135009766;UIS_EST;
SCHBSP.3.WELEC;ECA: East Africa (UNSDCode:98102);2019;39.28665924072266;UIS_EST;
SCHBSP.3.WELEC;ECA: East Africa (UNSDCode:98102);2020;37.9923210144043;UIS_EST;
SCHBSP.3.WELEC;ECA: East Africa (UNSDCode:98102);2021;35.87599945068359;;
SCHBSP.3.WELEC;ECA: East Africa (UNSDCode:98102);2022;36.36140823364258;UIS_EST;
SCHBSP.3.WELEC;ECA: East Africa (UNSDCode:98102);2023;37.2877082824707;;
SCHBSP.3.WELEC;ECA: East Africa (UNSDCode:98102);2024;37.53754043579102;UIS_EST;
SCHBSP.3.WELEC;ECA: Island economies (UNSDCode:98115);2015;69.33895111083984;UIS_EST;
SCHBSP.3.WELEC;ECA: Island economies (UNSDCode:98115);2016;68.92008972167969;;
SCHBSP.3.WELEC;ECA: Island economies (UNSDCode:98115);2017;68.08415222167969;;
SCHBSP.3.WELEC;ECA: Island economies (UNSDCode:98115);2018;57.6633186340332;;
SCHBSP.3.WELEC;ECA: Island economies (UNSDCode:98115);2019;60.13872146606445;;
SCHBSP.3.WELEC;ECA: Island economies (UNSDCode:98115);2020;64.62175750732422;UIS_EST;
SCHBSP.3.WELEC;ECA: Island economies (UNSDCode:98115);2021;76.07556915283203;UIS_EST;
SCHBSP.3.WELEC;ECA: Island economies (UNSDCode:98115);2022;68.7280502319336;UIS_EST;
SCHBSP.3.WELEC;ECA: Island economies (UNSDCode:98115);2023;67.89156341552734;UIS_EST;
SCHBSP.3.WELEC;ECA: Island economies (UNSDCode:98115);2024;68.5063705444336;;
SCHBSP.3.WELEC;ECA: Land-locked LDCs (UNSDCode:98117);2015;65.3735580444336;UIS_EST;
SCHBSP.3.WELEC;ECA: Land-locked LDCs (UNSDCode:98117);2016;65.70729064941406;UIS_EST;
SCHBSP.3.WELEC;ECA: Land-locked LDCs (UNSDCode:98117);2017;67.78292083740234;UIS_EST;
SCHBSP.3.WELEC;ECA: Land-locked LDCs (UNSDCode:98117);2018;66.42207336425781;UIS_EST;
SCHBSP.3.WELEC;ECA: Land-locked LDCs (UNSDCode:98117);2019;68.18614196777344;UIS_EST;
SCHBSP.3.WELEC;ECA: Land-locked LDCs (UNSDCode:98117);2020;69.844482421875;UIS_EST;
SCHBSP.3.WELEC;ECA: Land-locked LDCs (UNSDCode:98117);2021;70.73503875732422;UIS_EST;
SCHBSP.3.WELEC;ECA: Land-locked LDCs (UNSDCode:98117);2022;71.20162963867188;UIS_EST;
SCHBSP.3.WELEC;ECA: Land-locked LDCs (UNSDCode:98117);2023;72.39868927001953;UIS_EST;
SCHBSP.3.WELEC;ECA: Land-locked LDCs (UNSDCode:98117);2024;72.70384979248047;UIS_EST;
SCHBSP.3.WELEC;ECA: Land-locked countries (UNSDCode:98116);2015;68.04773712158203;UIS_EST;
SCHBSP.3.WELEC;ECA: Land-locked countries (UNSDCode:98116);2016;68.42843627929688;UIS_EST;
SCHBSP.3.WELEC;ECA: Land-locked countries (UNSDCode:98116);2017;70.1880874633789;UIS_EST;
SCHBSP.3.WELEC;ECA: Land-locked countries (UNSDCode:98116);2018;68.97704315185547;UIS_EST;
SCHBSP.3.WELEC;ECA: Land-locked countries (UNSDCode:98116);2019;70.37384033203125;UIS_EST;
SCHBSP.3.WELEC;ECA: Land-locked countries (UNSDCode:98116);2020;71.68742370605469;UIS_EST;
SCHBSP.3.WELEC;ECA: Land-locked countries (UNSDCode:98116);2021;72.49675750732422;UIS_EST;
SCHBSP.3.WELEC;ECA: Land-locked countries (UNSDCode:98116);2022;72.9914779663086;UIS_EST;
SCHBSP.3.WELEC;ECA: Land-locked countries (UNSDCode:98116);2023;74.23970794677734;UIS_EST;
SCHBSP.3.WELEC;ECA: Land-locked countries (UNSDCode:98116);2024;74.49981689453125;UIS_EST;
SCHBSP.3.WELEC;ECA: Least developed countries (UNSDCode:98118);2014;44.98971176147461;UIS_EST;
SCHBSP.3.WELEC;ECA: Least developed countries (UNSDCode:98118);2015;46.69092178344727;UIS_EST;
SCHBSP.3.WELEC;ECA: Least developed countries (UNSDCode:98118);2016;48.75563812255859;UIS_EST;
SCHBSP.3.WELEC;ECA: Least developed countries (UNSDCode:98118);2017;47.82143020629883;UIS_EST;
SCHBSP.3.WELEC;ECA: Least developed countries (UNSDCode:98118);2018;46.05686950683594;UIS_EST;
SCHBSP.3.WELEC;ECA: Least developed countries (UNSDCode:98118);2019;45.16233062744141;UIS_EST;
SCHBSP.3.WELEC;ECA: Least developed countries (UNSDCode:98118);2020;44.23503875732422;UIS_EST;
SCHBSP.3.WELEC;ECA: Least developed countries (UNSDCode:98118);2021;42.92964935302734;;
SCHBSP.3.WELEC;ECA: Least developed countries (UNSDCode:98118);2022;43.94664001464844;UIS_EST;
SCHBSP.3.WELEC;ECA: Least developed countries (UNSDCode:98118);2023;45.16413116455078;UIS_EST;
SCHBSP.3.WELEC;ECA: Least developed countries (UNSDCode:98118);2024;44.06739044189453;UIS_EST;
SCHBSP.3.WELEC;ECA: Mineral-rich countries (UNSDCode:98119);2014;47.34450149536133;UIS_EST;
SCHBSP.3.WELEC;ECA: Mineral-rich countries (UNSDCode:98119);2015;48.80690002441406;UIS_EST;
SCHBSP.3.WELEC;ECA: Mineral-rich countries (UNSDCode:98119);2016;50.69091033935547;UIS_EST;
SCHBSP.3.WELEC;ECA: Mineral-rich countries (UNSDCode:98119);2017;49.21405029296875;UIS_EST;
SCHBSP.3.WELEC;ECA: Mineral-rich countries (UNSDCode:98119);2018;47.17092895507813;UIS_EST;
SCHBSP.3.WELEC;ECA: Mineral-rich countries (UNSDCode:98119);2019;45.94086074829102;UIS_EST;
SCHBSP.3.WELEC;ECA: Mineral-rich countries (UNSDCode:98119);2020;43.93270874023438;UIS_EST;
SCHBSP.3.WELEC;ECA: Mineral-rich countries (UNSDCode:98119);2021;41.92087936401367;;
SCHBSP.3.WELEC;ECA: Mineral-rich countries (UNSDCode:98119);2022;43.04660034179688;UIS_EST;
SCHBSP.3.WELEC;ECA: Mineral-rich countries (UNSDCode:98119);2023;45.00506973266602;;
SCHBSP.3.WELEC;ECA: Mineral-rich countries (UNSDCode:98119);2024;43.29597854614258;UIS_EST;
SCHBSP.3.WELEC;ECA: Non-Oil LDCs (UNSDCode:98120);2015;72.1104965209961;UIS_EST;
SCHBSP.3.WELEC;ECA: Non-Oil LDCs (UNSDCode:98120);2016;74.313232421875;UIS_EST;
SCHBSP.3.WELEC;ECA: Non-Oil LDCs (UNSDCode:98120);2017;73.6672134399414;UIS_EST;
SCHBSP.3.WELEC;ECA: Non-Oil LDCs (UNSDCode:98120);2018;70.61714935302734;UIS_EST;
SCHBSP.3.WELEC;ECA: Non-Oil LDCs (UNSDCode:98120);2019;70.21151733398438;UIS_EST;
SCHBSP.3.WELEC;ECA: Non-Oil LDCs (UNSDCode:98120);2020;70.98091888427734;UIS_EST;
SCHBSP.3.WELEC;ECA: Non-Oil LDCs (UNSDCode:98120);2021;73.03717041015625;UIS_EST;
SCHBSP.3.WELEC;ECA: Non-Oil LDCs (UNSDCode:98120);2022;72.04857635498047;UIS_EST;
SCHBSP.3.WELEC;ECA: Non-Oil LDCs (UNSDCode:98120);2023;72.0378189086914;UIS_EST;
SCHBSP.3.WELEC;ECA: Non-Oil Producing (UNSDCode:98121);2015;74.5305404663086;UIS_EST;
SCHBSP.3.WELEC;ECA: Non-Oil Producing (UNSDCode:98121);2016;75.92865753173828;UIS_EST;
SCHBSP.3.WELEC;ECA: Non-Oil Producing (UNSDCode:98121);2017;75.9844970703125;UIS_EST;
SCHBSP.3.WELEC;ECA: Non-Oil Producing (UNSDCode:98121);2018;74.20378875732422;UIS_EST;
SCHBSP.3.WELEC;ECA: Non-Oil Producing (UNSDCode:98121);2019;73.62557983398438;UIS_EST;
SCHBSP.3.WELEC;ECA: Non-Oil Producing (UNSDCode:98121);2020;74.27786254882812;UIS_EST;
SCHBSP.3.WELEC;ECA: Non-Oil Producing (UNSDCode:98121);2021;75.95404052734375;UIS_EST;
SCHBSP.3.WELEC;ECA: Non-Oil Producing (UNSDCode:98121);2022;75.46379852294922;UIS_EST;
SCHBSP.3.WELEC;ECA: Non-Oil Producing (UNSDCode:98121);2023;75.86670684814453;UIS_EST;
SCHBSP.3.WELEC;ECA: North Africa (UNSDCode:98103);2013;92.3016586303711;UIS_EST;
SCHBSP.3.WELEC;ECA: North Africa (UNSDCode:98103);2014;92.56407928466797;UIS_EST;
SCHBSP.3.WELEC;ECA: North Africa (UNSDCode:98103);2015;92.28872680664062;UIS_EST;
SCHBSP.3.WELEC;ECA: North Africa (UNSDCode:98103);2016;98.98175048828125;;
SCHBSP.3.WELEC;ECA: North Africa (UNSDCode:98103);2017;97.3655014038086;UIS_EST;
SCHBSP.3.WELEC;ECA: North Africa (UNSDCode:98103);2018;95.34683990478516;UIS_EST;
SCHBSP.3.WELEC;ECA: North Africa (UNSDCode:98103);2019;93.0916519165039;UIS_EST;
SCHBSP.3.WELEC;ECA: North Africa (UNSDCode:98103);2020;90.94023895263672;UIS_EST;
SCHBSP.3.WELEC;ECA: North Africa (UNSDCode:98103);2021;86.9044189453125;UIS_EST;
SCHBSP.3.WELEC;ECA: North Africa (UNSDCode:98103);2022;84.33583068847656;UIS_EST;
SCHBSP.3.WELEC;ECA: North Africa (UNSDCode:98103);2023;80.26676940917969;UIS_EST;
SCHBSP.3.WELEC;ECA: North Africa (UNSDCode:98103);2024;85.07290649414062;;
SCHBSP.3.WELEC;ECA: Oil producing economies (UNSDCode:98123);2014;55.66648864746094;UIS_EST;
SCHBSP.3.WELEC;ECA: Oil producing economies (UNSDCode:98123);2015;56.5584716796875;UIS_EST;
SCHBSP.3.WELEC;ECA: Oil producing economies (UNSDCode:98123);2016;57.79505157470703;UIS_EST;
SCHBSP.3.WELEC;ECA: Oil producing economies (UNSDCode:98123);2017;56.89773941040039;UIS_EST;
SCHBSP.3.WELEC;ECA: Oil producing economies (UNSDCode:98123);2018;55.41416168212891;UIS_EST;
SCHBSP.3.WELEC;ECA: Oil producing economies (UNSDCode:98123);2019;53.24834823608398;UIS_EST;
SCHBSP.3.WELEC;ECA: Oil producing economies (UNSDCode:98123);2020;51.39149856567383;UIS_EST;
SCHBSP.3.WELEC;ECA: Oil producing economies (UNSDCode:98123);2021;48.71020889282227;UIS_EST;
SCHBSP.3.WELEC;ECA: Oil producing economies (UNSDCode:98123);2022;48.07213973999023;UIS_EST;
SCHBSP.3.WELEC;ECA: Oil producing economies (UNSDCode:98123);2023;49.81932067871094;;
SCHBSP.3.WELEC;ECA: Oil producing economies (UNSDCode:98123);2024;48.95188903808594;UIS_EST;
SCHBSP.3.WELEC;ECA: SADC (UNSDCode:98110);2014;39.11072158813477;UIS_EST;
SCHBSP.3.WELEC;ECA: SADC (UNSDCode:98110);2015;40.64355087280273;;
SCHBSP.3.WELEC;ECA: SADC (UNSDCode:98110);2016;41.08974838256836;UIS_EST;
SCHBSP.3.WELEC;ECA: SADC (UNSDCode:98110);2017;39.7417106628418;UIS_EST;
SCHBSP.3.WELEC;ECA: SADC (UNSDCode:98110);2018;36.94132995605469;UIS_EST;
SCHBSP.3.WELEC;ECA: SADC (UNSDCode:98110);2019;35.7752685546875;UIS_EST;
SCHBSP.3.WELEC;ECA: SADC (UNSDCode:98110);2020;32.47002029418945;UIS_EST;
SCHBSP.3.WELEC;ECA: SADC (UNSDCode:98110);2021;29.58712005615234;;
SCHBSP.3.WELEC;ECA: SADC (UNSDCode:98110);2022;30.60623931884766;UIS_EST;
SCHBSP.3.WELEC;ECA: SADC (UNSDCode:98110);2023;31.35121917724609;;
SCHBSP.3.WELEC;ECA: SADC (UNSDCode:98110);2024;31.83300018310547;UIS_EST;
SCHBSP.3.WELEC;ECA: Small Island states (UNSDCode:98125);2012;86.91085815429688;UIS_EST;
SCHBSP.3.WELEC;ECA: Small Island states (UNSDCode:98125);2013;85.53559875488281;UIS_EST;
SCHBSP.3.WELEC;ECA: Small Island states (UNSDCode:98125);2014;84.27385711669922;UIS_EST;
SCHBSP.3.WELEC;ECA: Small Island states (UNSDCode:98125);2015;83.19029998779297;UIS_EST;
SCHBSP.3.WELEC;ECA: Small Island states (UNSDCode:98125);2016;81.99874877929688;UIS_EST;
SCHBSP.3.WELEC;ECA: Small Island states (UNSDCode:98125);2017;81.11588287353516;;
SCHBSP.3.WELEC;ECA: Small Island states (UNSDCode:98125);2018;81.31635284423828;UIS_EST;
SCHBSP.3.WELEC;ECA: Small Island states (UNSDCode:98125);2019;81.23667907714844;UIS_EST;
SCHBSP.3.WELEC;ECA: Small Island states (UNSDCode:98125);2020;81.27660369873047;UIS_EST;
SCHBSP.3.WELEC;ECA: Small Island states (UNSDCode:98125);2021;81.31635284423828;UIS_EST;
SCHBSP.3.WELEC;ECA: Small Island states (UNSDCode:98125);2022;81.17646789550781;UIS_EST;
SCHBSP.3.WELEC;ECA: Small Island states (UNSDCode:98125);2023;81.19657897949219;UIS_EST;
SCHBSP.3.WELEC;ECA: Small Island states (UNSDCode:98125);2024;81.03447723388672;UIS_EST;
SCHBSP.3.WELEC;ECA: Southern Africa (UNSDCode:98104);2015;74.05294799804688;UIS_EST;
SCHBSP.3.WELEC;ECA: Southern Africa (UNSDCode:98104);2016;74.36387634277344;UIS_EST;
SCHBSP.3.WELEC;ECA: Southern Africa (UNSDCode:98104);2017;75.6308822631836;UIS_EST;
SCHBSP.3.WELEC;ECA: Southern Africa (UNSDCode:98104);2018;74.73651123046875;UIS_EST;
SCHBSP.3.WELEC;ECA: Sub-Saharan Africa (UNSDCode:98126);2014;57.31901931762695;UIS_EST;
SCHBSP.3.WELEC;ECA: Sub-Saharan Africa (UNSDCode:98126);2015;58.38568115234375;UIS_EST;
SCHBSP.3.WELEC;ECA: Sub-Saharan Africa (UNSDCode:98126);2016;59.77902984619141;UIS_EST;
SCHBSP.3.WELEC;ECA: Sub-Saharan Africa (UNSDCode:98126);2017;59.07049942016602;UIS_EST;
SCHBSP.3.WELEC;ECA: Sub-Saharan Africa (UNSDCode:98126);2018;57.5660400390625;UIS_EST;
SCHBSP.3.WELEC;ECA: Sub-Saharan Africa (UNSDCode:98126);2019;56.41135025024414;UIS_EST;
SCHBSP.3.WELEC;ECA: Sub-Saharan Africa (UNSDCode:98126);2020;55.45951080322266;UIS_EST;
SCHBSP.3.WELEC;ECA: Sub-Saharan Africa (UNSDCode:98126);2021;54.39154815673828;UIS_EST;
SCHBSP.3.WELEC;ECA: Sub-Saharan Africa (UNSDCode:98126);2022;54.73307037353516;UIS_EST;
SCHBSP.3.WELEC;ECA: Sub-Saharan Africa (UNSDCode:98126);2023;55.59479141235352;UIS_EST;
SCHBSP.3.WELEC;ECA: Sub-Saharan Africa (UNSDCode:98126);2024;55.1651611328125;UIS_EST;
SCHBSP.3.WELEC;ECE: All countries (UNSDCode:98200);2011;99.90801239013672;UIS_EST;
SCHBSP.3.WELEC;ECE: All countries (UNSDCode:98200);2012;99.90798950195312;UIS_EST;
SCHBSP.3.WELEC;ECE: All countries (UNSDCode:98200);2013;99.90773010253906;UIS_EST;
SCHBSP.3.WELEC;ECE: All countries (UNSDCode:98200);2014;99.9074935913086;UIS_EST;
SCHBSP.3.WELEC;ECE: All countries (UNSDCode:98200);2015;99.90711975097656;UIS_EST;
SCHBSP.3.WELEC;ECE: All countries (UNSDCode:98200);2016;99.90718078613281;UIS_EST;
SCHBSP.3.WELEC;ECE: All countries (UNSDCode:98200);2017;99.82449340820312;UIS_EST;
SCHBSP.3.WELEC;ECE: All countries (UNSDCode:98200);2018;99.71896362304688;UIS_EST;
SCHBSP.3.WELEC;ECE: All countries (UNSDCode:98200);2019;99.56588745117188;;
SCHBSP.3.WELEC;ECE: All countries (UNSDCode:98200);2020;99.63249969482422;UIS_EST;
SCHBSP.3.WELEC;ECE: All countries (UNSDCode:98200);2021;99.63066864013672;UIS_EST;
SCHBSP.3.WELEC;ECE: All countries (UNSDCode:98200);2022;99.54326629638672;UIS_EST;
SCHBSP.3.WELEC;ECE: All countries (UNSDCode:98200);2023;99.52545928955078;UIS_EST;
SCHBSP.3.WELEC;ECE: CIS (CWG) (UNSDCode:98201);2015;99.8447265625;UIS_EST;
SCHBSP.3.WELEC;ECE: CIS (CWG) (UNSDCode:98201);2016;99.83988952636719;UIS_EST;
SCHBSP.3.WELEC;ECE: CIS (CWG) (UNSDCode:98201);2017;99.80008697509766;;
SCHBSP.3.WELEC;ECE: CIS (CWG) (UNSDCode:98201);2018;99.77162170410156;;
SCHBSP.3.WELEC;ECE: CIS (CWG) (UNSDCode:98201);2019;99.712890625;;
SCHBSP.3.WELEC;ECE: CIS (CWG) (UNSDCode:98201);2020;99.78919219970703;;
SCHBSP.3.WELEC;ECE: CIS (CWG) (UNSDCode:98201);2021;99.78527069091797;;
SCHBSP.3.WELEC;ECE: CIS (CWG) (UNSDCode:98201);2022;99.48737335205078;UIS_EST;
SCHBSP.3.WELEC;ECE: CIS (CWG) (UNSDCode:98201);2023;99.31965637207031;UIS_EST;
SCHBSP.3.WELEC;ECE: CIS (CWG) (UNSDCode:98201);2024;99.4251708984375;;
SCHBSP.3.WELEC;ECE: Eastern Europe, Caucasus and Central Asia (CIS) (UNSDCode:98202);2015;99.85250854492188;UIS_EST;
SCHBSP.3.WELEC;ECE: Eastern Europe, Caucasus and Central Asia (CIS) (UNSDCode:98202);2016;99.84812927246094;UIS_EST;
SCHBSP.3.WELEC;ECE: Eastern Europe, Caucasus and Central Asia (CIS) (UNSDCode:98202);2017;99.81044006347656;;
SCHBSP.3.WELEC;ECE: Eastern Europe, Caucasus and Central Asia (CIS) (UNSDCode:98202);2018;99.78346252441406;;
SCHBSP.3.WELEC;ECE: Eastern Europe, Caucasus and Central Asia (CIS) (UNSDCode:98202);2019;99.72802734375;;
SCHBSP.3.WELEC;ECE: Eastern Europe, Caucasus and Central Asia (CIS) (UNSDCode:98202);2020;99.80030822753906;;
SCHBSP.3.WELEC;ECE: Eastern Europe, Caucasus and Central Asia (CIS) (UNSDCode:98202);2021;99.7968978881836;;
SCHBSP.3.WELEC;ECE: Eastern Europe, Caucasus and Central Asia (CIS) (UNSDCode:98202);2022;99.41104888916016;UIS_EST;
SCHBSP.3.WELEC;ECE: Eastern Europe, Caucasus and Central Asia (CIS) (UNSDCode:98202);2023;99.35159301757812;UIS_EST;
SCHBSP.3.WELEC;ECE: Eastern Europe, Caucasus and Central Asia (CIS) (UNSDCode:98202);2024;99.45027160644531;;
SCHBSP.3.WELEC;ECE: Eurasian Economic Union (EAEU) (UNSDCode:98206);2016;99.8278579711914;UIS_EST;
SCHBSP.3.WELEC;ECE: Eurasian Economic Union (EAEU) (UNSDCode:98206);2017;99.71366882324219;;
SCHBSP.3.WELEC;ECE: Eurasian Economic Union (EAEU) (UNSDCode:98206);2018;99.62140655517578;;
SCHBSP.3.WELEC;ECE: Eurasian Economic Union (EAEU) (UNSDCode:98206);2019;99.46882629394531;;
SCHBSP.3.WELEC;ECE: Eurasian Economic Union (EAEU) (UNSDCode:98206);2020;99.61515808105469;;
SCHBSP.3.WELEC;ECE: Eurasian Economic Union (EAEU) (UNSDCode:98206);2021;99.61518859863281;UIS_EST;
SCHBSP.3.WELEC;ECE: Eurasian Economic Union (EAEU) (UNSDCode:98206);2022;99.62928009033203;UIS_EST;
SCHBSP.3.WELEC;ECE: Eurasian Economic Union (EAEU) (UNSDCode:98206);2023;99.60681915283203;UIS_EST;
SCHBSP.3.WELEC;ECE: Eurasian Economic Union (EAEU) (UNSDCode:98206);2024;99.60536193847656;UIS_EST;
SCHBSP.3.WELEC;ECE: Euro area (E25) (UNSDCode:98204);2000;100;UIS_EST;
SCHBSP.3.WELEC;ECE: Euro area (E25) (UNSDCode:98204);2001;100;UIS_EST;
SCHBSP.3.WELEC;ECE: Euro area (E25) (UNSDCode:98204);2002;100;UIS_EST;
SCHBSP.3.WELEC;ECE: Euro area (E25) (UNSDCode:98204);2003;100;UIS_EST;
SCHBSP.3.WELEC;ECE: Euro area (E25) (UNSDCode:98204);2004;100;UIS_EST;
SCHBSP.3.WELEC;ECE: Euro area (E25) (UNSDCode:98204);2006;100;UIS_EST;
SCHBSP.3.WELEC;ECE: Euro area (E25) (UNSDCode:98204);2007;100;;
SCHBSP.3.WELEC;ECE: Euro area (E25) (UNSDCode:98204);2008;100;;
SCHBSP.3.WELEC;ECE: Euro area (E25) (UNSDCode:98204);2009;100;;
SCHBSP.3.WELEC;ECE: Euro area (E25) (UNSDCode:98204);2010;100;;
SCHBSP.3.WELEC;ECE: Euro area (E25) (UNSDCode:98204);2011;100;;
SCHBSP.3.WELEC;ECE: Euro area (E25) (UNSDCode:98204);2014;100;;
SCHBSP.3.WELEC;ECE: Euro area (E25) (UNSDCode:98204);2015;100;;
SCHBSP.3.WELEC;ECE: Euro area (E25) (UNSDCode:98204);2017;100;;
SCHBSP.3.WELEC;ECE: European Union (EMU) (UNSDCode:98203);2000;99.93418884277344;UIS_EST;
SCHBSP.3.WELEC;ECE: European Union (EMU) (UNSDCode:98203);2001;99.93353271484375;UIS_EST;
SCHBSP.3.WELEC;ECE: European Union (EMU) (UNSDCode:98203);2002;99.93380737304688;UIS_EST;
SCHBSP.3.WELEC;ECE: European Union (EMU) (UNSDCode:98203);2003;99.93357849121094;UIS_EST;
SCHBSP.3.WELEC;ECE: European Union (EMU) (UNSDCode:98203);2004;99.93305206298828;UIS_EST;
SCHBSP.3.WELEC;ECE: European Union (EMU) (UNSDCode:98203);2005;99.93334197998047;UIS_EST;
SCHBSP.3.WELEC;ECE: European Union (EMU) (UNSDCode:98203);2006;99.93338775634766;UIS_EST;
SCHBSP.3.WELEC;ECE: European Union (EMU) (UNSDCode:98203);2007;99.9339828491211;;
SCHBSP.3.WELEC;ECE: European Union (EMU) (UNSDCode:98203);2008;99.93460845947266;;
SCHBSP.3.WELEC;ECE: European Union (EMU) (UNSDCode:98203);2009;99.93508911132812;;
SCHBSP.3.WELEC;ECE: European Union (EMU) (UNSDCode:98203);2010;99.93527221679688;;
SCHBSP.3.WELEC;ECE: European Union (EMU) (UNSDCode:98203);2011;99.93485260009766;;
SCHBSP.3.WELEC;ECE: European Union (EMU) (UNSDCode:98203);2012;99.93563079833984;;
SCHBSP.3.WELEC;ECE: European Union (EMU) (UNSDCode:98203);2013;99.93540954589844;;
SCHBSP.3.WELEC;ECE: European Union (EMU) (UNSDCode:98203);2014;99.93569946289062;;
SCHBSP.3.WELEC;ECE: European Union (EMU) (UNSDCode:98203);2015;99.93907165527344;;
SCHBSP.3.WELEC;ECE: European Union (EMU) (UNSDCode:98203);2016;99.93795776367188;;
SCHBSP.3.WELEC;ECE: European Union (EMU) (UNSDCode:98203);2017;99.7500991821289;;
SCHBSP.3.WELEC;ECE: European Union (EMU) (UNSDCode:98203);2018;99.4788589477539;;
SCHBSP.3.WELEC;ECE: European Union (EMU) (UNSDCode:98203);2019;99.11064910888672;;
SCHBSP.3.WELEC;ECE: European Union (EMU) (UNSDCode:98203);2020;99.16478729248047;;
SCHBSP.3.WELEC;ECE: European Union (EMU) (UNSDCode:98203);2021;99.1635513305664;;
SCHBSP.3.WELEC;ECE: European Union (EMU) (UNSDCode:98203);2022;99.14824676513672;UIS_EST;
SCHBSP.3.WELEC;ECLAC: All countries (UNSDCode:98300);2009;91.29402160644531;UIS_EST;
SCHBSP.3.WELEC;ECLAC: All countries (UNSDCode:98300);2010;91.57363891601562;UIS_EST;
SCHBSP.3.WELEC;ECLAC: All countries (UNSDCode:98300);2011;91.15667724609375;UIS_EST;
SCHBSP.3.WELEC;ECLAC: All countries (UNSDCode:98300);2012;90.5863037109375;UIS_EST;
SCHBSP.3.WELEC;ECLAC: All countries (UNSDCode:98300);2013;90.304931640625;UIS_EST;
SCHBSP.3.WELEC;ECLAC: All countries (UNSDCode:98300);2014;90.041748046875;UIS_EST;
SCHBSP.3.WELEC;ECLAC: All countries (UNSDCode:98300);2015;89.80590057373047;UIS_EST;
SCHBSP.3.WELEC;ECLAC: All countries (UNSDCode:98300);2016;89.62590026855469;UIS_EST;
SCHBSP.3.WELEC;ECLAC: All countries (UNSDCode:98300);2017;89.39218139648438;UIS_EST;
SCHBSP.3.WELEC;ECLAC: All countries (UNSDCode:98300);2018;89.06926727294922;UIS_EST;
SCHBSP.3.WELEC;ECLAC: All countries (UNSDCode:98300);2019;89.36215209960938;UIS_EST;
SCHBSP.3.WELEC;ECLAC: All countries (UNSDCode:98300);2020;88.5385513305664;UIS_EST;
SCHBSP.3.WELEC;ECLAC: All countries (UNSDCode:98300);2021;87.46685028076172;UIS_EST;
SCHBSP.3.WELEC;ECLAC: All countries (UNSDCode:98300);2022;86.92298126220703;UIS_EST;
SCHBSP.3.WELEC;ECLAC: All countries (UNSDCode:98300);2023;89.07734680175781;UIS_EST;
SCHBSP.3.WELEC;ECLAC: Carribean (UNSDCode:98301);2009;73.5737533569336;UIS_EST;
SCHBSP.3.WELEC;ECLAC: Carribean (UNSDCode:98301);2010;75.94229125976562;UIS_EST;
SCHBSP.3.WELEC;ECLAC: Carribean (UNSDCode:98301);2011;74.35835266113281;UIS_EST;
SCHBSP.3.WELEC;ECLAC: Carribean (UNSDCode:98301);2022;74.37568664550781;UIS_EST;
SCHBSP.3.WELEC;ECLAC: Carribean (UNSDCode:98301);2023;74.35897064208984;;
SCHBSP.3.WELEC;ECLAC: Carribean (UNSDCode:98301);2024;74.31078338623047;UIS_EST;
SCHBSP.3.WELEC;ECLAC: Latin America (UNSDCode:98302);2009;91.53572845458984;UIS_EST;
SCHBSP.3.WELEC;ECLAC: Latin America (UNSDCode:98302);2010;91.7815170288086;UIS_EST;
SCHBSP.3.WELEC;ECLAC: Latin America (UNSDCode:98302);2011;91.38082122802734;UIS_EST;
SCHBSP.3.WELEC;ECLAC: Latin America (UNSDCode:98302);2012;90.8237533569336;UIS_EST;
SCHBSP.3.WELEC;ECLAC: Latin America (UNSDCode:98302);2013;90.53005981445312;UIS_EST;
SCHBSP.3.WELEC;ECLAC: Latin America (UNSDCode:98302);2014;90.25443267822266;UIS_EST;
SCHBSP.3.WELEC;ECLAC: Latin America (UNSDCode:98302);2015;90.00808715820312;UIS_EST;
SCHBSP.3.WELEC;ECLAC: Latin America (UNSDCode:98302);2016;89.82119750976562;UIS_EST;
SCHBSP.3.WELEC;ECLAC: Latin America (UNSDCode:98302);2017;89.58039093017578;;
SCHBSP.3.WELEC;ECLAC: Latin America (UNSDCode:98302);2018;89.24894714355469;UIS_EST;
SCHBSP.3.WELEC;ECLAC: Latin America (UNSDCode:98302);2019;89.5387191772461;UIS_EST;
SCHBSP.3.WELEC;ECLAC: Latin America (UNSDCode:98302);2020;88.7119369506836;UIS_EST;
SCHBSP.3.WELEC;ECLAC: Latin America (UNSDCode:98302);2021;87.62610626220703;UIS_EST;
SCHBSP.3.WELEC;ECLAC: Latin America (UNSDCode:98302);2022;87.07063293457031;UIS_EST;
SCHBSP.3.WELEC;ECLAC: Latin America (UNSDCode:98302);2023;89.24202728271484;UIS_EST;
SCHBSP.3.WELEC;ECU;2009;79.82588195800781;;
SCHBSP.3.WELEC;ECU;2016;87.79517113292651;;
SCHBSP.3.WELEC;ECU;2017;89.36442849820605;;
SCHBSP.3.WELEC;ECU;2018;90.41061592388583;;
SCHBSP.3.WELEC;ECU;2019;84.92610837438423;;
SCHBSP.3.WELEC;ECU;2020;85.71777940816825;;
SCHBSP.3.WELEC;ECU;2021;86.06596558317399;;
SCHBSP.3.WELEC;ECU;2022;85.91682419659735;;
SCHBSP.3.WELEC;ECU;2023;93.81944444444444;;
SCHBSP.3.WELEC;ECU;2024;98.25436408977556;;
SCHBSP.3.WELEC;EGY;2010;100;;
SCHBSP.3.WELEC;EGY;2016;100;;
SCHBSP.3.WELEC;EGY;2021;75.134611242731;;
SCHBSP.3.WELEC;EGY;2023;60.93780655287424;;
SCHBSP.3.WELEC;EGY;2024;66.84517098835025;;
SCHBSP.3.WELEC;ERI;2017;67.59259033203125;;
SCHBSP.3.WELEC;ERI;2018;62.9310302734375;;
SCHBSP.3.WELEC;ERI;2022;72.47705841064453;;
SCHBSP.3.WELEC;ESCAP: ASEAN (ASEAN) (UNSDCode:98406);2015;96.53605651855469;UIS_EST;
SCHBSP.3.WELEC;ESCAP: ASEAN (ASEAN) (UNSDCode:98406);2016;96.46138763427734;UIS_EST;
SCHBSP.3.WELEC;ESCAP: ASEAN (ASEAN) (UNSDCode:98406);2017;95.2872314453125;;
SCHBSP.3.WELEC;ESCAP: ASEAN (ASEAN) (UNSDCode:98406);2018;95.53399658203125;;
SCHBSP.3.WELEC;ESCAP: ASEAN (ASEAN) (UNSDCode:98406);2019;96.22557830810547;UIS_EST;
SCHBSP.3.WELEC;ESCAP: ASEAN (ASEAN) (UNSDCode:98406);2020;96.64968872070312;UIS_EST;
SCHBSP.3.WELEC;ESCAP: ASEAN (ASEAN) (UNSDCode:98406);2021;96.54988861083984;UIS_EST;
SCHBSP.3.WELEC;ESCAP: ASEAN (ASEAN) (UNSDCode:98406);2022;96.56842041015625;UIS_EST;
SCHBSP.3.WELEC;ESCAP: ASEAN (ASEAN) (UNSDCode:98406);2023;96.58319854736328;;
SCHBSP.3.WELEC;ESCAP: ASEAN (ASEAN) (UNSDCode:98406);2024;96.60282897949219;;
SCHBSP.3.WELEC;ESCAP: Africa (AFR) (UNSDCode:98405);2014;62.52341079711914;UIS_EST;
SCHBSP.3.WELEC;ESCAP: Africa (AFR) (UNSDCode:98405);2015;63.55287170410156;UIS_EST;
SCHBSP.3.WELEC;ESCAP: Africa (AFR) (UNSDCode:98405);2016;64.87217712402344;UIS_EST;
SCHBSP.3.WELEC;ESCAP: Africa (AFR) (UNSDCode:98405);2017;64.26969909667969;UIS_EST;
SCHBSP.3.WELEC;ESCAP: Africa (AFR) (UNSDCode:98405);2018;62.58628082275391;UIS_EST;
SCHBSP.3.WELEC;ESCAP: Africa (AFR) (UNSDCode:98405);2019;61.15525054931641;UIS_EST;
SCHBSP.3.WELEC;ESCAP: Africa (AFR) (UNSDCode:98405);2020;60.02267074584961;UIS_EST;
SCHBSP.3.WELEC;ESCAP: Africa (AFR) (UNSDCode:98405);2021;58.7133903503418;UIS_EST;
SCHBSP.3.WELEC;ESCAP: Africa (AFR) (UNSDCode:98405);2022;58.47364044189453;UIS_EST;
SCHBSP.3.WELEC;ESCAP: Africa (AFR) (UNSDCode:98405);2023;59.42192840576172;UIS_EST;
SCHBSP.3.WELEC;ESCAP: Africa (AFR) (UNSDCode:98405);2024;58.88061904907227;UIS_EST;
SCHBSP.3.WELEC;ESCAP: All countries (UNSDCode:98400);2011;84.91735076904297;UIS_EST;
SCHBSP.3.WELEC;ESCAP: All countries (UNSDCode:98400);2012;84.05680847167969;UIS_EST;
SCHBSP.3.WELEC;ESCAP: All countries (UNSDCode:98400);2013;84.69647216796875;UIS_EST;
SCHBSP.3.WELEC;ESCAP: All countries (UNSDCode:98400);2014;85.33899688720703;UIS_EST;
SCHBSP.3.WELEC;ESCAP: All countries (UNSDCode:98400);2015;85.91384887695312;UIS_EST;
SCHBSP.3.WELEC;ESCAP: All countries (UNSDCode:98400);2016;86.57470703125;;
SCHBSP.3.WELEC;ESCAP: All countries (UNSDCode:98400);2017;87.8110580444336;;
SCHBSP.3.WELEC;ESCAP: All countries (UNSDCode:98400);2018;87.89421844482422;;
SCHBSP.3.WELEC;ESCAP: All countries (UNSDCode:98400);2019;89.02781677246094;;
SCHBSP.3.WELEC;ESCAP: All countries (UNSDCode:98400);2020;90.7466812133789;;
SCHBSP.3.WELEC;ESCAP: All countries (UNSDCode:98400);2021;89.40218353271484;;
SCHBSP.3.WELEC;ESCAP: All countries (UNSDCode:98400);2022;91.16014862060547;;
SCHBSP.3.WELEC;ESCAP: All countries (UNSDCode:98400);2023;90.1310806274414;;
SCHBSP.3.WELEC;ESCAP: All countries (UNSDCode:98400);2024;89.22470092773438;;
SCHBSP.3.WELEC;ESCAP: Countries with Special Needs (CSN) (UNSDCode:98434);2011;76.45198822021484;UIS_EST;
SCHBSP.3.WELEC;ESCAP: Countries with Special Needs (CSN) (UNSDCode:98434);2012;76.43653106689453;UIS_EST;
SCHBSP.3.WELEC;ESCAP: Countries with Special Needs (CSN) (UNSDCode:98434);2013;78.8632583618164;UIS_EST;
SCHBSP.3.WELEC;ESCAP: Countries with Special Needs (CSN) (UNSDCode:98434);2014;81.45469665527344;UIS_EST;
SCHBSP.3.WELEC;ESCAP: Countries with Special Needs (CSN) (UNSDCode:98434);2015;84.13983154296875;UIS_EST;
SCHBSP.3.WELEC;ESCAP: Countries with Special Needs (CSN) (UNSDCode:98434);2016;86.9162826538086;;
SCHBSP.3.WELEC;ESCAP: Countries with Special Needs (CSN) (UNSDCode:98434);2017;87.38471221923828;;
SCHBSP.3.WELEC;ESCAP: Countries with Special Needs (CSN) (UNSDCode:98434);2018;88.62545776367188;;
SCHBSP.3.WELEC;ESCAP: Countries with Special Needs (CSN) (UNSDCode:98434);2019;88.52275085449219;;
SCHBSP.3.WELEC;ESCAP: Countries with Special Needs (CSN) (UNSDCode:98434);2020;89.55097198486328;;
SCHBSP.3.WELEC;ESCAP: Countries with Special Needs (CSN) (UNSDCode:98434);2021;89.58503723144531;UIS_EST;
SCHBSP.3.WELEC;ESCAP: Countries with Special Needs (CSN) (UNSDCode:98434);2022;90.1668701171875;UIS_EST;
SCHBSP.3.WELEC;ESCAP: Countries with Special Needs (CSN) (UNSDCode:98434);2023;90.72506713867188;UIS_EST;
SCHBSP.3.WELEC;ESCAP: Countries with Special Needs (CSN) (UNSDCode:98434);2024;91.2525863647461;;
SCHBSP.3.WELEC;ESCAP: ECO (ECO) (UNSDCode:98407);2011;75.27217864990234;UIS_EST;
SCHBSP.3.WELEC;ESCAP: ECO (ECO) (UNSDCode:98407);2012;70.9033432006836;UIS_EST;
SCHBSP.3.WELEC;ESCAP: ECO (ECO) (UNSDCode:98407);2013;70.00836944580078;UIS_EST;
SCHBSP.3.WELEC;ESCAP: ECO (ECO) (UNSDCode:98407);2018;67.88874816894531;UIS_EST;
SCHBSP.3.WELEC;ESCAP: ECO (ECO) (UNSDCode:98407);2019;66.6259994506836;UIS_EST;
SCHBSP.3.WELEC;ESCAP: ECO (ECO) (UNSDCode:98407);2020;66.18534088134766;UIS_EST;
SCHBSP.3.WELEC;ESCAP: ECO (ECO) (UNSDCode:98407);2023;63.72175979614258;UIS_EST;
SCHBSP.3.WELEC;ESCAP: ECO (ECO) (UNSDCode:98407);2024;62.20621109008789;;
SCHBSP.3.WELEC;ESCAP: East and North-East Asia (ENEA) (UNSDCode:98408);2016;98.08527374267578;UIS_EST;
SCHBSP.3.WELEC;ESCAP: East and North-East Asia (ENEA) (UNSDCode:98408);2017;98.20433044433594;;
SCHBSP.3.WELEC;ESCAP: East and North-East Asia (ENEA) (UNSDCode:98408);2018;98.30677795410156;;
SCHBSP.3.WELEC;ESCAP: East and North-East Asia (ENEA) (UNSDCode:98408);2019;98.4069595336914;;
SCHBSP.3.WELEC;ESCAP: East and North-East Asia (ENEA) (UNSDCode:98408);2020;98.59539031982422;;
SCHBSP.3.WELEC;ESCAP: East and North-East Asia (ENEA) (UNSDCode:98408);2021;96.68463897705078;;
SCHBSP.3.WELEC;ESCAP: East and North-East Asia (ENEA) (UNSDCode:98408);2022;98.79521942138672;;
SCHBSP.3.WELEC;ESCAP: East and North-East Asia (ENEA) (UNSDCode:98408);2023;98.93113708496094;;
SCHBSP.3.WELEC;ESCAP: East and North-East Asia (ENEA) (UNSDCode:98408);2024;98.94097900390625;;
SCHBSP.3.WELEC;ESCAP: Europe (Europe) (UNSDCode:98423);2000;99.89472961425781;UIS_EST;
SCHBSP.3.WELEC;ESCAP: Europe (Europe) (UNSDCode:98423);2001;99.89427185058594;UIS_EST;
SCHBSP.3.WELEC;ESCAP: Europe (Europe) (UNSDCode:98423);2002;99.89391326904297;UIS_EST;
SCHBSP.3.WELEC;ESCAP: Europe (Europe) (UNSDCode:98423);2003;99.894287109375;UIS_EST;
SCHBSP.3.WELEC;ESCAP: Europe (Europe) (UNSDCode:98423);2004;99.8932113647461;UIS_EST;
SCHBSP.3.WELEC;ESCAP: Europe (Europe) (UNSDCode:98423);2005;99.8933334350586;UIS_EST;
SCHBSP.3.WELEC;ESCAP: Europe (Europe) (UNSDCode:98423);2006;99.89295196533203;UIS_EST;
SCHBSP.3.WELEC;ESCAP: Europe (Europe) (UNSDCode:98423);2007;99.89306640625;UIS_EST;
SCHBSP.3.WELEC;ESCAP: Europe (Europe) (UNSDCode:98423);2008;99.89363098144531;UIS_EST;
SCHBSP.3.WELEC;ESCAP: Europe (Europe) (UNSDCode:98423);2009;99.89395141601562;UIS_EST;
SCHBSP.3.WELEC;ESCAP: Europe (Europe) (UNSDCode:98423);2010;99.89338684082031;UIS_EST;
SCHBSP.3.WELEC;ESCAP: Europe (Europe) (UNSDCode:98423);2011;99.89163970947266;UIS_EST;
SCHBSP.3.WELEC;ESCAP: Europe (Europe) (UNSDCode:98423);2012;99.89199829101562;UIS_EST;
SCHBSP.3.WELEC;ESCAP: Europe (Europe) (UNSDCode:98423);2013;99.89160919189453;UIS_EST;
SCHBSP.3.WELEC;ESCAP: Europe (Europe) (UNSDCode:98423);2014;99.89103698730469;UIS_EST;
SCHBSP.3.WELEC;ESCAP: Europe (Europe) (UNSDCode:98423);2015;99.89266967773438;UIS_EST;
SCHBSP.3.WELEC;ESCAP: Europe (Europe) (UNSDCode:98423);2016;99.891357421875;;
SCHBSP.3.WELEC;ESCAP: Europe (Europe) (UNSDCode:98423);2017;99.75174713134766;UIS_EST;
SCHBSP.3.WELEC;ESCAP: Europe (Europe) (UNSDCode:98423);2018;99.56259155273438;UIS_EST;
SCHBSP.3.WELEC;ESCAP: Europe (Europe) (UNSDCode:98423);2019;99.29360961914062;;
SCHBSP.3.WELEC;ESCAP: Europe (Europe) (UNSDCode:98423);2020;99.38672637939453;UIS_EST;
SCHBSP.3.WELEC;ESCAP: Europe (Europe) (UNSDCode:98423);2021;99.38529205322266;UIS_EST;
SCHBSP.3.WELEC;ESCAP: Europe (Europe) (UNSDCode:98423);2022;99.24846649169922;UIS_EST;
SCHBSP.3.WELEC;ESCAP: Europe (Europe) (UNSDCode:98423);2023;99.13723754882812;UIS_EST;
SCHBSP.3.WELEC;ESCAP: LDC (LDC_E) (UNSDCode:98411);2011;64.31156921386719;UIS_EST;
SCHBSP.3.WELEC;ESCAP: LDC (LDC_E) (UNSDCode:98411);2012;63.97285842895508;;
SCHBSP.3.WELEC;ESCAP: LDC (LDC_E) (UNSDCode:98411);2013;68.3549575805664;UIS_EST;
SCHBSP.3.WELEC;ESCAP: LDC (LDC_E) (UNSDCode:98411);2014;72.7268295288086;UIS_EST;
SCHBSP.3.WELEC;ESCAP: LDC (LDC_E) (UNSDCode:98411);2015;77.08901977539062;UIS_EST;
SCHBSP.3.WELEC;ESCAP: LDC (LDC_E) (UNSDCode:98411);2016;81.44203186035156;;
SCHBSP.3.WELEC;ESCAP: LDC (LDC_E) (UNSDCode:98411);2017;82.39417266845703;;
SCHBSP.3.WELEC;ESCAP: LDC (LDC_E) (UNSDCode:98411);2018;84.1940689086914;;
SCHBSP.3.WELEC;ESCAP: LDC (LDC_E) (UNSDCode:98411);2019;84.5029525756836;;
SCHBSP.3.WELEC;ESCAP: LDC (LDC_E) (UNSDCode:98411);2020;85.7914810180664;;
SCHBSP.3.WELEC;ESCAP: LDC (LDC_E) (UNSDCode:98411);2021;86.01544189453125;UIS_EST;
SCHBSP.3.WELEC;ESCAP: LDC (LDC_E) (UNSDCode:98411);2022;86.26679992675781;UIS_EST;
SCHBSP.3.WELEC;ESCAP: LDC (LDC_E) (UNSDCode:98411);2023;86.53353881835938;UIS_EST;
SCHBSP.3.WELEC;ESCAP: LDC (LDC_E) (UNSDCode:98411);2024;86.8331298828125;;
SCHBSP.3.WELEC;ESCAP: LLDC (LLDC_E) (UNSDCode:98412);2015;81.41179656982422;UIS_EST;
SCHBSP.3.WELEC;ESCAP: LLDC (LLDC_E) (UNSDCode:98412);2016;81.94879913330078;UIS_EST;
SCHBSP.3.WELEC;ESCAP: LLDC (LLDC_E) (UNSDCode:98412);2017;83.09005737304688;UIS_EST;
SCHBSP.3.WELEC;ESCAP: LLDC (LLDC_E) (UNSDCode:98412);2018;84.697998046875;UIS_EST;
SCHBSP.3.WELEC;ESCAP: LLDC (LLDC_E) (UNSDCode:98412);2019;85.25470733642578;;
SCHBSP.3.WELEC;ESCAP: LLDC (LLDC_E) (UNSDCode:98412);2020;86.49405670166016;;
SCHBSP.3.WELEC;ESCAP: LLDC (LLDC_E) (UNSDCode:98412);2021;85.52601623535156;UIS_EST;
SCHBSP.3.WELEC;ESCAP: LLDC (LLDC_E) (UNSDCode:98412);2022;86.1173324584961;UIS_EST;
SCHBSP.3.WELEC;ESCAP: LLDC (LLDC_E) (UNSDCode:98412);2023;86.6458969116211;UIS_EST;
SCHBSP.3.WELEC;ESCAP: LLDC (LLDC_E) (UNSDCode:98412);2024;87.07894134521484;;
SCHBSP.3.WELEC;ESCAP: Latin America (LAC) (UNSDCode:98424);2009;91.29402160644531;UIS_EST;
SCHBSP.3.WELEC;ESCAP: Latin America (LAC) (UNSDCode:98424);2010;91.57363891601562;UIS_EST;
SCHBSP.3.WELEC;ESCAP: Latin America (LAC) (UNSDCode:98424);2011;91.15667724609375;UIS_EST;
SCHBSP.3.WELEC;ESCAP: Latin America (LAC) (UNSDCode:98424);2012;90.5863037109375;UIS_EST;
SCHBSP.3.WELEC;ESCAP: Latin America (LAC) (UNSDCode:98424);2013;90.304931640625;UIS_EST;
SCHBSP.3.WELEC;ESCAP: Latin America (LAC) (UNSDCode:98424);2014;90.041748046875;UIS_EST;
SCHBSP.3.WELEC;ESCAP: Latin America (LAC) (UNSDCode:98424);2015;89.80590057373047;UIS_EST;
SCHBSP.3.WELEC;ESCAP: Latin America (LAC) (UNSDCode:98424);2016;89.62590026855469;UIS_EST;
SCHBSP.3.WELEC;ESCAP: Latin America (LAC) (UNSDCode:98424);2017;89.39218139648438;UIS_EST;
SCHBSP.3.WELEC;ESCAP: Latin America (LAC) (UNSDCode:98424);2018;89.06926727294922;UIS_EST;
SCHBSP.3.WELEC;ESCAP: Latin America (LAC) (UNSDCode:98424);2019;89.36215209960938;UIS_EST;
SCHBSP.3.WELEC;ESCAP: Latin America (LAC) (UNSDCode:98424);2020;88.5385513305664;UIS_EST;
SCHBSP.3.WELEC;ESCAP: Latin America (LAC) (UNSDCode:98424);2021;87.46685028076172;UIS_EST;
SCHBSP.3.WELEC;ESCAP: Latin America (LAC) (UNSDCode:98424);2022;86.92298126220703;UIS_EST;
SCHBSP.3.WELEC;ESCAP: Latin America (LAC) (UNSDCode:98424);2023;89.07734680175781;UIS_EST;
SCHBSP.3.WELEC;ESCAP: North America (NAM) (UNSDCode:98425);2014;100;UIS_EST;
SCHBSP.3.WELEC;ESCAP: North America (NAM) (UNSDCode:98425);2015;100;;
SCHBSP.3.WELEC;ESCAP: North America (NAM) (UNSDCode:98425);2016;100;UIS_EST;
SCHBSP.3.WELEC;ESCAP: North America (NAM) (UNSDCode:98425);2017;100;UIS_EST;
SCHBSP.3.WELEC;ESCAP: North America (NAM) (UNSDCode:98425);2019;100;;
SCHBSP.3.WELEC;ESCAP: North America (NAM) (UNSDCode:98425);2020;100;UIS_EST;
SCHBSP.3.WELEC;ESCAP: North and Central Asia (NCA) (UNSDCode:98417);2016;99.76512908935547;UIS_EST;
SCHBSP.3.WELEC;ESCAP: North and Central Asia (NCA) (UNSDCode:98417);2017;99.7077407836914;;
SCHBSP.3.WELEC;ESCAP: North and Central Asia (NCA) (UNSDCode:98417);2018;99.66905975341797;;
SCHBSP.3.WELEC;ESCAP: North and Central Asia (NCA) (UNSDCode:98417);2019;99.58609771728516;;
SCHBSP.3.WELEC;ESCAP: North and Central Asia (NCA) (UNSDCode:98417);2020;99.69757080078125;;
SCHBSP.3.WELEC;ESCAP: North and Central Asia (NCA) (UNSDCode:98417);2021;99.68984985351562;UIS_EST;
SCHBSP.3.WELEC;ESCAP: North and Central Asia (NCA) (UNSDCode:98417);2022;99.56160736083984;UIS_EST;
SCHBSP.3.WELEC;ESCAP: North and Central Asia (NCA) (UNSDCode:98417);2023;99.77432250976562;UIS_EST;
SCHBSP.3.WELEC;ESCAP: North and Central Asia (NCA) (UNSDCode:98417);2024;99.82649230957031;;
SCHBSP.3.WELEC;ESCAP: Other Area (OTH_REGION) (UNSDCode:98426);2015;94.99838256835938;UIS_EST;
SCHBSP.3.WELEC;ESCAP: Other Area (OTH_REGION) (UNSDCode:98426);2016;94.67633056640625;;
SCHBSP.3.WELEC;ESCAP: Other Area (OTH_REGION) (UNSDCode:98426);2017;94.7159423828125;;
SCHBSP.3.WELEC;ESCAP: Other Area (OTH_REGION) (UNSDCode:98426);2018;94.86080932617188;;
SCHBSP.3.WELEC;ESCAP: Other Area (OTH_REGION) (UNSDCode:98426);2019;94.92281341552734;;
SCHBSP.3.WELEC;ESCAP: Other Area (OTH_REGION) (UNSDCode:98426);2020;94.98090362548828;;
SCHBSP.3.WELEC;ESCAP: Other Area (OTH_REGION) (UNSDCode:98426);2021;95.04029846191406;;
SCHBSP.3.WELEC;ESCAP: Other Area (OTH_REGION) (UNSDCode:98426);2022;94.95230865478516;;
SCHBSP.3.WELEC;ESCAP: Other Area (OTH_REGION) (UNSDCode:98426);2023;95.38813781738281;UIS_EST;
SCHBSP.3.WELEC;ESCAP: Other Area (OTH_REGION) (UNSDCode:98426);2024;95.78251647949219;;
SCHBSP.3.WELEC;ESCAP: PACIFIC (PAC) (UNSDCode:98418);2000;99.40888214111328;;
SCHBSP.3.WELEC;ESCAP: PACIFIC (PAC) (UNSDCode:98418);2001;99.40828704833984;;
SCHBSP.3.WELEC;ESCAP: PACIFIC (PAC) (UNSDCode:98418);2002;99.40886688232422;;
SCHBSP.3.WELEC;ESCAP: PACIFIC (PAC) (UNSDCode:98418);2003;99.40863037109375;;
SCHBSP.3.WELEC;ESCAP: PACIFIC (PAC) (UNSDCode:98418);2004;99.40888214111328;;
SCHBSP.3.WELEC;ESCAP: PACIFIC (PAC) (UNSDCode:98418);2005;99.40912628173828;;
SCHBSP.3.WELEC;ESCAP: PACIFIC (PAC) (UNSDCode:98418);2006;99.4086685180664;;
SCHBSP.3.WELEC;ESCAP: PACIFIC (PAC) (UNSDCode:98418);2007;99.40735626220703;;
SCHBSP.3.WELEC;ESCAP: PACIFIC (PAC) (UNSDCode:98418);2008;99.40666198730469;;
SCHBSP.3.WELEC;ESCAP: PACIFIC (PAC) (UNSDCode:98418);2009;99.40632629394531;;
SCHBSP.3.WELEC;ESCAP: PACIFIC (PAC) (UNSDCode:98418);2010;99.41709899902344;;
SCHBSP.3.WELEC;ESCAP: PACIFIC (PAC) (UNSDCode:98418);2011;99.39488983154297;;
SCHBSP.3.WELEC;ESCAP: PACIFIC (PAC) (UNSDCode:98418);2012;99.36174774169922;;
SCHBSP.3.WELEC;ESCAP: PACIFIC (PAC) (UNSDCode:98418);2013;99.31710815429688;;
SCHBSP.3.WELEC;ESCAP: PACIFIC (PAC) (UNSDCode:98418);2014;99.27361297607422;;
SCHBSP.3.WELEC;ESCAP: PACIFIC (PAC) (UNSDCode:98418);2015;99.23101043701172;;
SCHBSP.3.WELEC;ESCAP: PACIFIC (PAC) (UNSDCode:98418);2016;99.18753814697266;;
SCHBSP.3.WELEC;ESCAP: PACIFIC (PAC) (UNSDCode:98418);2017;99.44941711425781;;
SCHBSP.3.WELEC;ESCAP: PACIFIC (PAC) (UNSDCode:98418);2018;99.29757690429688;;
SCHBSP.3.WELEC;ESCAP: PACIFIC (PAC) (UNSDCode:98418);2019;99.30210876464844;;
SCHBSP.3.WELEC;ESCAP: PACIFIC (PAC) (UNSDCode:98418);2020;99.03443908691406;;
SCHBSP.3.WELEC;ESCAP: PACIFIC (PAC) (UNSDCode:98418);2021;98.97412109375;;
SCHBSP.3.WELEC;ESCAP: PACIFIC (PAC) (UNSDCode:98418);2022;98.77652740478516;UIS_EST;
SCHBSP.3.WELEC;ESCAP: Pacific island developing economies (PIDE) (UNSDCode:98427);2015;92.05428314208984;UIS_EST;
SCHBSP.3.WELEC;ESCAP: Pacific island developing economies (PIDE) (UNSDCode:98427);2016;91.17915344238281;UIS_EST;
SCHBSP.3.WELEC;ESCAP: Pacific island developing economies (PIDE) (UNSDCode:98427);2017;94.73042297363281;UIS_EST;
SCHBSP.3.WELEC;ESCAP: Pacific island developing economies (PIDE) (UNSDCode:98427);2018;93.83196258544922;UIS_EST;
SCHBSP.3.WELEC;ESCAP: Pacific island developing economies (PIDE) (UNSDCode:98427);2019;93.91796112060547;UIS_EST;
SCHBSP.3.WELEC;ESCAP: Pacific island developing economies (PIDE) (UNSDCode:98427);2020;92.75669860839844;UIS_EST;
SCHBSP.3.WELEC;ESCAP: Pacific island developing economies (PIDE) (UNSDCode:98427);2021;91.4222412109375;UIS_EST;
SCHBSP.3.WELEC;ESCAP: Pacific island developing economies (PIDE) (UNSDCode:98427);2022;89.7597885131836;UIS_EST;
SCHBSP.3.WELEC;ESCAP: Pacific island developing economies (PIDE) (UNSDCode:98427);2023;88.0497817993164;UIS_EST;
SCHBSP.3.WELEC;ESCAP: Pacific island developing economies (PIDE) (UNSDCode:98427);2024;87.98925018310547;UIS_EST;
SCHBSP.3.WELEC;ESCAP: SAARC (SAARC) (UNSDCode:98428);2011;74.35002899169922;UIS_EST;
SCHBSP.3.WELEC;ESCAP: SAARC (SAARC) (UNSDCode:98428);2012;73.35002899169922;;
SCHBSP.3.WELEC;ESCAP: SAARC (SAARC) (UNSDCode:98428);2013;75.58506774902344;UIS_EST;
SCHBSP.3.WELEC;ESCAP: SAARC (SAARC) (UNSDCode:98428);2014;77.51235961914062;UIS_EST;
SCHBSP.3.WELEC;ESCAP: SAARC (SAARC) (UNSDCode:98428);2015;79.21302032470703;UIS_EST;
SCHBSP.3.WELEC;ESCAP: SAARC (SAARC) (UNSDCode:98428);2016;80.74185943603516;;
SCHBSP.3.WELEC;ESCAP: SAARC (SAARC) (UNSDCode:98428);2017;82.7830810546875;;
SCHBSP.3.WELEC;ESCAP: SAARC (SAARC) (UNSDCode:98428);2018;83.13153076171875;;
SCHBSP.3.WELEC;ESCAP: SAARC (SAARC) (UNSDCode:98428);2019;84.92935180664062;;
SCHBSP.3.WELEC;ESCAP: SAARC (SAARC) (UNSDCode:98428);2020;87.35894775390625;;
SCHBSP.3.WELEC;ESCAP: SAARC (SAARC) (UNSDCode:98428);2021;85.73194885253906;;
SCHBSP.3.WELEC;ESCAP: SAARC (SAARC) (UNSDCode:98428);2022;88.03766632080078;;
SCHBSP.3.WELEC;ESCAP: SAARC (SAARC) (UNSDCode:98428);2023;86.57425689697266;;
SCHBSP.3.WELEC;ESCAP: SAARC (SAARC) (UNSDCode:98428);2024;85.37122344970703;;
SCHBSP.3.WELEC;ESCAP: Small Islands Developing States (SIDS) (UNSDCode:98435);2015;92.53972625732422;UIS_EST;
SCHBSP.3.WELEC;ESCAP: Small Islands Developing States (SIDS) (UNSDCode:98435);2016;91.94876861572266;UIS_EST;
SCHBSP.3.WELEC;ESCAP: Small Islands Developing States (SIDS) (UNSDCode:98435);2017;93.98114013671875;UIS_EST;
SCHBSP.3.WELEC;ESCAP: Small Islands Developing States (SIDS) (UNSDCode:98435);2018;93.35188293457031;UIS_EST;
SCHBSP.3.WELEC;ESCAP: Small Islands Developing States (SIDS) (UNSDCode:98435);2019;93.39955139160156;UIS_EST;
SCHBSP.3.WELEC;ESCAP: Small Islands Developing States (SIDS) (UNSDCode:98435);2020;93.04074096679688;UIS_EST;
SCHBSP.3.WELEC;ESCAP: Small Islands Developing States (SIDS) (UNSDCode:98435);2021;92.61495971679688;UIS_EST;
SCHBSP.3.WELEC;ESCAP: Small Islands Developing States (SIDS) (UNSDCode:98435);2022;91.96808624267578;UIS_EST;
SCHBSP.3.WELEC;ESCAP: Small Islands Developing States (SIDS) (UNSDCode:98435);2023;91.30365753173828;;
SCHBSP.3.WELEC;ESCAP: Small Islands Developing States (SIDS) (UNSDCode:98435);2024;91.32803344726562;UIS_EST;
SCHBSP.3.WELEC;ESCAP: South and South-West Asia (SSWA) (UNSDCode:98420);2011;78.53558349609375;UIS_EST;
SCHBSP.3.WELEC;ESCAP: South and South-West Asia (SSWA) (UNSDCode:98420);2012;77.21634674072266;;
SCHBSP.3.WELEC;ESCAP: South and South-West Asia (SSWA) (UNSDCode:98420);2013;78.7783203125;UIS_EST;
SCHBSP.3.WELEC;ESCAP: South and South-West Asia (SSWA) (UNSDCode:98420);2014;80.1734390258789;UIS_EST;
SCHBSP.3.WELEC;ESCAP: South and South-West Asia (SSWA) (UNSDCode:98420);2015;81.32456970214844;UIS_EST;
SCHBSP.3.WELEC;ESCAP: South and South-West Asia (SSWA) (UNSDCode:98420);2016;82.57579040527344;;
SCHBSP.3.WELEC;ESCAP: South and South-West Asia (SSWA) (UNSDCode:98420);2017;84.41490173339844;;
SCHBSP.3.WELEC;ESCAP: South and South-West Asia (SSWA) (UNSDCode:98420);2018;84.57028198242188;;
SCHBSP.3.WELEC;ESCAP: South and South-West Asia (SSWA) (UNSDCode:98420);2019;86.08645629882812;;
SCHBSP.3.WELEC;ESCAP: South and South-West Asia (SSWA) (UNSDCode:98420);2020;88.33780670166016;;
SCHBSP.3.WELEC;ESCAP: South and South-West Asia (SSWA) (UNSDCode:98420);2021;86.81166076660156;;
SCHBSP.3.WELEC;ESCAP: South and South-West Asia (SSWA) (UNSDCode:98420);2022;88.93031311035156;;
SCHBSP.3.WELEC;ESCAP: South and South-West Asia (SSWA) (UNSDCode:98420);2023;87.54969787597656;;
SCHBSP.3.WELEC;ESCAP: South and South-West Asia (SSWA) (UNSDCode:98420);2024;86.39573669433594;;
SCHBSP.3.WELEC;ESCAP: South-East Asia (SEA) (UNSDCode:98419);2015;96.53605651855469;UIS_EST;
SCHBSP.3.WELEC;ESCAP: South-East Asia (SEA) (UNSDCode:98419);2016;96.46138763427734;UIS_EST;
SCHBSP.3.WELEC;ESCAP: South-East Asia (SEA) (UNSDCode:98419);2017;95.2872314453125;;
SCHBSP.3.WELEC;ESCAP: South-East Asia (SEA) (UNSDCode:98419);2018;95.53399658203125;;
SCHBSP.3.WELEC;ESCAP: South-East Asia (SEA) (UNSDCode:98419);2019;96.22557830810547;UIS_EST;
SCHBSP.3.WELEC;ESCAP: South-East Asia (SEA) (UNSDCode:98419);2020;96.64968872070312;UIS_EST;
SCHBSP.3.WELEC;ESCAP: South-East Asia (SEA) (UNSDCode:98419);2021;96.54988861083984;UIS_EST;
SCHBSP.3.WELEC;ESCAP: South-East Asia (SEA) (UNSDCode:98419);2022;96.56842041015625;UIS_EST;
SCHBSP.3.WELEC;ESCAP: South-East Asia (SEA) (UNSDCode:98419);2023;96.58319854736328;;
SCHBSP.3.WELEC;ESCAP: South-East Asia (SEA) (UNSDCode:98419);2024;96.60282897949219;;
SCHBSP.3.WELEC;ESCAP: WB High Income Economies (WB_HIGH) (UNSDCode:98436);2000;98.03652954101562;;
SCHBSP.3.WELEC;ESCAP: WB High Income Economies (WB_HIGH) (UNSDCode:98436);2001;98.03202819824219;;
SCHBSP.3.WELEC;ESCAP: WB High Income Economies (WB_HIGH) (UNSDCode:98436);2002;98.0419692993164;;
SCHBSP.3.WELEC;ESCAP: WB High Income Economies (WB_HIGH) (UNSDCode:98436);2003;98.0544662475586;;
SCHBSP.3.WELEC;ESCAP: WB High Income Economies (WB_HIGH) (UNSDCode:98436);2004;98.0587387084961;;
SCHBSP.3.WELEC;ESCAP: WB High Income Economies (WB_HIGH) (UNSDCode:98436);2005;98.05561828613281;;
SCHBSP.3.WELEC;ESCAP: WB High Income Economies (WB_HIGH) (UNSDCode:98436);2006;98.04898071289062;;
SCHBSP.3.WELEC;ESCAP: WB High Income Economies (WB_HIGH) (UNSDCode:98436);2007;98.0626220703125;;
SCHBSP.3.WELEC;ESCAP: WB High Income Economies (WB_HIGH) (UNSDCode:98436);2008;98.0677719116211;;
SCHBSP.3.WELEC;ESCAP: WB High Income Economies (WB_HIGH) (UNSDCode:98436);2009;98.06468963623047;;
SCHBSP.3.WELEC;ESCAP: WB High Income Economies (WB_HIGH) (UNSDCode:98436);2010;98.0617904663086;;
SCHBSP.3.WELEC;ESCAP: WB High Income Economies (WB_HIGH) (UNSDCode:98436);2011;98.0512466430664;;
SCHBSP.3.WELEC;ESCAP: WB High Income Economies (WB_HIGH) (UNSDCode:98436);2012;98.03064727783203;;
SCHBSP.3.WELEC;ESCAP: WB High Income Economies (WB_HIGH) (UNSDCode:98436);2013;98.09602355957031;;
SCHBSP.3.WELEC;ESCAP: WB High Income Economies (WB_HIGH) (UNSDCode:98436);2014;98.16358184814453;;
SCHBSP.3.WELEC;ESCAP: WB High Income Economies (WB_HIGH) (UNSDCode:98436);2015;98.2340316772461;;
SCHBSP.3.WELEC;ESCAP: WB High Income Economies (WB_HIGH) (UNSDCode:98436);2016;98.28756713867188;;
SCHBSP.3.WELEC;ESCAP: WB High Income Economies (WB_HIGH) (UNSDCode:98436);2017;98.31098937988281;;
SCHBSP.3.WELEC;ESCAP: WB High Income Economies (WB_HIGH) (UNSDCode:98436);2018;98.3968276977539;;
SCHBSP.3.WELEC;ESCAP: WB High Income Economies (WB_HIGH) (UNSDCode:98436);2019;98.51087951660156;;
SCHBSP.3.WELEC;ESCAP: WB High Income Economies (WB_HIGH) (UNSDCode:98436);2020;98.6843490600586;;
SCHBSP.3.WELEC;ESCAP: WB High Income Economies (WB_HIGH) (UNSDCode:98436);2021;98.6929931640625;;
SCHBSP.3.WELEC;ESCAP: WB High Income Economies (WB_HIGH) (UNSDCode:98436);2022;98.892578125;UIS_EST;
SCHBSP.3.WELEC;ESCAP: WB Low Income Economies (WB_LOW) (UNSDCode:98439);2014;44.65002822875977;UIS_EST;
SCHBSP.3.WELEC;ESCAP: WB Low Income Economies (WB_LOW) (UNSDCode:98439);2015;45.29576110839844;UIS_EST;
SCHBSP.3.WELEC;ESCAP: WB Low Income Economies (WB_LOW) (UNSDCode:98439);2016;46.30120849609375;UIS_EST;
SCHBSP.3.WELEC;ESCAP: WB Low Income Economies (WB_LOW) (UNSDCode:98439);2017;46.04669189453125;UIS_EST;
SCHBSP.3.WELEC;ESCAP: WB Low Income Economies (WB_LOW) (UNSDCode:98439);2018;45.1474609375;UIS_EST;
SCHBSP.3.WELEC;ESCAP: WB Low Income Economies (WB_LOW) (UNSDCode:98439);2019;44.62638092041016;UIS_EST;
SCHBSP.3.WELEC;ESCAP: WB Low Income Economies (WB_LOW) (UNSDCode:98439);2020;44.14527130126953;UIS_EST;
SCHBSP.3.WELEC;ESCAP: WB Low Income Economies (WB_LOW) (UNSDCode:98439);2021;41.84698867797852;;
SCHBSP.3.WELEC;ESCAP: WB Low Income Economies (WB_LOW) (UNSDCode:98439);2022;42.32321166992188;UIS_EST;
SCHBSP.3.WELEC;ESCAP: WB Low Income Economies (WB_LOW) (UNSDCode:98439);2023;43.43349075317383;UIS_EST;
SCHBSP.3.WELEC;ESCAP: WB Low Income Economies (WB_LOW) (UNSDCode:98439);2024;43.91804122924805;UIS_EST;
SCHBSP.3.WELEC;ESCAP: WB Lower Middle Income Economies (WB_LOWER_MID) (UNSDCode:98438);2011;80.8472671508789;UIS_EST;
SCHBSP.3.WELEC;ESCAP: WB Lower Middle Income Economies (WB_LOWER_MID) (UNSDCode:98438);2012;79.78397369384766;UIS_EST;
SCHBSP.3.WELEC;ESCAP: WB Lower Middle Income Economies (WB_LOWER_MID) (UNSDCode:98438);2013;80.91165924072266;UIS_EST;
SCHBSP.3.WELEC;ESCAP: WB Lower Middle Income Economies (WB_LOWER_MID) (UNSDCode:98438);2014;81.966796875;UIS_EST;
SCHBSP.3.WELEC;ESCAP: WB Lower Middle Income Economies (WB_LOWER_MID) (UNSDCode:98438);2015;82.9656982421875;UIS_EST;
SCHBSP.3.WELEC;ESCAP: WB Lower Middle Income Economies (WB_LOWER_MID) (UNSDCode:98438);2016;83.92662811279297;;
SCHBSP.3.WELEC;ESCAP: WB Lower Middle Income Economies (WB_LOWER_MID) (UNSDCode:98438);2017;85.00785827636719;;
SCHBSP.3.WELEC;ESCAP: WB Lower Middle Income Economies (WB_LOWER_MID) (UNSDCode:98438);2018;84.86029052734375;;
SCHBSP.3.WELEC;ESCAP: WB Lower Middle Income Economies (WB_LOWER_MID) (UNSDCode:98438);2019;85.9503173828125;;
SCHBSP.3.WELEC;ESCAP: WB Lower Middle Income Economies (WB_LOWER_MID) (UNSDCode:98438);2020;87.67408752441406;;
SCHBSP.3.WELEC;ESCAP: WB Lower Middle Income Economies (WB_LOWER_MID) (UNSDCode:98438);2021;86.41741943359375;;
SCHBSP.3.WELEC;ESCAP: WB Lower Middle Income Economies (WB_LOWER_MID) (UNSDCode:98438);2022;88.12677001953125;UIS_EST;
SCHBSP.3.WELEC;ESCAP: WB Lower Middle Income Economies (WB_LOWER_MID) (UNSDCode:98438);2023;86.9274673461914;;
SCHBSP.3.WELEC;ESCAP: WB Lower Middle Income Economies (WB_LOWER_MID) (UNSDCode:98438);2024;86.22122955322266;;
SCHBSP.3.WELEC;ESCAP: WB Upper Middle Income Economies (WB_UPPER_MID) (UNSDCode:98437);2016;99.1107177734375;UIS_EST;
SCHBSP.3.WELEC;ESCAP: WB Upper Middle Income Economies (WB_UPPER_MID) (UNSDCode:98437);2017;99.08336639404297;;
SCHBSP.3.WELEC;ESCAP: WB Upper Middle Income Economies (WB_UPPER_MID) (UNSDCode:98437);2018;99.36193084716797;;
SCHBSP.3.WELEC;ESCAP: WB Upper Middle Income Economies (WB_UPPER_MID) (UNSDCode:98437);2019;99.39730834960938;;
SCHBSP.3.WELEC;ESCAP: WB Upper Middle Income Economies (WB_UPPER_MID) (UNSDCode:98437);2020;99.47946166992188;;
SCHBSP.3.WELEC;ESCAP: WB Upper Middle Income Economies (WB_UPPER_MID) (UNSDCode:98437);2021;98.7830581665039;UIS_EST;
SCHBSP.3.WELEC;ESCAP: WB Upper Middle Income Economies (WB_UPPER_MID) (UNSDCode:98437);2022;99.54064178466797;UIS_EST;
SCHBSP.3.WELEC;ESCAP: WB Upper Middle Income Economies (WB_UPPER_MID) (UNSDCode:98437);2023;99.61843872070312;;
SCHBSP.3.WELEC;ESCAP: WB Upper Middle Income Economies (WB_UPPER_MID) (UNSDCode:98437);2024;99.74138641357422;;
SCHBSP.3.WELEC;ESCWA: All countries (UNSDCode:98500);2014;93.0218276977539;UIS_EST;
SCHBSP.3.WELEC;ESCWA: All countries (UNSDCode:98500);2015;92.64253997802734;UIS_EST;
SCHBSP.3.WELEC;ESCWA: All countries (UNSDCode:98500);2016;96.65245056152344;;
SCHBSP.3.WELEC;ESCWA: All countries (UNSDCode:98500);2017;95.7487564086914;UIS_EST;
SCHBSP.3.WELEC;ESCWA: All countries (UNSDCode:98500);2018;94.52931213378906;UIS_EST;
SCHBSP.3.WELEC;ESCWA: All countries (UNSDCode:98500);2019;93.1202392578125;UIS_EST;
SCHBSP.3.WELEC;ESCWA: All countries (UNSDCode:98500);2020;91.75018310546875;UIS_EST;
SCHBSP.3.WELEC;ESCWA: All countries (UNSDCode:98500);2021;89.05563354492188;;
SCHBSP.3.WELEC;ESCWA: All countries (UNSDCode:98500);2022;87.15982055664062;UIS_EST;
SCHBSP.3.WELEC;ESCWA: All countries (UNSDCode:98500);2023;83.60488891601562;UIS_EST;
SCHBSP.3.WELEC;ESCWA: All countries (UNSDCode:98500);2024;88.18563079833984;;
SCHBSP.3.WELEC;ESCWA: Arab LDCs subregion (UNSDCode:98505);2014;71.86878967285156;UIS_EST;
SCHBSP.3.WELEC;ESCWA: Arab LDCs subregion (UNSDCode:98505);2015;71.71054077148438;;
SCHBSP.3.WELEC;ESCWA: Arab LDCs subregion (UNSDCode:98505);2016;88.49337768554688;;
SCHBSP.3.WELEC;ESCWA: Arab LDCs subregion (UNSDCode:98505);2017;89.0435791015625;UIS_EST;
SCHBSP.3.WELEC;ESCWA: Arab Low-Income Countries (LICs) (UNSDCode:98509);2014;76.14958953857422;UIS_EST;
SCHBSP.3.WELEC;ESCWA: Arab Low-Income Countries (LICs) (UNSDCode:98509);2015;75.60874938964844;UIS_EST;
SCHBSP.3.WELEC;ESCWA: Arab Low-Income Countries (LICs) (UNSDCode:98509);2016;88.82730865478516;;
SCHBSP.3.WELEC;ESCWA: Arab Low-Income Countries (LICs) (UNSDCode:98509);2017;89.13922119140625;UIS_EST;
SCHBSP.3.WELEC;ESCWA: Arab Middle-Income Countries (MICs) (UNSDCode:98508);2010;98.34893798828125;UIS_EST;
SCHBSP.3.WELEC;ESCWA: Arab Middle-Income Countries (MICs) (UNSDCode:98508);2011;98.32652282714844;UIS_EST;
SCHBSP.3.WELEC;ESCWA: Arab Middle-Income Countries (MICs) (UNSDCode:98508);2012;98.34162902832031;UIS_EST;
SCHBSP.3.WELEC;ESCWA: Arab Middle-Income Countries (MICs) (UNSDCode:98508);2013;98.3250732421875;UIS_EST;
SCHBSP.3.WELEC;ESCWA: Arab Middle-Income Countries (MICs) (UNSDCode:98508);2014;98.31078338623047;UIS_EST;
SCHBSP.3.WELEC;ESCWA: Arab Middle-Income Countries (MICs) (UNSDCode:98508);2015;98.29168701171875;UIS_EST;
SCHBSP.3.WELEC;ESCWA: Arab Middle-Income Countries (MICs) (UNSDCode:98508);2016;98.45037078857422;UIS_EST;
SCHBSP.3.WELEC;ESCWA: Arab Middle-Income Countries (MICs) (UNSDCode:98508);2017;96.77845001220703;UIS_EST;
SCHBSP.3.WELEC;ESCWA: Arab Middle-Income Countries (MICs) (UNSDCode:98508);2018;94.77471923828125;UIS_EST;
SCHBSP.3.WELEC;ESCWA: Arab Middle-Income Countries (MICs) (UNSDCode:98508);2019;92.48992156982422;UIS_EST;
SCHBSP.3.WELEC;ESCWA: Arab Middle-Income Countries (MICs) (UNSDCode:98508);2020;90.34750366210938;UIS_EST;
SCHBSP.3.WELEC;ESCWA: Arab Middle-Income Countries (MICs) (UNSDCode:98508);2021;86.35872650146484;;
SCHBSP.3.WELEC;ESCWA: Arab Middle-Income Countries (MICs) (UNSDCode:98508);2022;83.79849243164062;UIS_EST;
SCHBSP.3.WELEC;ESCWA: Arab Middle-Income Countries (MICs) (UNSDCode:98508);2023;79.90123748779297;;
SCHBSP.3.WELEC;ESCWA: Arab Middle-Income Countries (MICs) (UNSDCode:98508);2024;84.5864028930664;;
SCHBSP.3.WELEC;ESCWA: Arab countries (UNSDCode:98501);2014;93.27155303955078;UIS_EST;
SCHBSP.3.WELEC;ESCWA: Arab countries (UNSDCode:98501);2015;92.90084838867188;UIS_EST;
SCHBSP.3.WELEC;ESCWA: Arab countries (UNSDCode:98501);2016;96.5033187866211;;
SCHBSP.3.WELEC;ESCWA: Arab countries (UNSDCode:98501);2017;95.67041015625;UIS_EST;
SCHBSP.3.WELEC;ESCWA: Arab countries (UNSDCode:98501);2018;94.55908203125;UIS_EST;
SCHBSP.3.WELEC;ESCWA: Arab countries (UNSDCode:98501);2019;93.27262878417969;UIS_EST;
SCHBSP.3.WELEC;ESCWA: Arab countries (UNSDCode:98501);2020;92.0212631225586;UIS_EST;
SCHBSP.3.WELEC;ESCWA: Arab countries (UNSDCode:98501);2021;89.51033020019531;;
SCHBSP.3.WELEC;ESCWA: Arab countries (UNSDCode:98501);2022;87.85148620605469;UIS_EST;
SCHBSP.3.WELEC;ESCWA: Arab countries (UNSDCode:98501);2023;84.94976806640625;UIS_EST;
SCHBSP.3.WELEC;ESCWA: Arab countries (UNSDCode:98501);2024;88.81275177001953;;
SCHBSP.3.WELEC;ESCWA: Arab countries in-conflict (UNSDCode:98506);2014;81.65744018554688;UIS_EST;
SCHBSP.3.WELEC;ESCWA: Arab countries in-conflict (UNSDCode:98506);2015;81.05078887939453;UIS_EST;
SCHBSP.3.WELEC;ESCWA: Arab countries in-conflict (UNSDCode:98506);2016;91.15589904785156;UIS_EST;
SCHBSP.3.WELEC;ESCWA: Arab countries in-conflict (UNSDCode:98506);2017;91.37032318115234;UIS_EST;
SCHBSP.3.WELEC;ESCWA: Arab non-conflict and non-LDC middle income countries (UNSDCode:98507);2009;99.43892669677734;UIS_EST;
SCHBSP.3.WELEC;ESCWA: Arab non-conflict and non-LDC middle income countries (UNSDCode:98507);2010;99.42220306396484;UIS_EST;
SCHBSP.3.WELEC;ESCWA: Arab non-conflict and non-LDC middle income countries (UNSDCode:98507);2011;99.41432189941406;UIS_EST;
SCHBSP.3.WELEC;ESCWA: Arab non-conflict and non-LDC middle income countries (UNSDCode:98507);2012;99.42669677734375;UIS_EST;
SCHBSP.3.WELEC;ESCWA: Arab non-conflict and non-LDC middle income countries (UNSDCode:98507);2013;99.43791198730469;UIS_EST;
SCHBSP.3.WELEC;ESCWA: Arab non-conflict and non-LDC middle income countries (UNSDCode:98507);2014;99.44802856445312;UIS_EST;
SCHBSP.3.WELEC;ESCWA: Arab non-conflict and non-LDC middle income countries (UNSDCode:98507);2015;99.45722198486328;UIS_EST;
SCHBSP.3.WELEC;ESCWA: Arab non-conflict and non-LDC middle income countries (UNSDCode:98507);2016;99.46560668945312;;
SCHBSP.3.WELEC;ESCWA: Arab non-conflict and non-LDC middle income countries (UNSDCode:98507);2017;97.29170989990234;UIS_EST;
SCHBSP.3.WELEC;ESCWA: Arab non-conflict and non-LDC middle income countries (UNSDCode:98507);2018;95.03547668457031;UIS_EST;
SCHBSP.3.WELEC;ESCWA: Arab non-conflict and non-LDC middle income countries (UNSDCode:98507);2019;92.58759307861328;UIS_EST;
SCHBSP.3.WELEC;ESCWA: Arab non-conflict and non-LDC middle income countries (UNSDCode:98507);2020;90.21154022216797;UIS_EST;
SCHBSP.3.WELEC;ESCWA: Arab non-conflict and non-LDC middle income countries (UNSDCode:98507);2021;87.58392333984375;;
SCHBSP.3.WELEC;ESCWA: Arab non-conflict and non-LDC middle income countries (UNSDCode:98507);2022;86.49726104736328;UIS_EST;
SCHBSP.3.WELEC;ESCWA: Arab non-conflict and non-LDC middle income countries (UNSDCode:98507);2023;81.74517059326172;;
SCHBSP.3.WELEC;ESCWA: Arab non-conflict and non-LDC middle income countries (UNSDCode:98507);2024;83.40361785888672;;
SCHBSP.3.WELEC;ESCWA: Gulf Cooperation Council (GCC) (UNSDCode:98502);2015;100;UIS_EST;
SCHBSP.3.WELEC;ESCWA: Gulf Cooperation Council (GCC) (UNSDCode:98502);2017;100;;
SCHBSP.3.WELEC;ESCWA: Gulf Cooperation Council (GCC) (UNSDCode:98502);2018;100;;
SCHBSP.3.WELEC;ESCWA: Gulf Cooperation Council (GCC) (UNSDCode:98502);2019;100;;
SCHBSP.3.WELEC;ESCWA: Gulf Cooperation Council (GCC) (UNSDCode:98502);2020;100;;
SCHBSP.3.WELEC;ESCWA: Gulf Cooperation Council (GCC) (UNSDCode:98502);2021;100;;
SCHBSP.3.WELEC;ESCWA: Gulf Cooperation Council (GCC) (UNSDCode:98502);2022;100;;
SCHBSP.3.WELEC;ESCWA: Gulf Cooperation Council (GCC) (UNSDCode:98502);2023;100;UIS_EST;
SCHBSP.3.WELEC;ESCWA: Gulf Cooperation Council (GCC) (UNSDCode:98502);2024;99.84219360351562;;
SCHBSP.3.WELEC;ESCWA: Maghreb subregion (UNSDCode:98504);2016;97.91889190673828;UIS_EST;
SCHBSP.3.WELEC;ESCWA: Maghreb subregion (UNSDCode:98504);2017;98.4039535522461;UIS_EST;
SCHBSP.3.WELEC;ESCWA: Maghreb subregion (UNSDCode:98504);2018;98.26685333251953;UIS_EST;
SCHBSP.3.WELEC;ESCWA: Maghreb subregion (UNSDCode:98504);2019;97.95818328857422;UIS_EST;
SCHBSP.3.WELEC;ESCWA: Maghreb subregion (UNSDCode:98504);2020;97.90511322021484;;
SCHBSP.3.WELEC;ESCWA: Maghreb subregion (UNSDCode:98504);2021;97.96761322021484;UIS_EST;
SCHBSP.3.WELEC;ESCWA: Maghreb subregion (UNSDCode:98504);2022;97.95948028564453;UIS_EST;
SCHBSP.3.WELEC;ESCWA: Maghreb subregion (UNSDCode:98504);2023;98.06295013427734;;
SCHBSP.3.WELEC;ESCWA: Maghreb subregion (UNSDCode:98504);2024;98.02018737792969;;
SCHBSP.3.WELEC;ESCWA: Mashreq subregion (UNSDCode:98503);2009;96.70556640625;UIS_EST;
SCHBSP.3.WELEC;ESCWA: Mashreq subregion (UNSDCode:98503);2010;96.64750671386719;UIS_EST;
SCHBSP.3.WELEC;ESCWA: Mashreq subregion (UNSDCode:98503);2011;96.64472198486328;UIS_EST;
SCHBSP.3.WELEC;ESCWA: Mashreq subregion (UNSDCode:98503);2012;96.86041259765625;UIS_EST;
SCHBSP.3.WELEC;ESCWA: Mashreq subregion (UNSDCode:98503);2013;97.05915069580078;UIS_EST;
SCHBSP.3.WELEC;ESCWA: Mashreq subregion (UNSDCode:98503);2014;97.23969268798828;UIS_EST;
SCHBSP.3.WELEC;ESCWA: Mashreq subregion (UNSDCode:98503);2015;97.40441131591797;UIS_EST;
SCHBSP.3.WELEC;ESCWA: Mashreq subregion (UNSDCode:98503);2016;97.60426330566406;;
SCHBSP.3.WELEC;ESCWA: Mashreq subregion (UNSDCode:98503);2017;94.85192108154297;UIS_EST;
SCHBSP.3.WELEC;ESCWA: Mashreq subregion (UNSDCode:98503);2018;92.17643737792969;UIS_EST;
SCHBSP.3.WELEC;ESCWA: Mashreq subregion (UNSDCode:98503);2019;89.3025131225586;UIS_EST;
SCHBSP.3.WELEC;ESCWA: Mashreq subregion (UNSDCode:98503);2020;86.35405731201172;UIS_EST;
SCHBSP.3.WELEC;ESCWA: Mashreq subregion (UNSDCode:98503);2021;83.2459487915039;;
SCHBSP.3.WELEC;ESCWA: Mashreq subregion (UNSDCode:98503);2022;80.88036346435547;UIS_EST;
SCHBSP.3.WELEC;ESCWA: Mashreq subregion (UNSDCode:98503);2023;74.68955993652344;;
SCHBSP.3.WELEC;ESCWA: Mashreq subregion (UNSDCode:98503);2024;78.46143341064453;;
SCHBSP.3.WELEC;ESP;2007;100;;
SCHBSP.3.WELEC;ESP;2008;100;;
SCHBSP.3.WELEC;ESP;2009;100;;
SCHBSP.3.WELEC;ESP;2010;100;;
SCHBSP.3.WELEC;ESP;2011;100;;
SCHBSP.3.WELEC;ESP;2012;100;;
SCHBSP.3.WELEC;ESP;2013;100;;
SCHBSP.3.WELEC;ESP;2014;100;;
SCHBSP.3.WELEC;ESP;2015;100;;
SCHBSP.3.WELEC;ESP;2016;100;;
SCHBSP.3.WELEC;ESP;2017;100;;
SCHBSP.3.WELEC;ESP;2018;100;;
SCHBSP.3.WELEC;ESP;2019;100;;
SCHBSP.3.WELEC;ESP;2020;100;;
SCHBSP.3.WELEC;ESP;2021;100;;
SCHBSP.3.WELEC;EST;2000;100;;
SCHBSP.3.WELEC;EST;2001;100;;
SCHBSP.3.WELEC;EST;2002;100;;
SCHBSP.3.WELEC;EST;2003;100;;
SCHBSP.3.WELEC;EST;2004;100;;
SCHBSP.3.WELEC;EST;2005;100;;
SCHBSP.3.WELEC;EST;2006;100;;
SCHBSP.3.WELEC;EST;2007;100;;
SCHBSP.3.WELEC;EST;2008;100;;
SCHBSP.3.WELEC;EST;2009;100;;
SCHBSP.3.WELEC;EST;2010;100;;
SCHBSP.3.WELEC;EST;2011;100;;
SCHBSP.3.WELEC;EST;2012;100;;
SCHBSP.3.WELEC;EST;2013;100;;
SCHBSP.3.WELEC;EST;2014;100;;
SCHBSP.3.WELEC;EST;2015;100;;
SCHBSP.3.WELEC;EST;2016;100;;
SCHBSP.3.WELEC;EST;2017;100;;
SCHBSP.3.WELEC;EST;2018;100;;
SCHBSP.3.WELEC;EST;2019;100;;
SCHBSP.3.WELEC;EST;2020;100;;
SCHBSP.3.WELEC;EST;2021;100;;
SCHBSP.3.WELEC;ETH;2020;70.44468546637745;;
SCHBSP.3.WELEC;ETH;2021;75.15081873024992;;
SCHBSP.3.WELEC;ETH;2022;69.00615692138672;;
SCHBSP.3.WELEC;FIN;2000;100;;
SCHBSP.3.WELEC;FIN;2001;100;;
SCHBSP.3.WELEC;FIN;2002;100;;
SCHBSP.3.WELEC;FIN;2003;100;;
SCHBSP.3.WELEC;FIN;2004;100;;
SCHBSP.3.WELEC;FIN;2005;100;;
SCHBSP.3.WELEC;FIN;2006;100;;
SCHBSP.3.WELEC;FIN;2007;100;;
SCHBSP.3.WELEC;FIN;2008;100;;
SCHBSP.3.WELEC;FIN;2009;100;;
SCHBSP.3.WELEC;FIN;2010;100;;
SCHBSP.3.WELEC;FIN;2011;100;;
SCHBSP.3.WELEC;FIN;2012;100;;
SCHBSP.3.WELEC;FIN;2013;100;;
SCHBSP.3.WELEC;FIN;2014;100;;
SCHBSP.3.WELEC;FIN;2015;100;;
SCHBSP.3.WELEC;FIN;2016;100;;
SCHBSP.3.WELEC;FIN;2017;100;;
SCHBSP.3.WELEC;FIN;2018;100;;
SCHBSP.3.WELEC;FIN;2019;100;;
SCHBSP.3.WELEC;FIN;2020;100;;
SCHBSP.3.WELEC;FIN;2021;100;;
SCHBSP.3.WELEC;FJI;2016;99.43502807617188;;
SCHBSP.3.WELEC;FJI;2021;97.10982658959537;;
SCHBSP.3.WELEC;FJI;2022;93.71428571428572;;
SCHBSP.3.WELEC;FJI;2023;98.29545454545455;;
SCHBSP.3.WELEC;FJI;2024;100;;
SCHBSP.3.WELEC;FRA;2000;100;;
SCHBSP.3.WELEC;FRA;2001;100;;
SCHBSP.3.WELEC;FRA;2002;100;;
SCHBSP.3.WELEC;FRA;2003;100;;
SCHBSP.3.WELEC;FRA;2004;100;;
SCHBSP.3.WELEC;FRA;2005;100;;
SCHBSP.3.WELEC;FRA;2006;100;;
SCHBSP.3.WELEC;FRA;2007;100;;
SCHBSP.3.WELEC;FRA;2008;100;;
SCHBSP.3.WELEC;FRA;2009;100;;
SCHBSP.3.WELEC;FRA;2010;100;;
SCHBSP.3.WELEC;FRA;2011;100;;
SCHBSP.3.WELEC;FRA;2012;100;;
SCHBSP.3.WELEC;FRA;2013;100;;
SCHBSP.3.WELEC;FRA;2014;100;;
SCHBSP.3.WELEC;FRA;2015;100;;
SCHBSP.3.WELEC;FRA;2016;100;;
SCHBSP.3.WELEC;FRA;2017;100;;
SCHBSP.3.WELEC;FRA;2018;100;;
SCHBSP.3.WELEC;FRA;2019;100;;
SCHBSP.3.WELEC;FRA;2020;100;;
SCHBSP.3.WELEC;FRA;2021;100;;
SCHBSP.3.WELEC;FRA;2022;100;;
SCHBSP.3.WELEC;FSM;2018;50;;
SCHBSP.3.WELEC;FSM;2019;51.42857142857142;;
SCHBSP.3.WELEC;FSM;2021;94.28571428571428;;
SCHBSP.3.WELEC;FSM;2022;94.28571428571428;;
SCHBSP.3.WELEC;FSM;2023;92.3076923076923;;
SCHBSP.3.WELEC;FSM;2024;89.47368421052632;;
SCHBSP.3.WELEC;GEO;2016;100;;
SCHBSP.3.WELEC;GEO;2017;100;;
SCHBSP.3.WELEC;GEO;2018;100;;
SCHBSP.3.WELEC;GEO;2019;100;;
SCHBSP.3.WELEC;GEO;2020;100;;
SCHBSP.3.WELEC;GEO;2021;100;;
SCHBSP.3.WELEC;GEO;2022;97.98387096774194;;
SCHBSP.3.WELEC;GEO;2023;100;;
SCHBSP.3.WELEC;GEO;2024;100;;
SCHBSP.3.WELEC;GHA;2017;80.4524886877828;;
SCHBSP.3.WELEC;GHA;2018;78.59103385178408;;
SCHBSP.3.WELEC;GHA;2019;75.63261480787254;;
SCHBSP.3.WELEC;GHA;2020;92.4586776859504;;
SCHBSP.3.WELEC;GIB;2016;100;;
SCHBSP.3.WELEC;GIB;2017;100;;
SCHBSP.3.WELEC;GIB;2019;100;;
SCHBSP.3.WELEC;GIB;2020;100;;
SCHBSP.3.WELEC;GIB;2021;100;;
SCHBSP.3.WELEC;GIB;2022;100;;
SCHBSP.3.WELEC;GIB;2023;100;;
SCHBSP.3.WELEC;GIB;2024;100;;
SCHBSP.3.WELEC;GIN;2013;53.30947875976563;;
SCHBSP.3.WELEC;GMB;2014;63.43283582089553;;
SCHBSP.3.WELEC;GMB;2015;68.27586206896552;;
SCHBSP.3.WELEC;GMB;2016;74.375;;
SCHBSP.3.WELEC;GMB;2017;66.08187134502924;;
SCHBSP.3.WELEC;GMB;2018;59.70149253731343;;
SCHBSP.3.WELEC;GMB;2019;59.70149253731343;;
SCHBSP.3.WELEC;GMB;2020;59.70149253731343;;
SCHBSP.3.WELEC;GMB;2021;66.66666666666666;;
SCHBSP.3.WELEC;GMB;2022;72.97297297297297;;
SCHBSP.3.WELEC;GMB;2023;75.52742616033755;;
SCHBSP.3.WELEC;GMB;2024;76.171875;;
SCHBSP.3.WELEC;GMB;2025;79.47761194029852;;
SCHBSP.3.WELEC;GPE: East Asia & Pacific WB FY24, December 2024;2016;95.67418670654297;UIS_EST;
SCHBSP.3.WELEC;GPE: East Asia & Pacific WB FY24, December 2024;2017;94.393310546875;;
SCHBSP.3.WELEC;GPE: East Asia & Pacific WB FY24, December 2024;2018;94.73889923095703;;
SCHBSP.3.WELEC;GPE: East Asia & Pacific WB FY24, December 2024;2019;95.51673126220703;UIS_EST;
SCHBSP.3.WELEC;GPE: East Asia & Pacific WB FY24, December 2024;2020;95.9510498046875;UIS_EST;
SCHBSP.3.WELEC;GPE: East Asia & Pacific WB FY24, December 2024;2021;95.73552703857422;UIS_EST;
SCHBSP.3.WELEC;GPE: East Asia & Pacific WB FY24, December 2024;2022;95.73059844970703;UIS_EST;
SCHBSP.3.WELEC;GPE: East Asia & Pacific WB FY24, December 2024;2023;95.71797943115234;;
SCHBSP.3.WELEC;GPE: East Asia & Pacific WB FY24, December 2024;2024;95.89600372314453;;
SCHBSP.3.WELEC;GPE: Europe & Central Asia WB FY24, December 2024;2015;99.61460876464844;UIS_EST;
SCHBSP.3.WELEC;GPE: Europe & Central Asia WB FY24, December 2024;2016;99.59819030761719;;
SCHBSP.3.WELEC;GPE: Europe & Central Asia WB FY24, December 2024;2017;99.60469055175781;;
SCHBSP.3.WELEC;GPE: Europe & Central Asia WB FY24, December 2024;2018;99.66314697265625;;
SCHBSP.3.WELEC;GPE: Europe & Central Asia WB FY24, December 2024;2019;99.6744613647461;;
SCHBSP.3.WELEC;GPE: Europe & Central Asia WB FY24, December 2024;2020;99.9217529296875;;
SCHBSP.3.WELEC;GPE: Europe & Central Asia WB FY24, December 2024;2021;99.91951751708984;;
SCHBSP.3.WELEC;GPE: Europe & Central Asia WB FY24, December 2024;2022;99.19953918457031;UIS_EST;
SCHBSP.3.WELEC;GPE: Europe & Central Asia WB FY24, December 2024;2023;99.13548278808594;UIS_EST;
SCHBSP.3.WELEC;GPE: Europe & Central Asia WB FY24, December 2024;2024;99.32222747802734;;
SCHBSP.3.WELEC;GPE: Fragile or Conflict-affected countries (FCAC) FY24, December 2024;2014;54.08874893188477;UIS_EST;
SCHBSP.3.WELEC;GPE: Fragile or Conflict-affected countries (FCAC) FY24, December 2024;2015;54.21794891357422;UIS_EST;
SCHBSP.3.WELEC;GPE: Fragile or Conflict-affected countries (FCAC) FY24, December 2024;2016;54.52795028686523;UIS_EST;
SCHBSP.3.WELEC;GPE: Fragile or Conflict-affected countries (FCAC) FY24, December 2024;2017;54.25522994995117;UIS_EST;
SCHBSP.3.WELEC;GPE: Fragile or Conflict-affected countries (FCAC) FY24, December 2024;2018;53.53115081787109;UIS_EST;
SCHBSP.3.WELEC;GPE: Fragile or Conflict-affected countries (FCAC) FY24, December 2024;2019;52.93696975708008;UIS_EST;
SCHBSP.3.WELEC;GPE: Fragile or Conflict-affected countries (FCAC) FY24, December 2024;2020;52.21818923950195;UIS_EST;
SCHBSP.3.WELEC;GPE: Fragile or Conflict-affected countries (FCAC) FY24, December 2024;2021;50.56378173828125;UIS_EST;
SCHBSP.3.WELEC;GPE: Fragile or Conflict-affected countries (FCAC) FY24, December 2024;2022;49.603759765625;UIS_EST;
SCHBSP.3.WELEC;GPE: Fragile or Conflict-affected countries (FCAC) FY24, December 2024;2023;48.66147994995117;UIS_EST;
SCHBSP.3.WELEC;GPE: Fragile or Conflict-affected countries (FCAC) FY24, December 2024;2024;47.92078018188477;UIS_EST;
SCHBSP.3.WELEC;GPE: High income WB FY24, December 2024;2022;100;UIS_EST;
SCHBSP.3.WELEC;GPE: High income WB FY24, December 2024;2023;100;;
SCHBSP.3.WELEC;GPE: High income WB FY24, December 2024;2024;100;UIS_EST;
SCHBSP.3.WELEC;GPE: Latin America & Caribbean WB FY24, December 2024;2009;83.609130859375;UIS_EST;
SCHBSP.3.WELEC;GPE: Latin America & Caribbean WB FY24, December 2024;2010;83.99153900146484;UIS_EST;
SCHBSP.3.WELEC;GPE: Latin America & Caribbean WB FY24, December 2024;2016;79.96349334716797;UIS_EST;
SCHBSP.3.WELEC;GPE: Latin America & Caribbean WB FY24, December 2024;2017;79.60466766357422;UIS_EST;
SCHBSP.3.WELEC;GPE: Latin America & Caribbean WB FY24, December 2024;2018;79.73567962646484;UIS_EST;
SCHBSP.3.WELEC;GPE: Latin America & Caribbean WB FY24, December 2024;2019;79.91796112060547;UIS_EST;
SCHBSP.3.WELEC;GPE: Latin America & Caribbean WB FY24, December 2024;2020;79.23837280273438;UIS_EST;
SCHBSP.3.WELEC;GPE: Low income WB FY24, December 2024;2014;38.51507186889648;UIS_EST;
SCHBSP.3.WELEC;GPE: Low income WB FY24, December 2024;2015;39.47645950317383;UIS_EST;
SCHBSP.3.WELEC;GPE: Low income WB FY24, December 2024;2016;40.81021881103516;UIS_EST;
SCHBSP.3.WELEC;GPE: Low income WB FY24, December 2024;2017;40.63346099853516;UIS_EST;
SCHBSP.3.WELEC;GPE: Low income WB FY24, December 2024;2018;39.78918838500977;UIS_EST;
SCHBSP.3.WELEC;GPE: Low income WB FY24, December 2024;2019;39.49945068359375;UIS_EST;
SCHBSP.3.WELEC;GPE: Low income WB FY24, December 2024;2020;39.10784912109375;UIS_EST;
SCHBSP.3.WELEC;GPE: Low income WB FY24, December 2024;2021;36.93378829956055;;
SCHBSP.3.WELEC;GPE: Low income WB FY24, December 2024;2022;37.52880096435547;UIS_EST;
SCHBSP.3.WELEC;GPE: Low income WB FY24, December 2024;2023;38.76467132568359;;
SCHBSP.3.WELEC;GPE: Low income WB FY24, December 2024;2024;39.12897109985352;UIS_EST;
SCHBSP.3.WELEC;GPE: Lower middle Income WB FY24, December 2024;2015;73.23426818847656;UIS_EST;
SCHBSP.3.WELEC;GPE: Lower middle Income WB FY24, December 2024;2016;74.41520690917969;UIS_EST;
SCHBSP.3.WELEC;GPE: Lower middle Income WB FY24, December 2024;2017;75.1658935546875;UIS_EST;
SCHBSP.3.WELEC;GPE: Lower middle Income WB FY24, December 2024;2018;74.76582336425781;UIS_EST;
SCHBSP.3.WELEC;GPE: Lower middle Income WB FY24, December 2024;2019;74.8430404663086;UIS_EST;
SCHBSP.3.WELEC;GPE: Lower middle Income WB FY24, December 2024;2020;74.51795959472656;UIS_EST;
SCHBSP.3.WELEC;GPE: Lower middle Income WB FY24, December 2024;2021;74.31761932373047;UIS_EST;
SCHBSP.3.WELEC;GPE: Lower middle Income WB FY24, December 2024;2022;74.14608764648438;UIS_EST;
SCHBSP.3.WELEC;GPE: Lower middle Income WB FY24, December 2024;2023;72.55719757080078;UIS_EST;
SCHBSP.3.WELEC;GPE: Lower middle Income WB FY24, December 2024;2024;71.52655029296875;;
SCHBSP.3.WELEC;GPE: Middle East & North Africa WB FY24, December 2024;2009;98.2181625366211;UIS_EST;
SCHBSP.3.WELEC;GPE: Middle East & North Africa WB FY24, December 2024;2010;98.2205581665039;UIS_EST;
SCHBSP.3.WELEC;GPE: Middle East & North Africa WB FY24, December 2024;2011;98.26058959960938;UIS_EST;
SCHBSP.3.WELEC;GPE: Middle East & North Africa WB FY24, December 2024;2012;97.49893951416016;UIS_EST;
SCHBSP.3.WELEC;GPE: Middle East & North Africa WB FY24, December 2024;2013;96.85855865478516;UIS_EST;
SCHBSP.3.WELEC;GPE: Middle East & North Africa WB FY24, December 2024;2014;96.31690216064453;UIS_EST;
SCHBSP.3.WELEC;GPE: Middle East & North Africa WB FY24, December 2024;2015;95.85115814208984;UIS_EST;
SCHBSP.3.WELEC;GPE: Middle East & North Africa WB FY24, December 2024;2016;95.44642639160156;;
SCHBSP.3.WELEC;GPE: Middle East & North Africa WB FY24, December 2024;2017;92.44535827636719;UIS_EST;
SCHBSP.3.WELEC;GPE: Middle East & North Africa WB FY24, December 2024;2018;89.39491271972656;UIS_EST;
SCHBSP.3.WELEC;GPE: Middle East & North Africa WB FY24, December 2024;2019;86.34538269042969;UIS_EST;
SCHBSP.3.WELEC;GPE: Middle East & North Africa WB FY24, December 2024;2020;83.22383880615234;UIS_EST;
SCHBSP.3.WELEC;GPE: Middle East & North Africa WB FY24, December 2024;2021;79.91900634765625;;
SCHBSP.3.WELEC;GPE: Middle East & North Africa WB FY24, December 2024;2022;76.67829132080078;UIS_EST;
SCHBSP.3.WELEC;GPE: Middle East & North Africa WB FY24, December 2024;2023;70.50476837158203;;
SCHBSP.3.WELEC;GPE: Middle East & North Africa WB FY24, December 2024;2024;74.50711822509766;;
SCHBSP.3.WELEC;GPE: Non Fragile & non Conflict-affected countries (NON-FCAC) FY24, December 2024;2011;81.76258087158203;UIS_EST;
SCHBSP.3.WELEC;GPE: Non Fragile & non Conflict-affected countries (NON-FCAC) FY24, December 2024;2012;81.8858413696289;UIS_EST;
SCHBSP.3.WELEC;GPE: Non Fragile & non Conflict-affected countries (NON-FCAC) FY24, December 2024;2013;83.69950866699219;UIS_EST;
SCHBSP.3.WELEC;GPE: Non Fragile & non Conflict-affected countries (NON-FCAC) FY24, December 2024;2014;85.48262023925781;UIS_EST;
SCHBSP.3.WELEC;GPE: Non Fragile & non Conflict-affected countries (NON-FCAC) FY24, December 2024;2015;87.2246322631836;UIS_EST;
SCHBSP.3.WELEC;GPE: Non Fragile & non Conflict-affected countries (NON-FCAC) FY24, December 2024;2016;89.04007720947266;UIS_EST;
SCHBSP.3.WELEC;GPE: Non Fragile & non Conflict-affected countries (NON-FCAC) FY24, December 2024;2017;89.55683135986328;;
SCHBSP.3.WELEC;GPE: Non Fragile & non Conflict-affected countries (NON-FCAC) FY24, December 2024;2018;89.56938934326172;;
SCHBSP.3.WELEC;GPE: Non Fragile & non Conflict-affected countries (NON-FCAC) FY24, December 2024;2019;89.18241119384766;UIS_EST;
SCHBSP.3.WELEC;GPE: Non Fragile & non Conflict-affected countries (NON-FCAC) FY24, December 2024;2020;89.71932983398438;UIS_EST;
SCHBSP.3.WELEC;GPE: Non Fragile & non Conflict-affected countries (NON-FCAC) FY24, December 2024;2021;89.79409790039062;UIS_EST;
SCHBSP.3.WELEC;GPE: Non Fragile & non Conflict-affected countries (NON-FCAC) FY24, December 2024;2022;89.61871337890625;UIS_EST;
SCHBSP.3.WELEC;GPE: Non Fragile & non Conflict-affected countries (NON-FCAC) FY24, December 2024;2023;89.61820220947266;UIS_EST;
SCHBSP.3.WELEC;GPE: Non Fragile & non Conflict-affected countries (NON-FCAC) FY24, December 2024;2024;90.68338012695312;;
SCHBSP.3.WELEC;GPE: Overall FY24, all 90 countries, December 2024;2015;70.13516998291016;UIS_EST;
SCHBSP.3.WELEC;GPE: Overall FY24, all 90 countries, December 2024;2016;71.03440856933594;UIS_EST;
SCHBSP.3.WELEC;GPE: Overall FY24, all 90 countries, December 2024;2017;71.45114135742188;UIS_EST;
SCHBSP.3.WELEC;GPE: Overall FY24, all 90 countries, December 2024;2018;70.9630126953125;UIS_EST;
SCHBSP.3.WELEC;GPE: Overall FY24, all 90 countries, December 2024;2019;70.5196762084961;UIS_EST;
SCHBSP.3.WELEC;GPE: Overall FY24, all 90 countries, December 2024;2020;69.83538818359375;UIS_EST;
SCHBSP.3.WELEC;GPE: Overall FY24, all 90 countries, December 2024;2021;68.57482147216797;UIS_EST;
SCHBSP.3.WELEC;GPE: Overall FY24, all 90 countries, December 2024;2022;68.22509765625;UIS_EST;
SCHBSP.3.WELEC;GPE: Overall FY24, all 90 countries, December 2024;2023;67.6922378540039;UIS_EST;
SCHBSP.3.WELEC;GPE: Overall FY24, all 90 countries, December 2024;2024;66.90306091308594;UIS_EST;
SCHBSP.3.WELEC;GPE: Region 1;2012;72.5892105102539;UIS_EST;
SCHBSP.3.WELEC;GPE: Region 1;2013;74.8702392578125;UIS_EST;
SCHBSP.3.WELEC;GPE: Region 1;2014;76.78839111328125;UIS_EST;
SCHBSP.3.WELEC;GPE: Region 1;2015;78.30254364013672;UIS_EST;
SCHBSP.3.WELEC;GPE: Region 1;2016;82.72486114501953;UIS_EST;
SCHBSP.3.WELEC;GPE: Region 1;2017;81.91390228271484;UIS_EST;
SCHBSP.3.WELEC;GPE: Region 1;2018;79.19937133789062;UIS_EST;
SCHBSP.3.WELEC;GPE: Region 1;2019;77.58946228027344;UIS_EST;
SCHBSP.3.WELEC;GPE: Region 1;2020;76.63604736328125;UIS_EST;
SCHBSP.3.WELEC;GPE: Region 1;2021;77.78218841552734;UIS_EST;
SCHBSP.3.WELEC;GPE: Region 1;2022;76.28855895996094;UIS_EST;
SCHBSP.3.WELEC;GPE: Region 1;2023;74.8181381225586;UIS_EST;
SCHBSP.3.WELEC;GPE: Region 1;2024;75.80564880371094;UIS_EST;
SCHBSP.3.WELEC;GPE: Region 2;2014;47.50345993041992;UIS_EST;
SCHBSP.3.WELEC;GPE: Region 2;2015;48.09635925292969;UIS_EST;
SCHBSP.3.WELEC;GPE: Region 2;2016;47.79130935668945;UIS_EST;
SCHBSP.3.WELEC;GPE: Region 2;2017;47.06819152832031;UIS_EST;
SCHBSP.3.WELEC;GPE: Region 2;2018;46.21041870117188;UIS_EST;
SCHBSP.3.WELEC;GPE: Region 2;2019;44.91965103149414;UIS_EST;
SCHBSP.3.WELEC;GPE: Region 2;2020;44.27175140380859;UIS_EST;
SCHBSP.3.WELEC;GPE: Region 2;2021;43.11135101318359;UIS_EST;
SCHBSP.3.WELEC;GPE: Region 2;2022;44.22745132446289;UIS_EST;
SCHBSP.3.WELEC;GPE: Region 2;2023;45.73585891723633;UIS_EST;
SCHBSP.3.WELEC;GPE: Region 2;2024;43.87881088256836;UIS_EST;
SCHBSP.3.WELEC;GPE: Region 3;2015;75.52632141113281;UIS_EST;
SCHBSP.3.WELEC;GPE: Region 3;2016;76.19744110107422;UIS_EST;
SCHBSP.3.WELEC;GPE: Region 3;2017;77.71914672851562;UIS_EST;
SCHBSP.3.WELEC;GPE: Region 3;2018;78.05635070800781;;
SCHBSP.3.WELEC;GPE: Region 3;2019;78.41007995605469;UIS_EST;
SCHBSP.3.WELEC;GPE: Region 3;2020;78.30081176757812;UIS_EST;
SCHBSP.3.WELEC;GPE: Region 3;2021;77.60513305664062;UIS_EST;
SCHBSP.3.WELEC;GPE: Region 3;2022;77.33338928222656;UIS_EST;
SCHBSP.3.WELEC;GPE: Region 3;2023;75.75592803955078;UIS_EST;
SCHBSP.3.WELEC;GPE: Region 3;2024;74.1529312133789;;
SCHBSP.3.WELEC;GPE: Small island and landlocked developing states, December 2024;2015;97.40579986572266;UIS_EST;
SCHBSP.3.WELEC;GPE: Small island and landlocked developing states, December 2024;2016;97.31741333007812;;
SCHBSP.3.WELEC;GPE: Small island and landlocked developing states, December 2024;2017;98.23747253417969;;
SCHBSP.3.WELEC;GPE: Small island and landlocked developing states, December 2024;2018;98.9614486694336;;
SCHBSP.3.WELEC;GPE: Small island and landlocked developing states, December 2024;2019;98.93866729736328;;
SCHBSP.3.WELEC;GPE: Small island and landlocked developing states, December 2024;2020;98.71714782714844;UIS_EST;
SCHBSP.3.WELEC;GPE: Small island and landlocked developing states, December 2024;2021;98.64507293701172;UIS_EST;
SCHBSP.3.WELEC;GPE: Small island and landlocked developing states, December 2024;2022;98.50924682617188;;
SCHBSP.3.WELEC;GPE: Small island and landlocked developing states, December 2024;2023;98.2560806274414;;
SCHBSP.3.WELEC;GPE: Small island and landlocked developing states, December 2024;2024;98.28562927246094;UIS_EST;
SCHBSP.3.WELEC;GPE: South Asia WB FY24, December 2024;2011;52.54306030273438;UIS_EST;
SCHBSP.3.WELEC;GPE: South Asia WB FY24, December 2024;2012;50.15856170654297;UIS_EST;
SCHBSP.3.WELEC;GPE: South Asia WB FY24, December 2024;2013;52.27437973022461;UIS_EST;
SCHBSP.3.WELEC;GPE: South Asia WB FY24, December 2024;2014;54.37166976928711;UIS_EST;
SCHBSP.3.WELEC;GPE: South Asia WB FY24, December 2024;2015;56.45162963867188;UIS_EST;
SCHBSP.3.WELEC;GPE: South Asia WB FY24, December 2024;2016;58.51448059082031;UIS_EST;
SCHBSP.3.WELEC;GPE: South Asia WB FY24, December 2024;2017;61.39236068725586;UIS_EST;
SCHBSP.3.WELEC;GPE: South Asia WB FY24, December 2024;2018;62.08032989501953;UIS_EST;
SCHBSP.3.WELEC;GPE: South Asia WB FY24, December 2024;2019;63.49052047729492;UIS_EST;
SCHBSP.3.WELEC;GPE: South Asia WB FY24, December 2024;2020;63.16476821899414;UIS_EST;
SCHBSP.3.WELEC;GPE: South Asia WB FY24, December 2024;2021;62.86589050292969;UIS_EST;
SCHBSP.3.WELEC;GPE: South Asia WB FY24, December 2024;2022;62.59468078613281;UIS_EST;
SCHBSP.3.WELEC;GPE: South Asia WB FY24, December 2024;2023;59.9445915222168;UIS_EST;
SCHBSP.3.WELEC;GPE: South Asia WB FY24, December 2024;2024;57.90510940551758;;
SCHBSP.3.WELEC;GPE: Sub-Saharan Africa WB FY24, December 2024;2014;55.81809997558594;UIS_EST;
SCHBSP.3.WELEC;GPE: Sub-Saharan Africa WB FY24, December 2024;2015;57.02280044555664;UIS_EST;
SCHBSP.3.WELEC;GPE: Sub-Saharan Africa WB FY24, December 2024;2016;58.55974960327148;UIS_EST;
SCHBSP.3.WELEC;GPE: Sub-Saharan Africa WB FY24, December 2024;2017;57.88185119628906;UIS_EST;
SCHBSP.3.WELEC;GPE: Sub-Saharan Africa WB FY24, December 2024;2018;56.47053909301758;UIS_EST;
SCHBSP.3.WELEC;GPE: Sub-Saharan Africa WB FY24, December 2024;2019;55.14400100708008;UIS_EST;
SCHBSP.3.WELEC;GPE: Sub-Saharan Africa WB FY24, December 2024;2020;54.31264877319336;UIS_EST;
SCHBSP.3.WELEC;GPE: Sub-Saharan Africa WB FY24, December 2024;2021;53.45351028442383;UIS_EST;
SCHBSP.3.WELEC;GPE: Sub-Saharan Africa WB FY24, December 2024;2022;53.98252105712891;UIS_EST;
SCHBSP.3.WELEC;GPE: Sub-Saharan Africa WB FY24, December 2024;2023;55.07162094116211;UIS_EST;
SCHBSP.3.WELEC;GPE: Sub-Saharan Africa WB FY24, December 2024;2024;54.24499893188477;UIS_EST;
SCHBSP.3.WELEC;GPE: Upper middle Income WB FY24, December 2024;2016;96.5328598022461;UIS_EST;
SCHBSP.3.WELEC;GPE: Upper middle Income WB FY24, December 2024;2017;96.49990844726562;;
SCHBSP.3.WELEC;GPE: Upper middle Income WB FY24, December 2024;2018;97.17237854003906;;
SCHBSP.3.WELEC;GPE: Upper middle Income WB FY24, December 2024;2019;97.22113037109375;UIS_EST;
SCHBSP.3.WELEC;GPE: Upper middle Income WB FY24, December 2024;2020;97.24994659423828;UIS_EST;
SCHBSP.3.WELEC;GPE: Upper middle Income WB FY24, December 2024;2021;97.2273178100586;UIS_EST;
SCHBSP.3.WELEC;GPE: Upper middle Income WB FY24, December 2024;2022;97.08262634277344;UIS_EST;
SCHBSP.3.WELEC;GPE: Upper middle Income WB FY24, December 2024;2023;95.78412628173828;;
SCHBSP.3.WELEC;GPE: Upper middle Income WB FY24, December 2024;2024;97.86543273925781;;
SCHBSP.3.WELEC;GRD;2010;100;;
SCHBSP.3.WELEC;GRD;2017;100;;
SCHBSP.3.WELEC;GRD;2018;100;;
SCHBSP.3.WELEC;GRD;2020;100;;
SCHBSP.3.WELEC;GRD;2022;100;;
SCHBSP.3.WELEC;GRD;2023;100;;
SCHBSP.3.WELEC;GRD;2024;100;;
SCHBSP.3.WELEC;GUY;2023;100;;
SCHBSP.3.WELEC;GUY;2024;76.92307692307693;;
SCHBSP.3.WELEC;HKG;2012;100;;
SCHBSP.3.WELEC;HKG;2016;100;;
SCHBSP.3.WELEC;HKG;2017;100;;
SCHBSP.3.WELEC;HKG;2018;100;;
SCHBSP.3.WELEC;HKG;2019;100;;
SCHBSP.3.WELEC;HKG;2020;100;;
SCHBSP.3.WELEC;HKG;2021;100;;
SCHBSP.3.WELEC;HKG;2022;100;;
SCHBSP.3.WELEC;HKG;2023;100;;
SCHBSP.3.WELEC;HKG;2024;100;;
SCHBSP.3.WELEC;HND;2016;72.54901960784314;;
SCHBSP.3.WELEC;HND;2019;78.3410138248848;;
SCHBSP.3.WELEC;HUN;2000;100;;
SCHBSP.3.WELEC;HUN;2001;100;;
SCHBSP.3.WELEC;HUN;2002;100;;
SCHBSP.3.WELEC;HUN;2003;100;;
SCHBSP.3.WELEC;HUN;2004;100;;
SCHBSP.3.WELEC;HUN;2005;100;;
SCHBSP.3.WELEC;HUN;2006;100;;
SCHBSP.3.WELEC;HUN;2007;100;;
SCHBSP.3.WELEC;HUN;2008;100;;
SCHBSP.3.WELEC;HUN;2009;100;;
SCHBSP.3.WELEC;HUN;2010;100;;
SCHBSP.3.WELEC;HUN;2011;100;;
SCHBSP.3.WELEC;HUN;2012;100;;
SCHBSP.3.WELEC;HUN;2013;100;;
SCHBSP.3.WELEC;HUN;2014;100;;
SCHBSP.3.WELEC;HUN;2015;100;;
SCHBSP.3.WELEC;HUN;2016;100;;
SCHBSP.3.WELEC;HUN;2019;78.34101104736328;;
SCHBSP.3.WELEC;IDN;2017;97.86340549896433;;
SCHBSP.3.WELEC;IDN;2018;98.68531799316406;;
SCHBSP.3.WELEC;IDN;2020;98.16926345609065;;
SCHBSP.3.WELEC;IDN;2021;99.34151665891278;;
SCHBSP.3.WELEC;IDN;2022;99.61355739913493;;
SCHBSP.3.WELEC;IDN;2023;99.37574524794837;;
SCHBSP.3.WELEC;IDN;2024;99.79449669104842;;
SCHBSP.3.WELEC;IDN;2025;99.4347361527591;;
SCHBSP.3.WELEC;IND;2012;86.71843519713703;;
SCHBSP.3.WELEC;IND;2016;88.9573040928626;;
SCHBSP.3.WELEC;IND;2017;89.94798963631129;;
SCHBSP.3.WELEC;IND;2018;90.07645327123336;;
SCHBSP.3.WELEC;IND;2019;92.30129999821673;;
SCHBSP.3.WELEC;IND;2020;95.53857858587843;;
SCHBSP.3.WELEC;IND;2021;93.492208353633;;
SCHBSP.3.WELEC;IND;2022;96.8478743383985;;
SCHBSP.3.WELEC;IND;2023;96.48307133606771;;
SCHBSP.3.WELEC;IND;2024;96.1893787310476;;
SCHBSP.3.WELEC;IRN;2012;100;;
SCHBSP.3.WELEC;ISR;2000;100;;
SCHBSP.3.WELEC;ISR;2001;100;;
SCHBSP.3.WELEC;ISR;2002;100;;
SCHBSP.3.WELEC;ISR;2003;100;;
SCHBSP.3.WELEC;ISR;2004;100;;
SCHBSP.3.WELEC;ISR;2005;100;;
SCHBSP.3.WELEC;ISR;2006;100;;
SCHBSP.3.WELEC;ISR;2007;100;;
SCHBSP.3.WELEC;ISR;2008;100;;
SCHBSP.3.WELEC;ISR;2009;100;;
SCHBSP.3.WELEC;ISR;2010;100;;
SCHBSP.3.WELEC;ISR;2011;100;;
SCHBSP.3.WELEC;ISR;2016;100;;
SCHBSP.3.WELEC;ISR;2017;100;;
SCHBSP.3.WELEC;ISR;2018;100;;
SCHBSP.3.WELEC;ISR;2019;100;;
SCHBSP.3.WELEC;ISR;2020;100;;
SCHBSP.3.WELEC;ITA;2000;100;;
SCHBSP.3.WELEC;ITA;2001;100;;
SCHBSP.3.WELEC;ITA;2002;100;;
SCHBSP.3.WELEC;ITA;2003;100;;
SCHBSP.3.WELEC;ITA;2004;100;;
SCHBSP.3.WELEC;ITA;2005;100;;
SCHBSP.3.WELEC;ITA;2006;100;;
SCHBSP.3.WELEC;ITA;2007;100;;
SCHBSP.3.WELEC;ITA;2008;100;;
SCHBSP.3.WELEC;ITA;2009;100;;
SCHBSP.3.WELEC;ITA;2010;100;;
SCHBSP.3.WELEC;ITA;2011;100;;
SCHBSP.3.WELEC;ITA;2012;100;;
SCHBSP.3.WELEC;ITA;2013;100;;
SCHBSP.3.WELEC;ITA;2014;100;;
SCHBSP.3.WELEC;ITA;2015;100;;
SCHBSP.3.WELEC;ITA;2016;100;;
SCHBSP.3.WELEC;JAM;2010;100;;
SCHBSP.3.WELEC;JAM;2016;100;;
SCHBSP.3.WELEC;JAM;2017;100;;
SCHBSP.3.WELEC;JAM;2018;100;;
SCHBSP.3.WELEC;JAM;2019;100;;
SCHBSP.3.WELEC;JAM;2021;100;;
SCHBSP.3.WELEC;JAM;2022;100;;
SCHBSP.3.WELEC;JAM;2023;100;;
SCHBSP.3.WELEC;JOR;2011;99.93074792243767;;
SCHBSP.3.WELEC;JOR;2017;100;;
SCHBSP.3.WELEC;JOR;2018;100;;
SCHBSP.3.WELEC;JOR;2019;100;;
SCHBSP.3.WELEC;JOR;2020;100;;
SCHBSP.3.WELEC;JOR;2021;100;;
SCHBSP.3.WELEC;JOR;2022;100;;
SCHBSP.3.WELEC;JOR;2023;100;;
SCHBSP.3.WELEC;JOR;2024;100;;
SCHBSP.3.WELEC;KAZ;2017;100;;
SCHBSP.3.WELEC;KAZ;2018;100;;
SCHBSP.3.WELEC;KAZ;2019;100;;
SCHBSP.3.WELEC;KAZ;2020;100;;
SCHBSP.3.WELEC;KEN;2023;91.48876666355925;;
SCHBSP.3.WELEC;KGZ;2016;100;;
SCHBSP.3.WELEC;KGZ;2017;100;;
SCHBSP.3.WELEC;KGZ;2018;100;;
SCHBSP.3.WELEC;KGZ;2019;100;;
SCHBSP.3.WELEC;KGZ;2020;100;;
SCHBSP.3.WELEC;KGZ;2021;100;;
SCHBSP.3.WELEC;KGZ;2022;100;;
SCHBSP.3.WELEC;KGZ;2023;100;;
SCHBSP.3.WELEC;KGZ;2024;100;;
SCHBSP.3.WELEC;KGZ;2025;100;;
SCHBSP.3.WELEC;KHM;2021;96.38989169675091;;
SCHBSP.3.WELEC;KHM;2022;99.46332737030411;;
SCHBSP.3.WELEC;KHM;2023;99.29947460595446;;
SCHBSP.3.WELEC;KHM;2024;99.48364888123923;;
SCHBSP.3.WELEC;KIR;2020;94.73684210526315;;
SCHBSP.3.WELEC;KIR;2021;100;;
SCHBSP.3.WELEC;KIR;2022;100;;
SCHBSP.3.WELEC;KIR;2023;100;;
SCHBSP.3.WELEC;KIR;2024;100;;
SCHBSP.3.WELEC;KNA;2010;100;;
SCHBSP.3.WELEC;KNA;2014;100;;
SCHBSP.3.WELEC;KNA;2015;100;;
SCHBSP.3.WELEC;KNA;2016;100;;
SCHBSP.3.WELEC;KNA;2017;100;;
SCHBSP.3.WELEC;KNA;2018;100;;
SCHBSP.3.WELEC;KNA;2019;100;;
SCHBSP.3.WELEC;KNA;2020;100;;
SCHBSP.3.WELEC;KNA;2021;100;;
SCHBSP.3.WELEC;KNA;2022;100;;
SCHBSP.3.WELEC;KNA;2023;100;;
SCHBSP.3.WELEC;KNA;2024;100;;
SCHBSP.3.WELEC;KOR;2000;100;;
SCHBSP.3.WELEC;KOR;2001;100;;
SCHBSP.3.WELEC;KOR;2002;100;;
SCHBSP.3.WELEC;KOR;2003;100;;
SCHBSP.3.WELEC;KOR;2004;100;;
SCHBSP.3.WELEC;KOR;2005;100;;
SCHBSP.3.WELEC;KOR;2006;100;;
SCHBSP.3.WELEC;KOR;2007;100;;
SCHBSP.3.WELEC;KOR;2008;100;;
SCHBSP.3.WELEC;KOR;2009;100;;
SCHBSP.3.WELEC;KOR;2010;100;;
SCHBSP.3.WELEC;KOR;2011;100;;
SCHBSP.3.WELEC;KOR;2012;100;;
SCHBSP.3.WELEC;KOR;2013;100;;
SCHBSP.3.WELEC;KOR;2014;100;;
SCHBSP.3.WELEC;KOR;2015;100;;
SCHBSP.3.WELEC;KOR;2016;100;;
SCHBSP.3.WELEC;KOR;2017;100;;
SCHBSP.3.WELEC;KOR;2018;100;;
SCHBSP.3.WELEC;KOR;2019;100;;
SCHBSP.3.WELEC;KOR;2020;100;;
SCHBSP.3.WELEC;KOR;2021;100;;
SCHBSP.3.WELEC;KOR;2022;100;;
SCHBSP.3.WELEC;KWT;2016;100;;
SCHBSP.3.WELEC;KWT;2017;100;;
SCHBSP.3.WELEC;KWT;2018;100;;
SCHBSP.3.WELEC;KWT;2019;100;;
SCHBSP.3.WELEC;KWT;2020;100;;
SCHBSP.3.WELEC;KWT;2021;100;;
SCHBSP.3.WELEC;LAO;2012;73.58834244080145;;
SCHBSP.3.WELEC;LAO;2016;89.02900378310214;;
SCHBSP.3.WELEC;LAO;2019;93.04446978335234;;
SCHBSP.3.WELEC;LAO;2020;94.73684210526315;;
SCHBSP.3.WELEC;LAO;2021;95.5981941309255;;
SCHBSP.3.WELEC;LAO;2022;95.82850521436849;;
SCHBSP.3.WELEC;LBN;2016;100;;
SCHBSP.3.WELEC;LBN;2017;100;;
SCHBSP.3.WELEC;LBN;2018;100;;
SCHBSP.3.WELEC;LBN;2019;100;;
SCHBSP.3.WELEC;LBN;2020;100;;
SCHBSP.3.WELEC;LBN;2021;100;;
SCHBSP.3.WELEC;LBN;2022;100;;
SCHBSP.3.WELEC;LBN;2023;100;;
SCHBSP.3.WELEC;LBN;2024;100;;
SCHBSP.3.WELEC;LBR;2016;45.78125;;
SCHBSP.3.WELEC;LBR;2017;33.12401883830455;;
SCHBSP.3.WELEC;LBR;2020;43.16939890710383;;
SCHBSP.3.WELEC;LBR;2021;48.80829015544042;;
SCHBSP.3.WELEC;LBR;2022;48.16602316602317;;
SCHBSP.3.WELEC;LCA;2010;100;;
SCHBSP.3.WELEC;LCA;2017;100;;
SCHBSP.3.WELEC;LCA;2018;100;;
SCHBSP.3.WELEC;LCA;2019;100;;
SCHBSP.3.WELEC;LCA;2020;100;;
SCHBSP.3.WELEC;LCA;2022;100;;
SCHBSP.3.WELEC;LCA;2023;100;;
SCHBSP.3.WELEC;LKA;2016;96.94861660079052;;
SCHBSP.3.WELEC;LKA;2017;94.45479962721342;;
SCHBSP.3.WELEC;LKA;2018;96.59511472982976;;
SCHBSP.3.WELEC;LKA;2019;95.14952067534698;;
SCHBSP.3.WELEC;LKA;2020;96.37893196781273;;
SCHBSP.3.WELEC;LKA;2021;99.90433673469387;;
SCHBSP.3.WELEC;LKA;2022;99.92726214722141;;
SCHBSP.3.WELEC;LKA;2023;99.95213020584012;;
SCHBSP.3.WELEC;LSO;2013;100;;
SCHBSP.3.WELEC;LTU;2017;100;;
SCHBSP.3.WELEC;LTU;2018;100;;
SCHBSP.3.WELEC;LTU;2019;100;;
SCHBSP.3.WELEC;LTU;2020;100;;
SCHBSP.3.WELEC;LTU;2021;100;;
SCHBSP.3.WELEC;LTU;2022;100;;
SCHBSP.3.WELEC;LTU;2023;100;;
SCHBSP.3.WELEC;LUX;2012;100;;
SCHBSP.3.WELEC;LUX;2013;100;;
SCHBSP.3.WELEC;LUX;2014;100;;
SCHBSP.3.WELEC;LUX;2015;100;;
SCHBSP.3.WELEC;LUX;2016;100;;
SCHBSP.3.WELEC;LUX;2017;100;;
SCHBSP.3.WELEC;LUX;2018;100;;
SCHBSP.3.WELEC;LUX;2019;100;;
SCHBSP.3.WELEC;LUX;2021;100;;
SCHBSP.3.WELEC;LVA;2016;100;;
SCHBSP.3.WELEC;MAC;2016;100;;
SCHBSP.3.WELEC;MAC;2017;100;;
SCHBSP.3.WELEC;MAC;2018;100;;
SCHBSP.3.WELEC;MAC;2019;100;;
SCHBSP.3.WELEC;MAC;2020;100;;
SCHBSP.3.WELEC;MAC;2021;100;;
SCHBSP.3.WELEC;MAC;2022;100;;
SCHBSP.3.WELEC;MAC;2023;100;;
SCHBSP.3.WELEC;MAC;2024;100;;
SCHBSP.3.WELEC;MAR;2016;97.30176211453745;;
SCHBSP.3.WELEC;MAR;2017;98.94328989080662;;
SCHBSP.3.WELEC;MAR;2018;99.04542462146149;;
SCHBSP.3.WELEC;MAR;2019;98.64779874213836;;
SCHBSP.3.WELEC;MAR;2020;98.94323671497585;;
SCHBSP.3.WELEC;MAR;2021;99.12866686029625;;
SCHBSP.3.WELEC;MAR;2022;98.96590273896031;;
SCHBSP.3.WELEC;MAR;2023;98.93500819224468;;
SCHBSP.3.WELEC;MAR;2024;98.81671701913393;;
SCHBSP.3.WELEC;MCO;2016;100;;
SCHBSP.3.WELEC;MCO;2017;100;;
SCHBSP.3.WELEC;MCO;2018;100;;
SCHBSP.3.WELEC;MCO;2019;100;;
SCHBSP.3.WELEC;MCO;2020;100;;
SCHBSP.3.WELEC;MCO;2021;100;;
SCHBSP.3.WELEC;MCO;2022;100;;
SCHBSP.3.WELEC;MCO;2023;100;;
SCHBSP.3.WELEC;MCO;2024;100;;
SCHBSP.3.WELEC;MDA;2016;100;;
SCHBSP.3.WELEC;MDA;2017;100;;
SCHBSP.3.WELEC;MDA;2018;100;;
SCHBSP.3.WELEC;MDA;2019;100;;
SCHBSP.3.WELEC;MDG;2016;65.36823272705078;;
SCHBSP.3.WELEC;MDG;2017;64.64932126696833;;
SCHBSP.3.WELEC;MDG;2018;51.85185185185185;;
SCHBSP.3.WELEC;MDG;2019;55.14631685166499;;
SCHBSP.3.WELEC;MDG;2022;65.50286607608129;;
SCHBSP.3.WELEC;MDG;2023;66.97916666666667;;
SCHBSP.3.WELEC;MDG;2024;65.77338975082276;;
SCHBSP.3.WELEC;MDG: Caribbean;2009;84.4569320678711;UIS_EST;
SCHBSP.3.WELEC;MDG: Caribbean;2010;84.93926239013672;UIS_EST;
SCHBSP.3.WELEC;MDG: Caribbean;2016;84.91549682617188;UIS_EST;
SCHBSP.3.WELEC;MDG: Caribbean;2017;84.86949157714844;UIS_EST;
SCHBSP.3.WELEC;MDG: Caribbean;2018;84.89399719238281;UIS_EST;
SCHBSP.3.WELEC;MDG: Caribbean;2019;84.96822357177734;UIS_EST;
SCHBSP.3.WELEC;MDG: Caribbean;2021;84.9458236694336;UIS_EST;
SCHBSP.3.WELEC;MDG: Caribbean;2022;85.01232147216797;;
SCHBSP.3.WELEC;MDG: Caribbean;2023;87.25682067871094;;
SCHBSP.3.WELEC;MDG: Caribbean;2024;87.28909301757812;UIS_EST;
SCHBSP.3.WELEC;MDG: Caucasus and Central Asia;2015;99.8561019897461;UIS_EST;
SCHBSP.3.WELEC;MDG: Caucasus and Central Asia;2016;99.85118103027344;UIS_EST;
SCHBSP.3.WELEC;MDG: Caucasus and Central Asia;2017;99.87066650390625;;
SCHBSP.3.WELEC;MDG: Caucasus and Central Asia;2018;99.89275360107422;;
SCHBSP.3.WELEC;MDG: Caucasus and Central Asia;2019;99.88243103027344;;
SCHBSP.3.WELEC;MDG: Caucasus and Central Asia;2020;99.904296875;;
SCHBSP.3.WELEC;MDG: Caucasus and Central Asia;2021;99.9017333984375;UIS_EST;
SCHBSP.3.WELEC;MDG: Caucasus and Central Asia;2022;99.73697662353516;UIS_EST;
SCHBSP.3.WELEC;MDG: Caucasus and Central Asia;2023;99.96394348144531;UIS_EST;
SCHBSP.3.WELEC;MDG: Caucasus and Central Asia;2024;100;;
SCHBSP.3.WELEC;MDG: Developed regions;2006;99.68840789794922;UIS_EST;
SCHBSP.3.WELEC;MDG: Developed regions;2007;99.68942260742188;UIS_EST;
SCHBSP.3.WELEC;MDG: Developed regions;2008;99.68937683105469;UIS_EST;
SCHBSP.3.WELEC;MDG: Developed regions;2009;99.68905639648438;UIS_EST;
SCHBSP.3.WELEC;MDG: Developed regions;2010;99.68798828125;UIS_EST;
SCHBSP.3.WELEC;MDG: Developed regions;2011;99.6827621459961;UIS_EST;
SCHBSP.3.WELEC;MDG: Developed regions;2012;99.68103790283203;UIS_EST;
SCHBSP.3.WELEC;MDG: Developed regions;2013;99.68800354003906;UIS_EST;
SCHBSP.3.WELEC;MDG: Developed regions;2014;99.69364166259766;UIS_EST;
SCHBSP.3.WELEC;MDG: Developed regions;2015;99.70101928710938;;
SCHBSP.3.WELEC;MDG: Developed regions;2016;99.70604705810547;UIS_EST;
SCHBSP.3.WELEC;MDG: Developed regions;2017;99.61347198486328;UIS_EST;
SCHBSP.3.WELEC;MDG: Developed regions;2018;99.50321960449219;UIS_EST;
SCHBSP.3.WELEC;MDG: Developed regions;2019;99.34842681884766;;
SCHBSP.3.WELEC;MDG: Developed regions;2020;99.43939971923828;UIS_EST;
SCHBSP.3.WELEC;MDG: Developed regions;2021;99.43958282470703;UIS_EST;
SCHBSP.3.WELEC;MDG: Developed regions;2022;99.38374328613281;UIS_EST;
SCHBSP.3.WELEC;MDG: Developing regions;2011;81.9387435913086;UIS_EST;
SCHBSP.3.WELEC;MDG: Developing regions;2012;81.21479034423828;UIS_EST;
SCHBSP.3.WELEC;MDG: Developing regions;2013;81.82823944091797;UIS_EST;
SCHBSP.3.WELEC;MDG: Developing regions;2014;82.42790222167969;UIS_EST;
SCHBSP.3.WELEC;MDG: Developing regions;2015;82.94074249267578;UIS_EST;
SCHBSP.3.WELEC;MDG: Developing regions;2016;83.58158874511719;UIS_EST;
SCHBSP.3.WELEC;MDG: Developing regions;2017;84.23098754882812;;
SCHBSP.3.WELEC;MDG: Developing regions;2018;83.96797943115234;;
SCHBSP.3.WELEC;MDG: Developing regions;2019;84.44037628173828;;
SCHBSP.3.WELEC;MDG: Developing regions;2020;85.22718811035156;;
SCHBSP.3.WELEC;MDG: Developing regions;2021;83.73760986328125;;
SCHBSP.3.WELEC;MDG: Developing regions;2022;84.70037841796875;UIS_EST;
SCHBSP.3.WELEC;MDG: Developing regions;2023;84.38044738769531;UIS_EST;
SCHBSP.3.WELEC;MDG: Developing regions;2024;83.99346160888672;;
SCHBSP.3.WELEC;MDG: Eastern Asia;2016;98.74849700927734;UIS_EST;
SCHBSP.3.WELEC;MDG: Eastern Asia;2017;98.84272003173828;;
SCHBSP.3.WELEC;MDG: Eastern Asia;2018;98.90630340576172;;
SCHBSP.3.WELEC;MDG: Eastern Asia;2019;98.95942687988281;;
SCHBSP.3.WELEC;MDG: Eastern Asia;2020;99.06603240966797;;
SCHBSP.3.WELEC;MDG: Eastern Asia;2021;96.80989837646484;;
SCHBSP.3.WELEC;MDG: Eastern Asia;2022;99.18419647216797;;
SCHBSP.3.WELEC;MDG: Eastern Asia;2023;99.2567367553711;;
SCHBSP.3.WELEC;MDG: Eastern Asia;2024;99.25894165039062;;
SCHBSP.3.WELEC;MDG: Eastern Asia (excluding China);2011;95.99093627929688;UIS_EST;
SCHBSP.3.WELEC;MDG: Eastern Asia (excluding China);2012;95.992431640625;UIS_EST;
SCHBSP.3.WELEC;MDG: Eastern Asia (excluding China);2013;96.13948059082031;UIS_EST;
SCHBSP.3.WELEC;MDG: Eastern Asia (excluding China);2014;96.27754974365234;UIS_EST;
SCHBSP.3.WELEC;MDG: Eastern Asia (excluding China);2015;96.41780853271484;UIS_EST;
SCHBSP.3.WELEC;MDG: Eastern Asia (excluding China);2016;96.52987670898438;UIS_EST;
SCHBSP.3.WELEC;MDG: Eastern Asia (excluding China);2017;96.67118835449219;UIS_EST;
SCHBSP.3.WELEC;MDG: Eastern Asia (excluding China);2018;96.93740844726562;UIS_EST;
SCHBSP.3.WELEC;MDG: Eastern Asia (excluding China);2019;97.21037292480469;UIS_EST;
SCHBSP.3.WELEC;MDG: Eastern Asia (excluding China);2020;97.62808227539062;UIS_EST;
SCHBSP.3.WELEC;MDG: Eastern Asia (excluding China);2021;97.70137023925781;UIS_EST;
SCHBSP.3.WELEC;MDG: Eastern Asia (excluding China);2022;98.14106750488281;UIS_EST;
SCHBSP.3.WELEC;MDG: Eastern Asia (excluding China);2023;98.47888946533203;UIS_EST;
SCHBSP.3.WELEC;MDG: Latin America;2009;91.57395935058594;UIS_EST;
SCHBSP.3.WELEC;MDG: Latin America;2010;91.83783721923828;UIS_EST;
SCHBSP.3.WELEC;MDG: Latin America;2011;91.46727752685547;UIS_EST;
SCHBSP.3.WELEC;MDG: Latin America;2012;90.85594940185547;UIS_EST;
SCHBSP.3.WELEC;MDG: Latin America;2013;90.54694366455078;UIS_EST;
SCHBSP.3.WELEC;MDG: Latin America;2014;90.25698852539062;UIS_EST;
SCHBSP.3.WELEC;MDG: Latin America;2015;89.99761199951172;UIS_EST;
SCHBSP.3.WELEC;MDG: Latin America;2016;89.79920959472656;UIS_EST;
SCHBSP.3.WELEC;MDG: Latin America;2017;89.55313110351562;;
SCHBSP.3.WELEC;MDG: Latin America;2018;89.21347045898438;UIS_EST;
SCHBSP.3.WELEC;MDG: Latin America;2019;89.50630950927734;UIS_EST;
SCHBSP.3.WELEC;MDG: Latin America;2020;88.6672134399414;UIS_EST;
SCHBSP.3.WELEC;MDG: Latin America;2021;87.55682373046875;UIS_EST;
SCHBSP.3.WELEC;MDG: Latin America;2022;86.98892974853516;UIS_EST;
SCHBSP.3.WELEC;MDG: Latin America;2023;89.1356201171875;UIS_EST;
SCHBSP.3.WELEC;MDG: Latin America and the Caribbean;2009;91.29402160644531;UIS_EST;
SCHBSP.3.WELEC;MDG: Latin America and the Caribbean;2010;91.57363891601562;UIS_EST;
SCHBSP.3.WELEC;MDG: Latin America and the Caribbean;2011;91.15667724609375;UIS_EST;
SCHBSP.3.WELEC;MDG: Latin America and the Caribbean;2012;90.5863037109375;UIS_EST;
SCHBSP.3.WELEC;MDG: Latin America and the Caribbean;2013;90.304931640625;UIS_EST;
SCHBSP.3.WELEC;MDG: Latin America and the Caribbean;2014;90.041748046875;UIS_EST;
SCHBSP.3.WELEC;MDG: Latin America and the Caribbean;2015;89.80590057373047;UIS_EST;
SCHBSP.3.WELEC;MDG: Latin America and the Caribbean;2016;89.62590026855469;UIS_EST;
SCHBSP.3.WELEC;MDG: Latin America and the Caribbean;2017;89.39218139648438;UIS_EST;
SCHBSP.3.WELEC;MDG: Latin America and the Caribbean;2018;89.06926727294922;UIS_EST;
SCHBSP.3.WELEC;MDG: Latin America and the Caribbean;2019;89.36215209960938;UIS_EST;
SCHBSP.3.WELEC;MDG: Latin America and the Caribbean;2020;88.5385513305664;UIS_EST;
SCHBSP.3.WELEC;MDG: Latin America and the Caribbean;2021;87.46685028076172;UIS_EST;
SCHBSP.3.WELEC;MDG: Latin America and the Caribbean;2022;86.92298126220703;UIS_EST;
SCHBSP.3.WELEC;MDG: Latin America and the Caribbean;2023;89.07734680175781;UIS_EST;
SCHBSP.3.WELEC;MDG: Northern Africa;2009;98.63362884521484;UIS_EST;
SCHBSP.3.WELEC;MDG: Northern Africa;2010;98.61604309082031;UIS_EST;
SCHBSP.3.WELEC;MDG: Northern Africa;2011;98.66523742675781;UIS_EST;
SCHBSP.3.WELEC;MDG: Northern Africa;2012;98.69962310791016;UIS_EST;
SCHBSP.3.WELEC;MDG: Northern Africa;2013;98.73011779785156;UIS_EST;
SCHBSP.3.WELEC;MDG: Northern Africa;2014;98.75724792480469;UIS_EST;
SCHBSP.3.WELEC;MDG: Northern Africa;2015;98.7729263305664;UIS_EST;
SCHBSP.3.WELEC;MDG: Northern Africa;2016;98.97049713134766;;
SCHBSP.3.WELEC;MDG: Northern Africa;2017;96.77619171142578;UIS_EST;
SCHBSP.3.WELEC;MDG: Northern Africa;2018;94.34735107421875;UIS_EST;
SCHBSP.3.WELEC;MDG: Northern Africa;2019;91.73838806152344;UIS_EST;
SCHBSP.3.WELEC;MDG: Northern Africa;2020;89.20025634765625;UIS_EST;
SCHBSP.3.WELEC;MDG: Northern Africa;2021;86.50198364257812;;
SCHBSP.3.WELEC;MDG: Northern Africa;2022;85.17569732666016;UIS_EST;
SCHBSP.3.WELEC;MDG: Northern Africa;2023;80.68923950195312;;
SCHBSP.3.WELEC;MDG: Northern Africa;2024;82.05744171142578;;
SCHBSP.3.WELEC;MDG: Oceania;2015;92.0846176147461;UIS_EST;
SCHBSP.3.WELEC;MDG: Oceania;2016;91.21395111083984;UIS_EST;
SCHBSP.3.WELEC;MDG: Oceania;2017;94.74918365478516;UIS_EST;
SCHBSP.3.WELEC;MDG: Oceania;2018;93.85115814208984;UIS_EST;
SCHBSP.3.WELEC;MDG: Oceania;2019;93.93701171875;UIS_EST;
SCHBSP.3.WELEC;MDG: Oceania;2020;92.77481842041016;UIS_EST;
SCHBSP.3.WELEC;MDG: Oceania;2021;91.44477081298828;UIS_EST;
SCHBSP.3.WELEC;MDG: Oceania;2022;89.78600311279297;UIS_EST;
SCHBSP.3.WELEC;MDG: Oceania;2023;88.07958221435547;UIS_EST;
SCHBSP.3.WELEC;MDG: Oceania;2024;88.01985931396484;UIS_EST;
SCHBSP.3.WELEC;MDG: South-eastern Asia;2015;96.53605651855469;UIS_EST;
SCHBSP.3.WELEC;MDG: South-eastern Asia;2016;96.46138763427734;UIS_EST;
SCHBSP.3.WELEC;MDG: South-eastern Asia;2017;95.2872314453125;;
SCHBSP.3.WELEC;MDG: South-eastern Asia;2018;95.53399658203125;;
SCHBSP.3.WELEC;MDG: South-eastern Asia;2019;96.22557830810547;UIS_EST;
SCHBSP.3.WELEC;MDG: South-eastern Asia;2020;96.64968872070312;UIS_EST;
SCHBSP.3.WELEC;MDG: South-eastern Asia;2021;96.54988861083984;UIS_EST;
SCHBSP.3.WELEC;MDG: South-eastern Asia;2022;96.56842041015625;UIS_EST;
SCHBSP.3.WELEC;MDG: South-eastern Asia;2023;96.58319854736328;;
SCHBSP.3.WELEC;MDG: South-eastern Asia;2024;96.60282897949219;;
SCHBSP.3.WELEC;MDG: Southern Asia;2011;77.75080871582031;UIS_EST;
SCHBSP.3.WELEC;MDG: Southern Asia;2012;76.36984252929688;;
SCHBSP.3.WELEC;MDG: Southern Asia;2013;78.00749969482422;UIS_EST;
SCHBSP.3.WELEC;MDG: Southern Asia;2014;79.48023986816406;UIS_EST;
SCHBSP.3.WELEC;MDG: Southern Asia;2015;80.82662200927734;UIS_EST;
SCHBSP.3.WELEC;MDG: Southern Asia;2016;82.07398986816406;;
SCHBSP.3.WELEC;MDG: Southern Asia;2017;83.9522705078125;;
SCHBSP.3.WELEC;MDG: Southern Asia;2018;84.0984115600586;;
SCHBSP.3.WELEC;MDG: Southern Asia;2019;85.64665222167969;;
SCHBSP.3.WELEC;MDG: Southern Asia;2020;87.95806121826172;;
SCHBSP.3.WELEC;MDG: Southern Asia;2021;86.39375305175781;;
SCHBSP.3.WELEC;MDG: Southern Asia;2022;88.58731842041016;;
SCHBSP.3.WELEC;MDG: Southern Asia;2023;87.17440795898438;;
SCHBSP.3.WELEC;MDG: Southern Asia;2024;86.0008773803711;;
SCHBSP.3.WELEC;MDG: Southern Asia (excluding India);2011;66.63462829589844;UIS_EST;
SCHBSP.3.WELEC;MDG: Southern Asia (excluding India);2012;63.0665283203125;UIS_EST;
SCHBSP.3.WELEC;MDG: Southern Asia (excluding India);2013;64.10887908935547;UIS_EST;
SCHBSP.3.WELEC;MDG: Southern Asia (excluding India);2015;66.31263732910156;UIS_EST;
SCHBSP.3.WELEC;MDG: Southern Asia (excluding India);2016;67.47178649902344;UIS_EST;
SCHBSP.3.WELEC;MDG: Southern Asia (excluding India);2017;70.0802230834961;UIS_EST;
SCHBSP.3.WELEC;MDG: Southern Asia (excluding India);2018;69.54515075683594;UIS_EST;
SCHBSP.3.WELEC;MDG: Southern Asia (excluding India);2019;69.45594024658203;UIS_EST;
SCHBSP.3.WELEC;MDG: Southern Asia (excluding India);2020;69.22477722167969;UIS_EST;
SCHBSP.3.WELEC;MDG: Southern Asia (excluding India);2021;68.84613037109375;UIS_EST;
SCHBSP.3.WELEC;MDG: Southern Asia (excluding India);2022;68.49407958984375;UIS_EST;
SCHBSP.3.WELEC;MDG: Southern Asia (excluding India);2023;65.83901977539062;UIS_EST;
SCHBSP.3.WELEC;MDG: Southern Asia (excluding India);2024;63.68547821044922;;
SCHBSP.3.WELEC;MDG: Sub-Saharan Africa;2014;57.37228012084961;UIS_EST;
SCHBSP.3.WELEC;MDG: Sub-Saharan Africa;2015;58.43888092041016;UIS_EST;
SCHBSP.3.WELEC;MDG: Sub-Saharan Africa;2016;59.83121109008789;UIS_EST;
SCHBSP.3.WELEC;MDG: Sub-Saharan Africa;2017;59.13780975341797;UIS_EST;
SCHBSP.3.WELEC;MDG: Sub-Saharan Africa;2018;57.62054824829102;UIS_EST;
SCHBSP.3.WELEC;MDG: Sub-Saharan Africa;2019;56.46440887451172;UIS_EST;
SCHBSP.3.WELEC;MDG: Sub-Saharan Africa;2020;55.48886871337891;UIS_EST;
SCHBSP.3.WELEC;MDG: Sub-Saharan Africa;2021;54.57271957397461;UIS_EST;
SCHBSP.3.WELEC;MDG: Sub-Saharan Africa;2022;55.03858184814453;UIS_EST;
SCHBSP.3.WELEC;MDG: Sub-Saharan Africa;2023;55.98289108276367;UIS_EST;
SCHBSP.3.WELEC;MDG: Sub-Saharan Africa;2024;55.18730926513672;UIS_EST;
SCHBSP.3.WELEC;MDG: Western Asia;2011;97.8037109375;UIS_EST;
SCHBSP.3.WELEC;MDG: Western Asia;2012;97.4952621459961;UIS_EST;
SCHBSP.3.WELEC;MDG: Western Asia;2013;97.28070068359375;UIS_EST;
SCHBSP.3.WELEC;MDG: Western Asia;2014;97.05933380126953;UIS_EST;
SCHBSP.3.WELEC;MDG: Western Asia;2015;96.52925872802734;UIS_EST;
SCHBSP.3.WELEC;MDG: Western Asia;2016;96.4893798828125;;
SCHBSP.3.WELEC;MDG: Western Asia;2017;96.58244323730469;;
SCHBSP.3.WELEC;MDG: Western Asia;2018;96.72779083251953;;
SCHBSP.3.WELEC;MDG: Western Asia;2019;96.83419036865234;;
SCHBSP.3.WELEC;MDG: Western Asia;2020;96.91230010986328;;
SCHBSP.3.WELEC;MDG: Western Asia;2021;96.9429931640625;;
SCHBSP.3.WELEC;MDG: Western Asia;2022;96.88249969482422;;
SCHBSP.3.WELEC;MDG: Western Asia;2023;97.0981674194336;UIS_EST;
SCHBSP.3.WELEC;MDG: Western Asia;2024;97.34001922607422;UIS_EST;
SCHBSP.3.WELEC;MDG: World;2011;85.54640197753906;UIS_EST;
SCHBSP.3.WELEC;MDG: World;2012;84.96011352539062;UIS_EST;
SCHBSP.3.WELEC;MDG: World;2013;85.29979705810547;UIS_EST;
SCHBSP.3.WELEC;MDG: World;2014;85.62798309326172;UIS_EST;
SCHBSP.3.WELEC;MDG: World;2015;85.91767883300781;UIS_EST;
SCHBSP.3.WELEC;MDG: World;2016;86.33780670166016;UIS_EST;
SCHBSP.3.WELEC;MDG: World;2017;86.83280181884766;;
SCHBSP.3.WELEC;MDG: World;2018;86.54924011230469;UIS_EST;
SCHBSP.3.WELEC;MDG: World;2019;86.87967681884766;;
SCHBSP.3.WELEC;MDG: World;2020;87.53154754638672;UIS_EST;
SCHBSP.3.WELEC;MDG: World;2021;86.23512268066406;UIS_EST;
SCHBSP.3.WELEC;MDG: World;2022;86.98802947998047;UIS_EST;
SCHBSP.3.WELEC;MDG: World;2023;86.62770080566406;UIS_EST;
SCHBSP.3.WELEC;MDG: World;2024;86.27911376953125;UIS_EST;
SCHBSP.3.WELEC;MDV;2012;100;;
SCHBSP.3.WELEC;MDV;2016;100;;
SCHBSP.3.WELEC;MDV;2017;100;;
SCHBSP.3.WELEC;MDV;2018;100;;
SCHBSP.3.WELEC;MDV;2019;100;;
SCHBSP.3.WELEC;MDV;2023;100;;
SCHBSP.3.WELEC;MDV;2024;100;;
SCHBSP.3.WELEC;MEX;2016;89.24690246582031;;
SCHBSP.3.WELEC;MEX;2021;86.20540618896484;;
SCHBSP.3.WELEC;MHL;2016;47.05882352941176;;
SCHBSP.3.WELEC;MHL;2019;100;;
SCHBSP.3.WELEC;MHL;2020;94.44444444444444;;
SCHBSP.3.WELEC;MHL;2021;100;;
SCHBSP.3.WELEC;MHL;2022;100;;
SCHBSP.3.WELEC;MHL;2023;100;;
SCHBSP.3.WELEC;MLI;2023;97.65784114052953;;
SCHBSP.3.WELEC;MMR;2016;65.68540954589844;;
SCHBSP.3.WELEC;MMR;2017;68.66116333007812;;
SCHBSP.3.WELEC;MMR;2018;74.177490234375;;
SCHBSP.3.WELEC;MNG;2010;100;;
SCHBSP.3.WELEC;MNG;2011;100;;
SCHBSP.3.WELEC;MNG;2012;100;;
SCHBSP.3.WELEC;MNG;2014;100;;
SCHBSP.3.WELEC;MNG;2015;100;;
SCHBSP.3.WELEC;MNG;2016;100;;
SCHBSP.3.WELEC;MNG;2017;100;;
SCHBSP.3.WELEC;MNG;2018;100;;
SCHBSP.3.WELEC;MNG;2019;100;;
SCHBSP.3.WELEC;MNG;2020;100;;
SCHBSP.3.WELEC;MNG;2021;100;;
SCHBSP.3.WELEC;MNG;2022;100;;
SCHBSP.3.WELEC;MNG;2023;100;;
SCHBSP.3.WELEC;MNG;2024;100;;
SCHBSP.3.WELEC;MRT;2016;81.63265306122449;;
SCHBSP.3.WELEC;MRT;2017;88.11475409836066;;
SCHBSP.3.WELEC;MRT;2018;79.33579335793358;;
SCHBSP.3.WELEC;MRT;2020;64;;
SCHBSP.3.WELEC;MSR;2010;100;;
SCHBSP.3.WELEC;MSR;2012;100;;
SCHBSP.3.WELEC;MSR;2013;100;;
SCHBSP.3.WELEC;MSR;2014;100;;
SCHBSP.3.WELEC;MSR;2015;100;;
SCHBSP.3.WELEC;MSR;2016;100;;
SCHBSP.3.WELEC;MSR;2017;100;;
SCHBSP.3.WELEC;MSR;2018;100;;
SCHBSP.3.WELEC;MSR;2019;100;;
SCHBSP.3.WELEC;MSR;2020;100;;
SCHBSP.3.WELEC;MSR;2021;100;;
SCHBSP.3.WELEC;MSR;2022;100;;
SCHBSP.3.WELEC;MSR;2023;100;;
SCHBSP.3.WELEC;MSR;2024;100;;
SCHBSP.3.WELEC;MUS;2013;100;;
SCHBSP.3.WELEC;MUS;2014;100;;
SCHBSP.3.WELEC;MUS;2015;100;;
SCHBSP.3.WELEC;MUS;2016;100;;
SCHBSP.3.WELEC;MUS;2017;100;;
SCHBSP.3.WELEC;MUS;2018;100;;
SCHBSP.3.WELEC;MUS;2020;100;;
SCHBSP.3.WELEC;MUS;2021;100;;
SCHBSP.3.WELEC;MUS;2023;100;;
SCHBSP.3.WELEC;MUS;2024;100;;
SCHBSP.3.WELEC;MWI;2016;59.48446794448117;;
SCHBSP.3.WELEC;MWI;2017;74.69879518072288;;
SCHBSP.3.WELEC;MWI;2018;67.83310901749664;;
SCHBSP.3.WELEC;MWI;2019;68.93939393939394;;
SCHBSP.3.WELEC;MWI;2020;73.02543507362785;;
SCHBSP.3.WELEC;MWI;2021;72.44094488188976;;
SCHBSP.3.WELEC;MWI;2022;71.98757763975155;;
SCHBSP.3.WELEC;MWI;2023;82.01803833145435;;
SCHBSP.3.WELEC;MYS;2011;100;;
SCHBSP.3.WELEC;MYS;2016;100;;
SCHBSP.3.WELEC;MYS;2017;100;;
SCHBSP.3.WELEC;MYS;2018;100;;
SCHBSP.3.WELEC;MYS;2019;100;;
SCHBSP.3.WELEC;MYS;2020;100;;
SCHBSP.3.WELEC;MYS;2021;100;;
SCHBSP.3.WELEC;MYS;2022;100;;
SCHBSP.3.WELEC;MYS;2023;100;;
SCHBSP.3.WELEC;MYS;2024;100;;
SCHBSP.3.WELEC;NAM;2014;93.58288770053476;;
SCHBSP.3.WELEC;NAM;2015;96.8586387434555;;
SCHBSP.3.WELEC;NAM;2016;98.98989898989899;;
SCHBSP.3.WELEC;NAM;2017;99.50738916256158;;
SCHBSP.3.WELEC;NAM;2018;99.51219512195122;;
SCHBSP.3.WELEC;NAM;2019;99.53271028037383;;
SCHBSP.3.WELEC;NAM;2020;95.6268221574344;;
SCHBSP.3.WELEC;NAM;2021;94.41489361702128;;
SCHBSP.3.WELEC;NAM;2022;98.13829787234043;;
SCHBSP.3.WELEC;NAM;2023;99.4949494949495;;
SCHBSP.3.WELEC;NAM;2024;97.91666666666666;;
SCHBSP.3.WELEC;NER;2013;76.5873015873016;;
SCHBSP.3.WELEC;NER;2016;68.62745098039215;;
SCHBSP.3.WELEC;NER;2019;66.14035087719297;;
SCHBSP.3.WELEC;NER;2021;66.48575305291723;;
SCHBSP.3.WELEC;NER;2023;74.50980392156863;;
SCHBSP.3.WELEC;NER;2024;77.87769784172663;;
SCHBSP.3.WELEC;NIC;2010;70.56910705566406;;
SCHBSP.3.WELEC;NIC;2022;48.63047027587891;;
SCHBSP.3.WELEC;NIU;2016;100;;
SCHBSP.3.WELEC;NIU;2019;100;;
SCHBSP.3.WELEC;NIU;2020;100;;
SCHBSP.3.WELEC;NIU;2021;100;;
SCHBSP.3.WELEC;NIU;2022;100;;
SCHBSP.3.WELEC;NIU;2023;100;;
SCHBSP.3.WELEC;NIU;2024;100;;
SCHBSP.3.WELEC;NIU;2025;100;;
SCHBSP.3.WELEC;NLD;2000;100;;
SCHBSP.3.WELEC;NLD;2001;100;;
SCHBSP.3.WELEC;NLD;2002;100;;
SCHBSP.3.WELEC;NLD;2003;100;;
SCHBSP.3.WELEC;NLD;2004;100;;
SCHBSP.3.WELEC;NLD;2005;100;;
SCHBSP.3.WELEC;NLD;2006;100;;
SCHBSP.3.WELEC;NLD;2007;100;;
SCHBSP.3.WELEC;NLD;2008;100;;
SCHBSP.3.WELEC;NLD;2009;100;;
SCHBSP.3.WELEC;NLD;2010;100;;
SCHBSP.3.WELEC;NLD;2011;100;;
SCHBSP.3.WELEC;NLD;2012;100;;
SCHBSP.3.WELEC;NLD;2013;100;;
SCHBSP.3.WELEC;NLD;2014;100;;
SCHBSP.3.WELEC;NLD;2015;100;;
SCHBSP.3.WELEC;NLD;2016;100;;
SCHBSP.3.WELEC;NLD;2017;100;;
SCHBSP.3.WELEC;NLD;2018;100;;
SCHBSP.3.WELEC;NLD;2019;100;;
SCHBSP.3.WELEC;NLD;2020;100;;
SCHBSP.3.WELEC;NLD;2021;100;;
SCHBSP.3.WELEC;NLD;2022;100;;
SCHBSP.3.WELEC;NOR;2008;100;;
SCHBSP.3.WELEC;NOR;2009;100;;
SCHBSP.3.WELEC;NOR;2010;100;;
SCHBSP.3.WELEC;NOR;2011;100;;
SCHBSP.3.WELEC;NOR;2012;100;;
SCHBSP.3.WELEC;NOR;2013;100;;
SCHBSP.3.WELEC;NOR;2014;100;;
SCHBSP.3.WELEC;NOR;2015;100;;
SCHBSP.3.WELEC;NOR;2016;100;;
SCHBSP.3.WELEC;NOR;2017;100;;
SCHBSP.3.WELEC;NOR;2018;100;;
SCHBSP.3.WELEC;NOR;2019;100;;
SCHBSP.3.WELEC;NOR;2020;100;;
SCHBSP.3.WELEC;NOR;2021;100;;
SCHBSP.3.WELEC;NOR;2022;100;;
SCHBSP.3.WELEC;NPL;2011;47.29745864868164;;
SCHBSP.3.WELEC;NPL;2020;86.38590240478516;;
SCHBSP.3.WELEC;NPL;2021;80.03481521156937;;
SCHBSP.3.WELEC;NPL;2022;76.6377341251713;;
SCHBSP.3.WELEC;NPL;2023;76.86165440516778;;
SCHBSP.3.WELEC;NPL;2024;77.30677712170618;;
SCHBSP.3.WELEC;NPL;2025;95.52070698319181;;
SCHBSP.3.WELEC;NRU;2019;100;;
SCHBSP.3.WELEC;NRU;2020;100;;
SCHBSP.3.WELEC;NRU;2022;100;;
SCHBSP.3.WELEC;NRU;2023;100;;
SCHBSP.3.WELEC;NRU;2024;100;;
SCHBSP.3.WELEC;NRU;2025;100;;
SCHBSP.3.WELEC;OMN;2011;100;;
SCHBSP.3.WELEC;OMN;2016;100;;
SCHBSP.3.WELEC;OMN;2017;100;;
SCHBSP.3.WELEC;OMN;2018;100;;
SCHBSP.3.WELEC;OMN;2019;100;;
SCHBSP.3.WELEC;OMN;2020;100;;
SCHBSP.3.WELEC;OMN;2021;100;;
SCHBSP.3.WELEC;OMN;2022;100;;
SCHBSP.3.WELEC;OMN;2023;100;;
SCHBSP.3.WELEC;OMN;2024;100;;
SCHBSP.3.WELEC;PAK;2021;38.25522850503486;;
SCHBSP.3.WELEC;PAK;2022;37.23551327412892;;
SCHBSP.3.WELEC;PAK;2023;30.80812973475674;;
SCHBSP.3.WELEC;PAK;2024;26.76188560316503;;
SCHBSP.3.WELEC;PAN;2019;65.04201680672269;;
SCHBSP.3.WELEC;PAN;2020;65.04201680672269;;
SCHBSP.3.WELEC;PAN;2021;65.04201680672269;;
SCHBSP.3.WELEC;PAN;2022;65.04201680672269;;
SCHBSP.3.WELEC;PAN;2023;47.8960396039604;;
SCHBSP.3.WELEC;PER;2016;89.07478332519531;;
SCHBSP.3.WELEC;PER;2017;88.90897369384766;;
SCHBSP.3.WELEC;PER;2018;90.14118957519531;;
SCHBSP.3.WELEC;PER;2019;95.492919921875;;
SCHBSP.3.WELEC;PER;2020;93.33052062988281;;
SCHBSP.3.WELEC;PER;2021;90.35688781738281;;
SCHBSP.3.WELEC;PER;2022;92.43464660644531;;
SCHBSP.3.WELEC;PER;2023;89.31922912597656;;
SCHBSP.3.WELEC;PHL;2010;95.6581079928346;;
SCHBSP.3.WELEC;PHL;2011;100;;
SCHBSP.3.WELEC;PHL;2012;95.92674455320493;;
SCHBSP.3.WELEC;PHL;2013;96.72596227572458;;
SCHBSP.3.WELEC;PHL;2014;96.720571643475;;
SCHBSP.3.WELEC;PHL;2015;97.47165871121717;;
SCHBSP.3.WELEC;PHL;2016;96.72167378812435;;
SCHBSP.3.WELEC;PHL;2018;91.52467555398604;;
SCHBSP.3.WELEC;PHL;2019;95.27798933739527;;
SCHBSP.3.WELEC;PHL;2020;97.17537252333388;;
SCHBSP.3.WELEC;PHL;2021;97.43922204213938;;
SCHBSP.3.WELEC;PHL;2022;95.64694564694565;;
SCHBSP.3.WELEC;PHL;2023;95.74030087094219;;
SCHBSP.3.WELEC;PHL;2024;96.02907840225123;;
SCHBSP.3.WELEC;PLW;2020;100;;
SCHBSP.3.WELEC;PLW;2021;100;;
SCHBSP.3.WELEC;PLW;2022;100;;
SCHBSP.3.WELEC;PLW;2023;100;;
SCHBSP.3.WELEC;PNG;2022;100;;
SCHBSP.3.WELEC;PNG;2023;100;;
SCHBSP.3.WELEC;POL;2000;100;;
SCHBSP.3.WELEC;POL;2001;100;;
SCHBSP.3.WELEC;POL;2002;100;;
SCHBSP.3.WELEC;POL;2003;100;;
SCHBSP.3.WELEC;POL;2004;100;;
SCHBSP.3.WELEC;POL;2005;100;;
SCHBSP.3.WELEC;POL;2006;100;;
SCHBSP.3.WELEC;POL;2007;100;;
SCHBSP.3.WELEC;POL;2008;100;;
SCHBSP.3.WELEC;POL;2009;100;;
SCHBSP.3.WELEC;POL;2010;100;;
SCHBSP.3.WELEC;POL;2011;100;;
SCHBSP.3.WELEC;POL;2012;100;;
SCHBSP.3.WELEC;POL;2013;100;;
SCHBSP.3.WELEC;POL;2014;100;;
SCHBSP.3.WELEC;POL;2015;100;;
SCHBSP.3.WELEC;POL;2016;100;;
SCHBSP.3.WELEC;POL;2017;100;;
SCHBSP.3.WELEC;POL;2018;100;;
SCHBSP.3.WELEC;POL;2019;100;;
SCHBSP.3.WELEC;POL;2020;100;;
SCHBSP.3.WELEC;POL;2021;100;;
SCHBSP.3.WELEC;PRI;2023;33.49592971801758;;
SCHBSP.3.WELEC;PRI;2024;100;;
SCHBSP.3.WELEC;PRT;2000;100;;
SCHBSP.3.WELEC;PRT;2001;100;;
SCHBSP.3.WELEC;PRT;2002;100;;
SCHBSP.3.WELEC;PRT;2003;100;;
SCHBSP.3.WELEC;PRT;2004;100;;
SCHBSP.3.WELEC;PRT;2005;100;;
SCHBSP.3.WELEC;PRT;2006;100;;
SCHBSP.3.WELEC;PRT;2007;100;;
SCHBSP.3.WELEC;PRT;2008;100;;
SCHBSP.3.WELEC;PRT;2009;100;;
SCHBSP.3.WELEC;PRT;2010;100;;
SCHBSP.3.WELEC;PRT;2011;100;;
SCHBSP.3.WELEC;PRT;2012;100;;
SCHBSP.3.WELEC;PRT;2013;100;;
SCHBSP.3.WELEC;PRT;2014;100;;
SCHBSP.3.WELEC;PRT;2015;100;;
SCHBSP.3.WELEC;PRT;2016;100;;
SCHBSP.3.WELEC;PRT;2017;100;;
SCHBSP.3.WELEC;PRT;2018;100;;
SCHBSP.3.WELEC;PRT;2019;100;;
SCHBSP.3.WELEC;PRT;2020;100;;
SCHBSP.3.WELEC;PRT;2021;100;;
SCHBSP.3.WELEC;PRY;2010;98.93152015541526;;
SCHBSP.3.WELEC;PRY;2016;97.73049645390071;;
SCHBSP.3.WELEC;PSE;2016;100;;
SCHBSP.3.WELEC;PSE;2017;100;;
SCHBSP.3.WELEC;PSE;2018;100;;
SCHBSP.3.WELEC;PSE;2019;100;;
SCHBSP.3.WELEC;PSE;2020;100;;
SCHBSP.3.WELEC;PSE;2021;100;;
SCHBSP.3.WELEC;PSE;2022;100;;
SCHBSP.3.WELEC;PSE;2023;100;;
SCHBSP.3.WELEC;QAT;2011;100;;
SCHBSP.3.WELEC;QAT;2016;100;;
SCHBSP.3.WELEC;QAT;2017;100;;
SCHBSP.3.WELEC;QAT;2018;100;;
SCHBSP.3.WELEC;QAT;2019;100;;
SCHBSP.3.WELEC;QAT;2020;100;;
SCHBSP.3.WELEC;QAT;2021;100;;
SCHBSP.3.WELEC;QAT;2022;100;;
SCHBSP.3.WELEC;QAT;2023;100;;
SCHBSP.3.WELEC;QAT;2024;100;;
SCHBSP.3.WELEC;RWA;2011;40.95890410958904;;
SCHBSP.3.WELEC;RWA;2012;41.20253164556962;;
SCHBSP.3.WELEC;RWA;2013;49.44920440636475;;
SCHBSP.3.WELEC;RWA;2014;53.98230088495575;;
SCHBSP.3.WELEC;RWA;2015;54.36668594563332;;
SCHBSP.3.WELEC;RWA;2016;56.21436716077537;;
SCHBSP.3.WELEC;RWA;2019;77.97772065124249;;
SCHBSP.3.WELEC;RWA;2021;95.19615692554044;;
SCHBSP.3.WELEC;RWA;2022;93.65781710914455;;
SCHBSP.3.WELEC;RWA;2023;92.86229271809661;;
SCHBSP.3.WELEC;RWA;2024;97.0776906628653;;
SCHBSP.3.WELEC;SAU;2016;100;;
SCHBSP.3.WELEC;SAU;2017;100;;
SCHBSP.3.WELEC;SAU;2018;100;;
SCHBSP.3.WELEC;SAU;2019;100;;
SCHBSP.3.WELEC;SAU;2020;100;;
SCHBSP.3.WELEC;SAU;2021;100;;
SCHBSP.3.WELEC;SAU;2022;100;;
SCHBSP.3.WELEC;SAU;2024;100;;
SCHBSP.3.WELEC;SDG: Australia and New Zealand;2000;99.78959655761719;;
SCHBSP.3.WELEC;SDG: Australia and New Zealand;2001;99.78955078125;;
SCHBSP.3.WELEC;SDG: Australia and New Zealand;2002;99.78955841064453;;
SCHBSP.3.WELEC;SDG: Australia and New Zealand;2003;99.78951263427734;;
SCHBSP.3.WELEC;SDG: Australia and New Zealand;2004;99.78948974609375;;
SCHBSP.3.WELEC;SDG: Australia and New Zealand;2005;99.78945922851562;;
SCHBSP.3.WELEC;SDG: Australia and New Zealand;2006;99.78941345214844;;
SCHBSP.3.WELEC;SDG: Australia and New Zealand;2007;99.78932189941406;;
SCHBSP.3.WELEC;SDG: Australia and New Zealand;2008;99.78925323486328;;
SCHBSP.3.WELEC;SDG: Australia and New Zealand;2009;99.78926086425781;;
SCHBSP.3.WELEC;SDG: Australia and New Zealand;2010;99.79006958007812;;
SCHBSP.3.WELEC;SDG: Australia and New Zealand;2011;99.78983306884766;;
SCHBSP.3.WELEC;SDG: Australia and New Zealand;2012;99.7895736694336;;
SCHBSP.3.WELEC;SDG: Australia and New Zealand;2013;99.78983306884766;;
SCHBSP.3.WELEC;SDG: Australia and New Zealand;2014;99.7901382446289;;
SCHBSP.3.WELEC;SDG: Australia and New Zealand;2015;99.79048156738281;;
SCHBSP.3.WELEC;SDG: Australia and New Zealand;2016;99.79097747802734;;
SCHBSP.3.WELEC;SDG: Australia and New Zealand;2017;99.84219360351562;;
SCHBSP.3.WELEC;SDG: Australia and New Zealand;2018;99.81598663330078;;
SCHBSP.3.WELEC;SDG: Australia and New Zealand;2019;99.80809020996094;;
SCHBSP.3.WELEC;SDG: Australia and New Zealand;2020;99.76972961425781;;
SCHBSP.3.WELEC;SDG: Australia and New Zealand;2021;99.81331634521484;;
SCHBSP.3.WELEC;SDG: Australia and New Zealand;2022;99.80464172363281;UIS_EST;
SCHBSP.3.WELEC;SDG: Central Asia;2016;99.78936004638672;UIS_EST;
SCHBSP.3.WELEC;SDG: Central Asia;2017;99.81609344482422;;
SCHBSP.3.WELEC;SDG: Central Asia;2018;99.84786987304688;;
SCHBSP.3.WELEC;SDG: Central Asia;2019;99.86598205566406;;
SCHBSP.3.WELEC;SDG: Central Asia;2020;99.89704895019531;;
SCHBSP.3.WELEC;SDG: Central Asia;2021;99.89280700683594;UIS_EST;
SCHBSP.3.WELEC;SDG: Central Asia;2022;99.86776733398438;UIS_EST;
SCHBSP.3.WELEC;SDG: Central Asia;2023;99.95305633544922;UIS_EST;
SCHBSP.3.WELEC;SDG: Central Asia;2024;100;;
SCHBSP.3.WELEC;SDG: Central and Southern Asia;2011;79.13812255859375;UIS_EST;
SCHBSP.3.WELEC;SDG: Central and Southern Asia;2012;77.81136322021484;;
SCHBSP.3.WELEC;SDG: Central and Southern Asia;2013;79.19274139404297;UIS_EST;
SCHBSP.3.WELEC;SDG: Central and Southern Asia;2014;80.47551727294922;UIS_EST;
SCHBSP.3.WELEC;SDG: Central and Southern Asia;2015;81.66842651367188;UIS_EST;
SCHBSP.3.WELEC;SDG: Central and Southern Asia;2016;82.78987121582031;;
SCHBSP.3.WELEC;SDG: Central and Southern Asia;2017;84.57106018066406;;
SCHBSP.3.WELEC;SDG: Central and Southern Asia;2018;84.69831085205078;;
SCHBSP.3.WELEC;SDG: Central and Southern Asia;2019;86.17106628417969;;
SCHBSP.3.WELEC;SDG: Central and Southern Asia;2020;88.39482116699219;;
SCHBSP.3.WELEC;SDG: Central and Southern Asia;2021;86.85060119628906;;
SCHBSP.3.WELEC;SDG: Central and Southern Asia;2022;89.05084228515625;;
SCHBSP.3.WELEC;SDG: Central and Southern Asia;2023;87.77845001220703;;
SCHBSP.3.WELEC;SDG: Central and Southern Asia;2024;86.73613739013672;;
SCHBSP.3.WELEC;SDG: Eastern Asia;2016;98.08527374267578;UIS_EST;
SCHBSP.3.WELEC;SDG: Eastern Asia;2017;98.20433044433594;;
SCHBSP.3.WELEC;SDG: Eastern Asia;2018;98.30677795410156;;
SCHBSP.3.WELEC;SDG: Eastern Asia;2019;98.4069595336914;;
SCHBSP.3.WELEC;SDG: Eastern Asia;2020;98.59539031982422;;
SCHBSP.3.WELEC;SDG: Eastern Asia;2021;96.68463897705078;;
SCHBSP.3.WELEC;SDG: Eastern Asia;2022;98.79521942138672;;
SCHBSP.3.WELEC;SDG: Eastern Asia;2023;98.93113708496094;;
SCHBSP.3.WELEC;SDG: Eastern Asia;2024;98.94097900390625;;
SCHBSP.3.WELEC;SDG: Eastern and South-Eastern Asia;2016;97.04676055908203;UIS_EST;
SCHBSP.3.WELEC;SDG: Eastern and South-Eastern Asia;2017;96.37433624267578;;
SCHBSP.3.WELEC;SDG: Eastern and South-Eastern Asia;2018;96.55982208251953;;
SCHBSP.3.WELEC;SDG: Eastern and South-Eastern Asia;2019;97.03311920166016;UIS_EST;
SCHBSP.3.WELEC;SDG: Eastern and South-Eastern Asia;2020;97.3749771118164;UIS_EST;
SCHBSP.3.WELEC;SDG: Eastern and South-Eastern Asia;2021;96.6002426147461;UIS_EST;
SCHBSP.3.WELEC;SDG: Eastern and South-Eastern Asia;2022;97.41519165039062;UIS_EST;
SCHBSP.3.WELEC;SDG: Eastern and South-Eastern Asia;2023;97.49455261230469;;
SCHBSP.3.WELEC;SDG: Eastern and South-Eastern Asia;2024;97.52909851074219;;
SCHBSP.3.WELEC;SDG: Europe;2000;99.87281036376953;UIS_EST;
SCHBSP.3.WELEC;SDG: Europe;2001;99.87239074707031;UIS_EST;
SCHBSP.3.WELEC;SDG: Europe;2002;99.87191772460938;UIS_EST;
SCHBSP.3.WELEC;SDG: Europe;2003;99.87254333496094;UIS_EST;
SCHBSP.3.WELEC;SDG: Europe;2004;99.87122344970703;UIS_EST;
SCHBSP.3.WELEC;SDG: Europe;2005;99.87127685546875;UIS_EST;
SCHBSP.3.WELEC;SDG: Europe;2006;99.87068939208984;UIS_EST;
SCHBSP.3.WELEC;SDG: Europe;2007;99.87065124511719;UIS_EST;
SCHBSP.3.WELEC;SDG: Europe;2008;99.87124633789062;UIS_EST;
SCHBSP.3.WELEC;SDG: Europe;2009;99.87158203125;UIS_EST;
SCHBSP.3.WELEC;SDG: Europe;2010;99.87093353271484;UIS_EST;
SCHBSP.3.WELEC;SDG: Europe;2011;99.86885070800781;UIS_EST;
SCHBSP.3.WELEC;SDG: Europe;2012;99.86917114257812;UIS_EST;
SCHBSP.3.WELEC;SDG: Europe;2013;99.86871337890625;UIS_EST;
SCHBSP.3.WELEC;SDG: Europe;2014;99.86781311035156;UIS_EST;
SCHBSP.3.WELEC;SDG: Europe;2015;99.86904907226562;UIS_EST;
SCHBSP.3.WELEC;SDG: Europe;2016;99.8675308227539;;
SCHBSP.3.WELEC;SDG: Europe;2017;99.71395111083984;UIS_EST;
SCHBSP.3.WELEC;SDG: Europe;2018;99.51602172851562;UIS_EST;
SCHBSP.3.WELEC;SDG: Europe;2019;99.23750305175781;UIS_EST;
SCHBSP.3.WELEC;SDG: Europe;2020;99.35095977783203;UIS_EST;
SCHBSP.3.WELEC;SDG: Europe;2021;99.34980010986328;UIS_EST;
SCHBSP.3.WELEC;SDG: Europe;2022;99.21411895751953;UIS_EST;
SCHBSP.3.WELEC;SDG: Europe;2023;99.10308837890625;UIS_EST;
SCHBSP.3.WELEC;SDG: Europe and Northern America;2010;99.90805053710938;UIS_EST;
SCHBSP.3.WELEC;SDG: Europe and Northern America;2011;99.90699768066406;UIS_EST;
SCHBSP.3.WELEC;SDG: Europe and Northern America;2012;99.90728759765625;UIS_EST;
SCHBSP.3.WELEC;SDG: Europe and Northern America;2013;99.90706634521484;UIS_EST;
SCHBSP.3.WELEC;SDG: Europe and Northern America;2014;99.9068603515625;UIS_EST;
SCHBSP.3.WELEC;SDG: Europe and Northern America;2015;99.90814208984375;;
SCHBSP.3.WELEC;SDG: Europe and Northern America;2016;99.90766906738281;UIS_EST;
SCHBSP.3.WELEC;SDG: Europe and Northern America;2017;99.80097198486328;UIS_EST;
SCHBSP.3.WELEC;SDG: Europe and Northern America;2018;99.66438293457031;UIS_EST;
SCHBSP.3.WELEC;SDG: Europe and Northern America;2019;99.4725112915039;;
SCHBSP.3.WELEC;SDG: Europe and Northern America;2020;99.55111694335938;UIS_EST;
SCHBSP.3.WELEC;SDG: Europe and Northern America;2021;99.55084991455078;UIS_EST;
SCHBSP.3.WELEC;SDG: Europe and Northern America;2022;99.46027374267578;UIS_EST;
SCHBSP.3.WELEC;SDG: Europe, Northern America, Australia and New Zealand;2006;99.89978790283203;UIS_EST;
SCHBSP.3.WELEC;SDG: Europe, Northern America, Australia and New Zealand;2007;99.89994049072266;UIS_EST;
SCHBSP.3.WELEC;SDG: Europe, Northern America, Australia and New Zealand;2008;99.90030670166016;UIS_EST;
SCHBSP.3.WELEC;SDG: Europe, Northern America, Australia and New Zealand;2009;99.90054321289062;UIS_EST;
SCHBSP.3.WELEC;SDG: Europe, Northern America, Australia and New Zealand;2010;99.90030670166016;UIS_EST;
SCHBSP.3.WELEC;SDG: Europe, Northern America, Australia and New Zealand;2011;99.89924621582031;UIS_EST;
SCHBSP.3.WELEC;SDG: Europe, Northern America, Australia and New Zealand;2012;99.89949798583984;UIS_EST;
SCHBSP.3.WELEC;SDG: Europe, Northern America, Australia and New Zealand;2013;99.89932250976562;UIS_EST;
SCHBSP.3.WELEC;SDG: Europe, Northern America, Australia and New Zealand;2014;99.8990707397461;UIS_EST;
SCHBSP.3.WELEC;SDG: Europe, Northern America, Australia and New Zealand;2015;99.90019989013672;;
SCHBSP.3.WELEC;SDG: Europe, Northern America, Australia and New Zealand;2016;99.8997573852539;UIS_EST;
SCHBSP.3.WELEC;SDG: Europe, Northern America, Australia and New Zealand;2017;99.80374908447266;UIS_EST;
SCHBSP.3.WELEC;SDG: Europe, Northern America, Australia and New Zealand;2018;99.67462921142578;UIS_EST;
SCHBSP.3.WELEC;SDG: Europe, Northern America, Australia and New Zealand;2019;99.49514770507812;;
SCHBSP.3.WELEC;SDG: Europe, Northern America, Australia and New Zealand;2020;99.56594848632812;UIS_EST;
SCHBSP.3.WELEC;SDG: Europe, Northern America, Australia and New Zealand;2021;99.56876373291016;UIS_EST;
SCHBSP.3.WELEC;SDG: Europe, Northern America, Australia and New Zealand;2022;99.48406982421875;UIS_EST;
SCHBSP.3.WELEC;SDG: Landlocked Developing Countries;2015;78.98796844482422;UIS_EST;
SCHBSP.3.WELEC;SDG: Landlocked Developing Countries;2016;79.2906265258789;UIS_EST;
SCHBSP.3.WELEC;SDG: Landlocked Developing Countries;2017;80.41641998291016;UIS_EST;
SCHBSP.3.WELEC;SDG: Landlocked Developing Countries;2018;80.85428619384766;UIS_EST;
SCHBSP.3.WELEC;SDG: Landlocked Developing Countries;2019;81.3206787109375;UIS_EST;
SCHBSP.3.WELEC;SDG: Landlocked Developing Countries;2020;82.27506256103516;UIS_EST;
SCHBSP.3.WELEC;SDG: Landlocked Developing Countries;2021;81.8205337524414;UIS_EST;
SCHBSP.3.WELEC;SDG: Landlocked Developing Countries;2022;82.39591979980469;UIS_EST;
SCHBSP.3.WELEC;SDG: Landlocked Developing Countries;2023;83.12853240966797;UIS_EST;
SCHBSP.3.WELEC;SDG: Landlocked Developing Countries;2024;83.58468627929688;UIS_EST;
SCHBSP.3.WELEC;SDG: Latin America and the Caribbean;2009;91.29402160644531;UIS_EST;
SCHBSP.3.WELEC;SDG: Latin America and the Caribbean;2010;91.57363891601562;UIS_EST;
SCHBSP.3.WELEC;SDG: Latin America and the Caribbean;2011;91.15667724609375;UIS_EST;
SCHBSP.3.WELEC;SDG: Latin America and the Caribbean;2012;90.5863037109375;UIS_EST;
SCHBSP.3.WELEC;SDG: Latin America and the Caribbean;2013;90.304931640625;UIS_EST;
SCHBSP.3.WELEC;SDG: Latin America and the Caribbean;2014;90.041748046875;UIS_EST;
SCHBSP.3.WELEC;SDG: Latin America and the Caribbean;2015;89.80590057373047;UIS_EST;
SCHBSP.3.WELEC;SDG: Latin America and the Caribbean;2016;89.62590026855469;UIS_EST;
SCHBSP.3.WELEC;SDG: Latin America and the Caribbean;2017;89.39218139648438;UIS_EST;
SCHBSP.3.WELEC;SDG: Latin America and the Caribbean;2018;89.06926727294922;UIS_EST;
SCHBSP.3.WELEC;SDG: Latin America and the Caribbean;2019;89.36215209960938;UIS_EST;
SCHBSP.3.WELEC;SDG: Latin America and the Caribbean;2020;88.5385513305664;UIS_EST;
SCHBSP.3.WELEC;SDG: Latin America and the Caribbean;2021;87.46685028076172;UIS_EST;
SCHBSP.3.WELEC;SDG: Latin America and the Caribbean;2022;86.92298126220703;UIS_EST;
SCHBSP.3.WELEC;SDG: Latin America and the Caribbean;2023;89.07734680175781;UIS_EST;
SCHBSP.3.WELEC;SDG: Least Developed Countries;2011;52.21585083007813;UIS_EST;
SCHBSP.3.WELEC;SDG: Least Developed Countries;2012;51.85319137573242;UIS_EST;
SCHBSP.3.WELEC;SDG: Least Developed Countries;2013;54.79177856445313;UIS_EST;
SCHBSP.3.WELEC;SDG: Least Developed Countries;2014;57.61660003662109;UIS_EST;
SCHBSP.3.WELEC;SDG: Least Developed Countries;2015;60.39786911010742;UIS_EST;
SCHBSP.3.WELEC;SDG: Least Developed Countries;2016;63.38521957397461;UIS_EST;
SCHBSP.3.WELEC;SDG: Least Developed Countries;2017;63.49253845214844;UIS_EST;
SCHBSP.3.WELEC;SDG: Least Developed Countries;2018;63.18613815307617;UIS_EST;
SCHBSP.3.WELEC;SDG: Least Developed Countries;2019;63.19356155395508;UIS_EST;
SCHBSP.3.WELEC;SDG: Least Developed Countries;2020;62.51462936401367;UIS_EST;
SCHBSP.3.WELEC;SDG: Least Developed Countries;2021;60.90435028076172;UIS_EST;
SCHBSP.3.WELEC;SDG: Least Developed Countries;2022;61.02756118774414;UIS_EST;
SCHBSP.3.WELEC;SDG: Least Developed Countries;2023;61.37474822998047;UIS_EST;
SCHBSP.3.WELEC;SDG: Least Developed Countries;2024;61.55361938476563;UIS_EST;
SCHBSP.3.WELEC;SDG: Northern Africa;2013;92.42044067382812;UIS_EST;
SCHBSP.3.WELEC;SDG: Northern Africa;2014;92.69097900390625;UIS_EST;
SCHBSP.3.WELEC;SDG: Northern Africa;2015;92.41329956054688;UIS_EST;
SCHBSP.3.WELEC;SDG: Northern Africa;2016;99.19960021972656;;
SCHBSP.3.WELEC;SDG: Northern Africa;2017;97.47199249267578;UIS_EST;
SCHBSP.3.WELEC;SDG: Northern Africa;2018;95.54876708984375;UIS_EST;
SCHBSP.3.WELEC;SDG: Northern Africa;2019;93.47528076171875;UIS_EST;
SCHBSP.3.WELEC;SDG: Northern Africa;2020;91.41419219970703;UIS_EST;
SCHBSP.3.WELEC;SDG: Northern Africa;2021;89.2192611694336;UIS_EST;
SCHBSP.3.WELEC;SDG: Northern Africa;2022;88.41021728515625;UIS_EST;
SCHBSP.3.WELEC;SDG: Northern Africa;2023;84.09293365478516;;
SCHBSP.3.WELEC;SDG: Northern Africa;2024;85.34368896484375;;
SCHBSP.3.WELEC;SDG: Northern Africa and Western Asia;2011;96.2547378540039;UIS_EST;
SCHBSP.3.WELEC;SDG: Northern Africa and Western Asia;2012;96.17755889892578;UIS_EST;
SCHBSP.3.WELEC;SDG: Northern Africa and Western Asia;2013;96.1185073852539;UIS_EST;
SCHBSP.3.WELEC;SDG: Northern Africa and Western Asia;2014;96.04757690429688;UIS_EST;
SCHBSP.3.WELEC;SDG: Northern Africa and Western Asia;2015;95.55790710449219;UIS_EST;
SCHBSP.3.WELEC;SDG: Northern Africa and Western Asia;2016;98.02839660644531;;
SCHBSP.3.WELEC;SDG: Northern Africa and Western Asia;2017;97.43438720703125;UIS_EST;
SCHBSP.3.WELEC;SDG: Northern Africa and Western Asia;2018;96.76339721679688;;
SCHBSP.3.WELEC;SDG: Northern Africa and Western Asia;2019;96.00727081298828;;
SCHBSP.3.WELEC;SDG: Northern Africa and Western Asia;2020;95.2500228881836;;
SCHBSP.3.WELEC;SDG: Northern Africa and Western Asia;2021;94.3906478881836;;
SCHBSP.3.WELEC;SDG: Northern Africa and Western Asia;2022;94.14875030517578;;
SCHBSP.3.WELEC;SDG: Northern Africa and Western Asia;2023;92.10032653808594;UIS_EST;
SCHBSP.3.WELEC;SDG: Northern Africa and Western Asia;2024;92.85517883300781;;
SCHBSP.3.WELEC;SDG: Northern America;2014;100;UIS_EST;
SCHBSP.3.WELEC;SDG: Northern America;2015;100;;
SCHBSP.3.WELEC;SDG: Northern America;2016;100;UIS_EST;
SCHBSP.3.WELEC;SDG: Northern America;2017;100;UIS_EST;
SCHBSP.3.WELEC;SDG: Northern America;2019;100;;
SCHBSP.3.WELEC;SDG: Northern America;2020;100;UIS_EST;
SCHBSP.3.WELEC;SDG: Oceania;2000;99.40904235839844;;
SCHBSP.3.WELEC;SDG: Oceania;2001;99.408447265625;;
SCHBSP.3.WELEC;SDG: Oceania;2002;99.40902709960938;;
SCHBSP.3.WELEC;SDG: Oceania;2003;99.4087905883789;;
SCHBSP.3.WELEC;SDG: Oceania;2004;99.40904235839844;;
SCHBSP.3.WELEC;SDG: Oceania;2005;99.40928649902344;;
SCHBSP.3.WELEC;SDG: Oceania;2006;99.40882873535156;;
SCHBSP.3.WELEC;SDG: Oceania;2007;99.40751647949219;;
SCHBSP.3.WELEC;SDG: Oceania;2008;99.40682220458984;;
SCHBSP.3.WELEC;SDG: Oceania;2009;99.40648651123047;;
SCHBSP.3.WELEC;SDG: Oceania;2010;99.4172592163086;;
SCHBSP.3.WELEC;SDG: Oceania;2011;99.39505004882812;;
SCHBSP.3.WELEC;SDG: Oceania;2012;99.36192321777344;;
SCHBSP.3.WELEC;SDG: Oceania;2013;99.31729888916016;;
SCHBSP.3.WELEC;SDG: Oceania;2014;99.27381134033203;;
SCHBSP.3.WELEC;SDG: Oceania;2015;99.23121643066406;;
SCHBSP.3.WELEC;SDG: Oceania;2016;99.18775939941406;;
SCHBSP.3.WELEC;SDG: Oceania;2017;99.44956970214844;;
SCHBSP.3.WELEC;SDG: Oceania;2018;99.29776763916016;;
SCHBSP.3.WELEC;SDG: Oceania;2019;99.30229949951172;;
SCHBSP.3.WELEC;SDG: Oceania;2020;99.03469848632812;;
SCHBSP.3.WELEC;SDG: Oceania;2021;98.9743881225586;;
SCHBSP.3.WELEC;SDG: Oceania;2022;98.77684783935547;UIS_EST;
SCHBSP.3.WELEC;SDG: Oceania (excluding Australia and New Zealand);2015;92.0846176147461;UIS_EST;
SCHBSP.3.WELEC;SDG: Oceania (excluding Australia and New Zealand);2016;91.21395111083984;UIS_EST;
SCHBSP.3.WELEC;SDG: Oceania (excluding Australia and New Zealand);2017;94.74918365478516;UIS_EST;
SCHBSP.3.WELEC;SDG: Oceania (excluding Australia and New Zealand);2018;93.85115814208984;UIS_EST;
SCHBSP.3.WELEC;SDG: Oceania (excluding Australia and New Zealand);2019;93.93701171875;UIS_EST;
SCHBSP.3.WELEC;SDG: Oceania (excluding Australia and New Zealand);2020;92.77481842041016;UIS_EST;
SCHBSP.3.WELEC;SDG: Oceania (excluding Australia and New Zealand);2021;91.44477081298828;UIS_EST;
SCHBSP.3.WELEC;SDG: Oceania (excluding Australia and New Zealand);2022;89.78600311279297;UIS_EST;
SCHBSP.3.WELEC;SDG: Oceania (excluding Australia and New Zealand);2023;88.07958221435547;UIS_EST;
SCHBSP.3.WELEC;SDG: Oceania (excluding Australia and New Zealand);2024;88.01985931396484;UIS_EST;
SCHBSP.3.WELEC;SDG: Small Island Developing States;2021;83.57328796386719;UIS_EST;
SCHBSP.3.WELEC;SDG: Small Island Developing States;2022;83.64453125;UIS_EST;
SCHBSP.3.WELEC;SDG: Small Island Developing States;2023;85.0885009765625;UIS_EST;
SCHBSP.3.WELEC;SDG: Small Island Developing States;2024;84.82678985595703;UIS_EST;
SCHBSP.3.WELEC;SDG: South-Eastern Asia;2015;96.53605651855469;UIS_EST;
SCHBSP.3.WELEC;SDG: South-Eastern Asia;2016;96.46138763427734;UIS_EST;
SCHBSP.3.WELEC;SDG: South-Eastern Asia;2017;95.2872314453125;;
SCHBSP.3.WELEC;SDG: South-Eastern Asia;2018;95.53399658203125;;
SCHBSP.3.WELEC;SDG: South-Eastern Asia;2019;96.22557830810547;UIS_EST;
SCHBSP.3.WELEC;SDG: South-Eastern Asia;2020;96.64968872070312;UIS_EST;
SCHBSP.3.WELEC;SDG: South-Eastern Asia;2021;96.54988861083984;UIS_EST;
SCHBSP.3.WELEC;SDG: South-Eastern Asia;2022;96.56842041015625;UIS_EST;
SCHBSP.3.WELEC;SDG: South-Eastern Asia;2023;96.58319854736328;;
SCHBSP.3.WELEC;SDG: South-Eastern Asia;2024;96.60282897949219;;
SCHBSP.3.WELEC;SDG: Southern Asia;2011;77.75080871582031;UIS_EST;
SCHBSP.3.WELEC;SDG: Southern Asia;2012;76.36984252929688;;
SCHBSP.3.WELEC;SDG: Southern Asia;2013;78.00749969482422;UIS_EST;
SCHBSP.3.WELEC;SDG: Southern Asia;2014;79.48023986816406;UIS_EST;
SCHBSP.3.WELEC;SDG: Southern Asia;2015;80.82662200927734;UIS_EST;
SCHBSP.3.WELEC;SDG: Southern Asia;2016;82.07398986816406;;
SCHBSP.3.WELEC;SDG: Southern Asia;2017;83.9522705078125;;
SCHBSP.3.WELEC;SDG: Southern Asia;2018;84.0984115600586;;
SCHBSP.3.WELEC;SDG: Southern Asia;2019;85.64665222167969;;
SCHBSP.3.WELEC;SDG: Southern Asia;2020;87.95806121826172;;
SCHBSP.3.WELEC;SDG: Southern Asia;2021;86.39375305175781;;
SCHBSP.3.WELEC;SDG: Southern Asia;2022;88.58731842041016;;
SCHBSP.3.WELEC;SDG: Southern Asia;2023;87.17440795898438;;
SCHBSP.3.WELEC;SDG: Southern Asia;2024;86.0008773803711;;
SCHBSP.3.WELEC;SDG: Sub-Saharan Africa;2014;56.5526008605957;UIS_EST;
SCHBSP.3.WELEC;SDG: Sub-Saharan Africa;2015;57.60089111328125;UIS_EST;
SCHBSP.3.WELEC;SDG: Sub-Saharan Africa;2016;58.05627059936523;UIS_EST;
SCHBSP.3.WELEC;SDG: Sub-Saharan Africa;2017;57.28158950805664;UIS_EST;
SCHBSP.3.WELEC;SDG: Sub-Saharan Africa;2018;55.75336837768555;UIS_EST;
SCHBSP.3.WELEC;SDG: Sub-Saharan Africa;2019;54.61117935180664;UIS_EST;
SCHBSP.3.WELEC;SDG: Sub-Saharan Africa;2020;53.6309814453125;UIS_EST;
SCHBSP.3.WELEC;SDG: Sub-Saharan Africa;2021;52.80004119873047;UIS_EST;
SCHBSP.3.WELEC;SDG: Sub-Saharan Africa;2022;53.36423873901367;UIS_EST;
SCHBSP.3.WELEC;SDG: Sub-Saharan Africa;2023;54.40528106689453;UIS_EST;
SCHBSP.3.WELEC;SDG: Sub-Saharan Africa;2024;53.52680969238281;UIS_EST;
SCHBSP.3.WELEC;SDG: Western Asia;2011;98.43962860107422;UIS_EST;
SCHBSP.3.WELEC;SDG: Western Asia;2012;98.22634887695312;UIS_EST;
SCHBSP.3.WELEC;SDG: Western Asia;2013;98.03038787841797;UIS_EST;
SCHBSP.3.WELEC;SDG: Western Asia;2014;97.82952880859375;UIS_EST;
SCHBSP.3.WELEC;SDG: Western Asia;2015;97.45543670654297;UIS_EST;
SCHBSP.3.WELEC;SDG: Western Asia;2016;97.35257720947266;;
SCHBSP.3.WELEC;SDG: Western Asia;2017;97.41117095947266;;
SCHBSP.3.WELEC;SDG: Western Asia;2018;97.49932098388672;;
SCHBSP.3.WELEC;SDG: Western Asia;2019;97.55156707763672;;
SCHBSP.3.WELEC;SDG: Western Asia;2020;97.60366821289062;;
SCHBSP.3.WELEC;SDG: Western Asia;2021;97.63007354736328;;
SCHBSP.3.WELEC;SDG: Western Asia;2022;97.4954605102539;;
SCHBSP.3.WELEC;SDG: Western Asia;2023;97.75202178955078;UIS_EST;
SCHBSP.3.WELEC;SDG: Western Asia;2024;97.93859100341797;UIS_EST;
SCHBSP.3.WELEC;SDG: World;2011;85.54646301269531;UIS_EST;
SCHBSP.3.WELEC;SDG: World;2012;84.9601821899414;UIS_EST;
SCHBSP.3.WELEC;SDG: World;2013;85.29985809326172;UIS_EST;
SCHBSP.3.WELEC;SDG: World;2014;85.62803649902344;UIS_EST;
SCHBSP.3.WELEC;SDG: World;2015;85.91773986816406;UIS_EST;
SCHBSP.3.WELEC;SDG: World;2016;86.3378677368164;UIS_EST;
SCHBSP.3.WELEC;SDG: World;2017;86.83287048339844;;
SCHBSP.3.WELEC;SDG: World;2018;86.54930877685547;UIS_EST;
SCHBSP.3.WELEC;SDG: World;2019;86.8797378540039;;
SCHBSP.3.WELEC;SDG: World;2020;87.5316162109375;UIS_EST;
SCHBSP.3.WELEC;SDG: World;2021;86.23518371582031;UIS_EST;
SCHBSP.3.WELEC;SDG: World;2022;86.98809814453125;UIS_EST;
SCHBSP.3.WELEC;SDG: World;2023;86.62776184082031;UIS_EST;
SCHBSP.3.WELEC;SDG: World;2024;86.27918243408203;UIS_EST;
SCHBSP.3.WELEC;SDN;2015;74.16287231445312;;
SCHBSP.3.WELEC;SEN;2019;91.40625;;
SCHBSP.3.WELEC;SEN;2020;95.01411100658514;;
SCHBSP.3.WELEC;SEN;2021;96.3963963963964;;
SCHBSP.3.WELEC;SEN;2022;96.11486486486487;;
SCHBSP.3.WELEC;SEN;2024;96.33333333333334;;
SCHBSP.3.WELEC;SGP;2016;100;;
SCHBSP.3.WELEC;SGP;2017;100;;
SCHBSP.3.WELEC;SGP;2018;100;;
SCHBSP.3.WELEC;SGP;2019;100;;
SCHBSP.3.WELEC;SGP;2020;100;;
SCHBSP.3.WELEC;SGP;2021;100;;
SCHBSP.3.WELEC;SGP;2022;100;;
SCHBSP.3.WELEC;SGP;2023;100;;
SCHBSP.3.WELEC;SLB;2016;67.27272727272727;;
SCHBSP.3.WELEC;SLB;2017;79.02097902097903;;
SCHBSP.3.WELEC;SLB;2018;73.8562091503268;;
SCHBSP.3.WELEC;SLB;2023;65.92178770949721;;
SCHBSP.3.WELEC;SLE;2017;25.43640897755611;;
SCHBSP.3.WELEC;SLE;2018;33.73493975903614;;
SCHBSP.3.WELEC;SLE;2019;55.21669341894061;;
SCHBSP.3.WELEC;SLE;2020;55.625;;
SCHBSP.3.WELEC;SLE;2021;51.45631067961165;;
SCHBSP.3.WELEC;SLE;2022;52.04301075268817;;
SCHBSP.3.WELEC;SLE;2024;49.16820702402958;;
SCHBSP.3.WELEC;SLV;2010;99.6606334841629;;
SCHBSP.3.WELEC;SLV;2017;98.44810863239573;;
SCHBSP.3.WELEC;SLV;2018;99.71804511278195;;
SCHBSP.3.WELEC;SMR;2018;100;;
SCHBSP.3.WELEC;SMR;2019;100;;
SCHBSP.3.WELEC;SMR;2020;100;;
SCHBSP.3.WELEC;SMR;2021;100;;
SCHBSP.3.WELEC;SMR;2022;100;;
SCHBSP.3.WELEC;SMR;2023;100;;
SCHBSP.3.WELEC;SMR;2024;100;;
SCHBSP.3.WELEC;STP;2017;100;;
SCHBSP.3.WELEC;SUR;2009;100;;
SCHBSP.3.WELEC;SVK;2014;100;;
SCHBSP.3.WELEC;SVK;2015;100;;
SCHBSP.3.WELEC;SVK;2016;100;;
SCHBSP.3.WELEC;SVK;2017;100;;
SCHBSP.3.WELEC;SVK;2018;100;;
SCHBSP.3.WELEC;SVK;2019;100;;
SCHBSP.3.WELEC;SVK;2020;100;;
SCHBSP.3.WELEC;SVK;2021;100;;
SCHBSP.3.WELEC;SVK;2022;100;;
SCHBSP.3.WELEC;SVK;2023;100;;
SCHBSP.3.WELEC;SVK;2024;100;;
SCHBSP.3.WELEC;SVN;2004;100;;
SCHBSP.3.WELEC;SVN;2005;100;;
SCHBSP.3.WELEC;SVN;2006;100;;
SCHBSP.3.WELEC;SVN;2007;100;;
SCHBSP.3.WELEC;SVN;2008;100;;
SCHBSP.3.WELEC;SVN;2009;100;;
SCHBSP.3.WELEC;SVN;2010;100;;
SCHBSP.3.WELEC;SVN;2011;100;;
SCHBSP.3.WELEC;SVN;2012;100;;
SCHBSP.3.WELEC;SVN;2013;100;;
SCHBSP.3.WELEC;SVN;2014;100;;
SCHBSP.3.WELEC;SVN;2015;100;;
SCHBSP.3.WELEC;SVN;2016;100;;
SCHBSP.3.WELEC;SVN;2017;100;;
SCHBSP.3.WELEC;SVN;2018;100;;
SCHBSP.3.WELEC;SVN;2019;100;;
SCHBSP.3.WELEC;SVN;2020;100;;
SCHBSP.3.WELEC;SVN;2021;100;;
SCHBSP.3.WELEC;SVN;2022;100;;
SCHBSP.3.WELEC;SWE;2017;100;;
SCHBSP.3.WELEC;SWE;2018;100;;
SCHBSP.3.WELEC;SWE;2019;100;;
SCHBSP.3.WELEC;SWE;2020;100;;
SCHBSP.3.WELEC;SWE;2021;100;;
SCHBSP.3.WELEC;SWZ;2015;92.831541218638;;
SCHBSP.3.WELEC;SWZ;2016;96.89655172413794;;
SCHBSP.3.WELEC;SWZ;2017;100;;
SCHBSP.3.WELEC;SWZ;2018;100;;
SCHBSP.3.WELEC;SWZ;2019;93.06930693069307;;
SCHBSP.3.WELEC;SWZ;2022;89.1640866873065;;
SCHBSP.3.WELEC;SWZ;2023;98.17073170731707;;
SCHBSP.3.WELEC;SXM;2010;100;;
SCHBSP.3.WELEC;SYC;2016;100;;
SCHBSP.3.WELEC;SYC;2017;100;;
SCHBSP.3.WELEC;SYC;2018;100;;
SCHBSP.3.WELEC;SYC;2019;100;;
SCHBSP.3.WELEC;SYC;2020;100;;
SCHBSP.3.WELEC;SYC;2021;100;;
SCHBSP.3.WELEC;SYC;2022;100;;
SCHBSP.3.WELEC;SYC;2023;100;;
SCHBSP.3.WELEC;SYC;2024;100;;
SCHBSP.3.WELEC;SYR;2020;86.58592987060547;;
SCHBSP.3.WELEC;SYR;2021;86.61148834228516;;
SCHBSP.3.WELEC;SYR;2022;86.76470947265625;;
SCHBSP.3.WELEC;SYR;2023;88.95481872558594;;
SCHBSP.3.WELEC;SYR;2024;92.71758270263672;;
SCHBSP.3.WELEC;TCA;2010;100;;
SCHBSP.3.WELEC;TCA;2018;100;;
SCHBSP.3.WELEC;TCA;2020;100;;
SCHBSP.3.WELEC;TCA;2022;100;;
SCHBSP.3.WELEC;TCA;2023;100;;
SCHBSP.3.WELEC;TCD;2017;26.37130928039551;;
SCHBSP.3.WELEC;TCD;2018;20.39106145251397;;
SCHBSP.3.WELEC;TCD;2019;30;;
SCHBSP.3.WELEC;TCD;2020;38.99018232819074;;
SCHBSP.3.WELEC;TCD;2021;12.95503044128418;;
SCHBSP.3.WELEC;TCD;2022;38.81578947368421;;
SCHBSP.3.WELEC;TCD;2023;39.47111129760742;;
SCHBSP.3.WELEC;TCD;2024;30.3921568627451;;
SCHBSP.3.WELEC;TGO;2017;81.57248157248156;;
SCHBSP.3.WELEC;TGO;2018;82.77404921700223;;
SCHBSP.3.WELEC;TGO;2019;59.7560975609756;;
SCHBSP.3.WELEC;TGO;2020;66.25659050966608;;
SCHBSP.3.WELEC;TGO;2021;77.34877734877735;;
SCHBSP.3.WELEC;TGO;2022;66.16541353383458;;
SCHBSP.3.WELEC;TGO;2023;85.69384835479255;;
SCHBSP.3.WELEC;TGO;2024;87.53501400560224;;
SCHBSP.3.WELEC;THA;2011;100;;
SCHBSP.3.WELEC;THA;2019;100;;
SCHBSP.3.WELEC;THA;2020;100;;
SCHBSP.3.WELEC;THA;2021;100;;
SCHBSP.3.WELEC;THA;2022;100;;
SCHBSP.3.WELEC;THA;2023;100;;
SCHBSP.3.WELEC;THA;2024;100;;
SCHBSP.3.WELEC;THA;2025;100;;
SCHBSP.3.WELEC;TKL;2019;100;;
SCHBSP.3.WELEC;TKL;2020;100;;
SCHBSP.3.WELEC;TKL;2021;100;;
SCHBSP.3.WELEC;TKL;2023;100;;
SCHBSP.3.WELEC;TKL;2024;100;;
SCHBSP.3.WELEC;TKM;2019;100;;
SCHBSP.3.WELEC;TKM;2020;100;;
SCHBSP.3.WELEC;TKM;2021;100;;
SCHBSP.3.WELEC;TKM;2022;100;;
SCHBSP.3.WELEC;TKM;2023;100;;
SCHBSP.3.WELEC;TKM;2024;100;;
SCHBSP.3.WELEC;TLS;2011;100;;
SCHBSP.3.WELEC;TLS;2019;78.70967741935485;;
SCHBSP.3.WELEC;TLS;2023;100;;
SCHBSP.3.WELEC;TON;2020;100;;
SCHBSP.3.WELEC;TON;2021;76.47058823529412;;
SCHBSP.3.WELEC;TON;2022;76.47058823529412;;
SCHBSP.3.WELEC;TON;2023;100;;
SCHBSP.3.WELEC;TON;2024;100;;
SCHBSP.3.WELEC;TTO;2009;100;;
SCHBSP.3.WELEC;TUN;2017;100;;
SCHBSP.3.WELEC;TUN;2018;100;;
SCHBSP.3.WELEC;TUN;2020;100;;
SCHBSP.3.WELEC;TUN;2021;100;;
SCHBSP.3.WELEC;TUN;2022;100;;
SCHBSP.3.WELEC;TUN;2023;100;;
SCHBSP.3.WELEC;TUR;2012;100;;
SCHBSP.3.WELEC;TUR;2013;100;;
SCHBSP.3.WELEC;TUR;2014;100;;
SCHBSP.3.WELEC;TUR;2015;100;;
SCHBSP.3.WELEC;TUR;2016;100;;
SCHBSP.3.WELEC;TUR;2017;100;;
SCHBSP.3.WELEC;TUR;2018;100;;
SCHBSP.3.WELEC;TUR;2019;100;;
SCHBSP.3.WELEC;TUR;2020;100;;
SCHBSP.3.WELEC;TUR;2021;100;;
SCHBSP.3.WELEC;TUR;2022;100;;
SCHBSP.3.WELEC;TUV;2016;100;UIS_EST;
SCHBSP.3.WELEC;TUV;2018;100;;
SCHBSP.3.WELEC;TUV;2019;100;;
SCHBSP.3.WELEC;TUV;2020;100;;
SCHBSP.3.WELEC;TUV;2021;100;;
SCHBSP.3.WELEC;TUV;2022;100;;
SCHBSP.3.WELEC;TUV;2023;100;;
SCHBSP.3.WELEC;TUV;2024;100;;
SCHBSP.3.WELEC;TUV;2025;100;;
SCHBSP.3.WELEC;TZA;2012;53.26855087280273;;
SCHBSP.3.WELEC;TZA;2016;100;;
SCHBSP.3.WELEC;TZA;2020;69.84249877929688;;
SCHBSP.3.WELEC;TZA;2021;74.92330932617188;;
SCHBSP.3.WELEC;UIS: Arab States;2014;93.55851745605469;UIS_EST;
SCHBSP.3.WELEC;UIS: Arab States;2015;93.18814849853516;UIS_EST;
SCHBSP.3.WELEC;UIS: Arab States;2016;96.8440170288086;;
SCHBSP.3.WELEC;UIS: Arab States;2017;96.0071792602539;UIS_EST;
SCHBSP.3.WELEC;UIS: Arab States;2018;94.88079071044922;UIS_EST;
SCHBSP.3.WELEC;UIS: Arab States;2019;93.5759506225586;UIS_EST;
SCHBSP.3.WELEC;UIS: Arab States;2020;92.30402374267578;UIS_EST;
SCHBSP.3.WELEC;UIS: Arab States;2021;89.74520111083984;;
SCHBSP.3.WELEC;UIS: Arab States;2022;88.06658172607422;UIS_EST;
SCHBSP.3.WELEC;UIS: Arab States;2023;85.09902954101562;UIS_EST;
SCHBSP.3.WELEC;UIS: Arab States;2024;89.02645874023438;;
SCHBSP.3.WELEC;UIS: Central Asia;2015;99.64363098144531;UIS_EST;
SCHBSP.3.WELEC;UIS: Central Asia;2016;99.63175201416016;UIS_EST;
SCHBSP.3.WELEC;UIS: Central Asia;2017;99.67447662353516;;
SCHBSP.3.WELEC;UIS: Central Asia;2018;99.72537994384766;;
SCHBSP.3.WELEC;UIS: Central Asia;2019;99.7449722290039;;
SCHBSP.3.WELEC;UIS: Central Asia;2020;99.79895782470703;;
SCHBSP.3.WELEC;UIS: Central Asia;2021;99.82781219482422;UIS_EST;
SCHBSP.3.WELEC;UIS: Central Asia;2022;99.71003723144531;UIS_EST;
SCHBSP.3.WELEC;UIS: Central Asia;2023;99.9648208618164;UIS_EST;
SCHBSP.3.WELEC;UIS: Central Asia;2024;100;;
SCHBSP.3.WELEC;UIS: Central and Eastern Europe;2011;99.7400131225586;UIS_EST;
SCHBSP.3.WELEC;UIS: Central and Eastern Europe;2012;99.7381362915039;UIS_EST;
SCHBSP.3.WELEC;UIS: Central and Eastern Europe;2013;99.7392807006836;UIS_EST;
SCHBSP.3.WELEC;UIS: Central and Eastern Europe;2014;99.73497009277344;UIS_EST;
SCHBSP.3.WELEC;UIS: Central and Eastern Europe;2015;99.71965789794922;UIS_EST;
SCHBSP.3.WELEC;UIS: Central and Eastern Europe;2016;99.7219009399414;;
SCHBSP.3.WELEC;UIS: Central and Eastern Europe;2017;99.40509033203125;;
SCHBSP.3.WELEC;UIS: Central and Eastern Europe;2018;99.00639343261719;;
SCHBSP.3.WELEC;UIS: Central and Eastern Europe;2019;98.45892333984375;;
SCHBSP.3.WELEC;UIS: Central and Eastern Europe;2020;98.70091247558594;;
SCHBSP.3.WELEC;UIS: Central and Eastern Europe;2021;98.69171905517578;;
SCHBSP.3.WELEC;UIS: Central and Eastern Europe;2022;98.40937042236328;UIS_EST;
SCHBSP.3.WELEC;UIS: Central and Eastern Europe;2023;98.16371154785156;UIS_EST;
SCHBSP.3.WELEC;UIS: East Asia and the Pacific;2015;97.32428741455078;UIS_EST;
SCHBSP.3.WELEC;UIS: East Asia and the Pacific;2016;97.2884521484375;UIS_EST;
SCHBSP.3.WELEC;UIS: East Asia and the Pacific;2017;96.69097900390625;;
SCHBSP.3.WELEC;UIS: East Asia and the Pacific;2018;96.84044647216797;;
SCHBSP.3.WELEC;UIS: East Asia and the Pacific;2019;97.26663970947266;UIS_EST;
SCHBSP.3.WELEC;UIS: East Asia and the Pacific;2020;97.54866790771484;UIS_EST;
SCHBSP.3.WELEC;UIS: East Asia and the Pacific;2021;96.8338394165039;UIS_EST;
SCHBSP.3.WELEC;UIS: East Asia and the Pacific;2022;97.54611206054688;UIS_EST;
SCHBSP.3.WELEC;UIS: East Asia and the Pacific;2023;97.58968353271484;UIS_EST;
SCHBSP.3.WELEC;UIS: East Asia and the Pacific;2024;97.6231918334961;;
SCHBSP.3.WELEC;UIS: Latin America and the Caribbean;2009;91.29463958740234;UIS_EST;
SCHBSP.3.WELEC;UIS: Latin America and the Caribbean;2010;91.57422637939453;UIS_EST;
SCHBSP.3.WELEC;UIS: Latin America and the Caribbean;2011;91.15727233886719;UIS_EST;
SCHBSP.3.WELEC;UIS: Latin America and the Caribbean;2012;90.58690643310547;UIS_EST;
SCHBSP.3.WELEC;UIS: Latin America and the Caribbean;2013;90.30554962158203;UIS_EST;
SCHBSP.3.WELEC;UIS: Latin America and the Caribbean;2014;90.04237365722656;UIS_EST;
SCHBSP.3.WELEC;UIS: Latin America and the Caribbean;2015;89.8065185546875;UIS_EST;
SCHBSP.3.WELEC;UIS: Latin America and the Caribbean;2016;89.62653350830078;UIS_EST;
SCHBSP.3.WELEC;UIS: Latin America and the Caribbean;2017;89.392822265625;UIS_EST;
SCHBSP.3.WELEC;UIS: Latin America and the Caribbean;2018;89.0699234008789;UIS_EST;
SCHBSP.3.WELEC;UIS: Latin America and the Caribbean;2019;89.36277770996094;UIS_EST;
SCHBSP.3.WELEC;UIS: Latin America and the Caribbean;2020;88.53922271728516;UIS_EST;
SCHBSP.3.WELEC;UIS: Latin America and the Caribbean;2021;87.46758270263672;UIS_EST;
SCHBSP.3.WELEC;UIS: Latin America and the Caribbean;2022;86.9237289428711;UIS_EST;
SCHBSP.3.WELEC;UIS: Latin America and the Caribbean;2023;89.07794952392578;UIS_EST;
SCHBSP.3.WELEC;UIS: North America and Western Europe;2006;100;UIS_EST;
SCHBSP.3.WELEC;UIS: North America and Western Europe;2007;100;UIS_EST;
SCHBSP.3.WELEC;UIS: North America and Western Europe;2010;100;UIS_EST;
SCHBSP.3.WELEC;UIS: North America and Western Europe;2012;100;UIS_EST;
SCHBSP.3.WELEC;UIS: North America and Western Europe;2013;100;UIS_EST;
SCHBSP.3.WELEC;UIS: North America and Western Europe;2015;100;;
SCHBSP.3.WELEC;UIS: North America and Western Europe;2016;100;UIS_EST;
SCHBSP.3.WELEC;UIS: North America and Western Europe;2017;100;UIS_EST;
SCHBSP.3.WELEC;UIS: North America and Western Europe;2018;100;UIS_EST;
SCHBSP.3.WELEC;UIS: North America and Western Europe;2019;100;;
SCHBSP.3.WELEC;UIS: North America and Western Europe;2020;100;UIS_EST;
SCHBSP.3.WELEC;UIS: South and West Asia;2011;77.75080871582031;UIS_EST;
SCHBSP.3.WELEC;UIS: South and West Asia;2012;76.36984252929688;;
SCHBSP.3.WELEC;UIS: South and West Asia;2013;78.00749969482422;UIS_EST;
SCHBSP.3.WELEC;UIS: South and West Asia;2014;79.48023986816406;UIS_EST;
SCHBSP.3.WELEC;UIS: South and West Asia;2015;80.82662200927734;UIS_EST;
SCHBSP.3.WELEC;UIS: South and West Asia;2016;82.07398986816406;;
SCHBSP.3.WELEC;UIS: South and West Asia;2017;83.9522705078125;;
SCHBSP.3.WELEC;UIS: South and West Asia;2018;84.0984115600586;;
SCHBSP.3.WELEC;UIS: South and West Asia;2019;85.64665222167969;;
SCHBSP.3.WELEC;UIS: South and West Asia;2020;87.95806121826172;;
SCHBSP.3.WELEC;UIS: South and West Asia;2021;86.39375305175781;;
SCHBSP.3.WELEC;UIS: South and West Asia;2022;88.58731842041016;;
SCHBSP.3.WELEC;UIS: South and West Asia;2023;87.17440795898438;;
SCHBSP.3.WELEC;UIS: South and West Asia;2024;86.0008773803711;;
SCHBSP.3.WELEC;UIS: Sub-Saharan Africa;2014;56.48134994506836;UIS_EST;
SCHBSP.3.WELEC;UIS: Sub-Saharan Africa;2015;57.52888107299805;UIS_EST;
SCHBSP.3.WELEC;UIS: Sub-Saharan Africa;2016;57.98297882080078;UIS_EST;
SCHBSP.3.WELEC;UIS: Sub-Saharan Africa;2017;57.19136810302734;UIS_EST;
SCHBSP.3.WELEC;UIS: Sub-Saharan Africa;2018;55.67826080322266;UIS_EST;
SCHBSP.3.WELEC;UIS: Sub-Saharan Africa;2019;54.52951812744141;UIS_EST;
SCHBSP.3.WELEC;UIS: Sub-Saharan Africa;2020;53.57505035400391;UIS_EST;
SCHBSP.3.WELEC;UIS: Sub-Saharan Africa;2021;52.55525970458984;UIS_EST;
SCHBSP.3.WELEC;UIS: Sub-Saharan Africa;2022;52.96768951416016;UIS_EST;
SCHBSP.3.WELEC;UIS: Sub-Saharan Africa;2023;53.90578079223633;UIS_EST;
SCHBSP.3.WELEC;UIS: Sub-Saharan Africa;2024;53.48199081420898;UIS_EST;
SCHBSP.3.WELEC;UIS: World;2011;85.54646301269531;UIS_EST;
SCHBSP.3.WELEC;UIS: World;2012;84.9601821899414;UIS_EST;
SCHBSP.3.WELEC;UIS: World;2013;85.29985809326172;UIS_EST;
SCHBSP.3.WELEC;UIS: World;2014;85.62803649902344;UIS_EST;
SCHBSP.3.WELEC;UIS: World;2015;85.91773986816406;UIS_EST;
SCHBSP.3.WELEC;UIS: World;2016;86.3378677368164;UIS_EST;
SCHBSP.3.WELEC;UIS: World;2017;86.83287048339844;;
SCHBSP.3.WELEC;UIS: World;2018;86.54930877685547;UIS_EST;
SCHBSP.3.WELEC;UIS: World;2019;86.8797378540039;;
SCHBSP.3.WELEC;UIS: World;2020;87.5316162109375;UIS_EST;
SCHBSP.3.WELEC;UIS: World;2021;86.23518371582031;UIS_EST;
SCHBSP.3.WELEC;UIS: World;2022;86.98809814453125;UIS_EST;
SCHBSP.3.WELEC;UIS: World;2023;86.62776184082031;UIS_EST;
SCHBSP.3.WELEC;UIS: World;2024;86.27918243408203;UIS_EST;
SCHBSP.3.WELEC;UKR;2016;100;;
SCHBSP.3.WELEC;UKR;2017;100;;
SCHBSP.3.WELEC;UKR;2018;100;;
SCHBSP.3.WELEC;UKR;2019;100;;
SCHBSP.3.WELEC;UKR;2020;100;;
SCHBSP.3.WELEC;UKR;2021;100;;
SCHBSP.3.WELEC;UKR;2023;97.56424308853975;;
SCHBSP.3.WELEC;UKR;2024;97.64168885507797;;
SCHBSP.3.WELEC;UNESCO: SIDS;2016;87.41712951660156;UIS_EST;
SCHBSP.3.WELEC;UNESCO: SIDS;2018;87.27487182617188;UIS_EST;
SCHBSP.3.WELEC;UNESCO: SIDS;2021;87.08191680908203;UIS_EST;
SCHBSP.3.WELEC;UNESCO: SIDS;2022;87.14225769042969;UIS_EST;
SCHBSP.3.WELEC;UNESCO: SIDS;2023;88.66281127929688;UIS_EST;
SCHBSP.3.WELEC;UNESCO: SIDS;2024;88.36663818359375;UIS_EST;
SCHBSP.3.WELEC;UNICEF: Africa;2014;62.52341079711914;UIS_EST;
SCHBSP.3.WELEC;UNICEF: Africa;2015;63.55287170410156;UIS_EST;
SCHBSP.3.WELEC;UNICEF: Africa;2016;64.87217712402344;UIS_EST;
SCHBSP.3.WELEC;UNICEF: Africa;2017;64.26969909667969;UIS_EST;
SCHBSP.3.WELEC;UNICEF: Africa;2018;62.58628082275391;UIS_EST;
SCHBSP.3.WELEC;UNICEF: Africa;2019;61.15525054931641;UIS_EST;
SCHBSP.3.WELEC;UNICEF: Africa;2020;60.02267074584961;UIS_EST;
SCHBSP.3.WELEC;UNICEF: Africa;2021;58.7133903503418;UIS_EST;
SCHBSP.3.WELEC;UNICEF: Africa;2022;58.47364044189453;UIS_EST;
SCHBSP.3.WELEC;UNICEF: Africa;2023;59.42192840576172;UIS_EST;
SCHBSP.3.WELEC;UNICEF: Africa;2024;58.88061904907227;UIS_EST;
SCHBSP.3.WELEC;UNICEF: All UNICEF Countries;2011;82.66584777832031;UIS_EST;
SCHBSP.3.WELEC;UNICEF: All UNICEF Countries;2012;81.95738983154297;UIS_EST;
SCHBSP.3.WELEC;UNICEF: All UNICEF Countries;2013;82.50372314453125;UIS_EST;
SCHBSP.3.WELEC;UNICEF: All UNICEF Countries;2014;83.03971862792969;UIS_EST;
SCHBSP.3.WELEC;UNICEF: All UNICEF Countries;2015;83.49482727050781;UIS_EST;
SCHBSP.3.WELEC;UNICEF: All UNICEF Countries;2016;84.08666229248047;UIS_EST;
SCHBSP.3.WELEC;UNICEF: All UNICEF Countries;2017;84.6981201171875;;
SCHBSP.3.WELEC;UNICEF: All UNICEF Countries;2018;84.42208099365234;;
SCHBSP.3.WELEC;UNICEF: All UNICEF Countries;2019;84.86295318603516;;
SCHBSP.3.WELEC;UNICEF: All UNICEF Countries;2020;85.63648223876953;;
SCHBSP.3.WELEC;UNICEF: All UNICEF Countries;2021;84.17134094238281;;
SCHBSP.3.WELEC;UNICEF: All UNICEF Countries;2022;85.07415771484375;UIS_EST;
SCHBSP.3.WELEC;UNICEF: All UNICEF Countries;2023;84.72003173828125;UIS_EST;
SCHBSP.3.WELEC;UNICEF: All UNICEF Countries;2024;84.33355712890625;;
SCHBSP.3.WELEC;UNICEF: Association of South East Asian Nations (ASEAN);2015;96.56906127929688;UIS_EST;
SCHBSP.3.WELEC;UNICEF: Association of South East Asian Nations (ASEAN);2016;96.49556732177734;UIS_EST;
SCHBSP.3.WELEC;UNICEF: Association of South East Asian Nations (ASEAN);2017;95.32527160644531;;
SCHBSP.3.WELEC;UNICEF: Association of South East Asian Nations (ASEAN);2018;95.57393646240234;;
SCHBSP.3.WELEC;UNICEF: Association of South East Asian Nations (ASEAN);2019;96.26753997802734;UIS_EST;
SCHBSP.3.WELEC;UNICEF: Association of South East Asian Nations (ASEAN);2020;96.68254852294922;UIS_EST;
SCHBSP.3.WELEC;UNICEF: Association of South East Asian Nations (ASEAN);2021;96.56999206542969;UIS_EST;
SCHBSP.3.WELEC;UNICEF: Association of South East Asian Nations (ASEAN);2022;96.57420349121094;UIS_EST;
SCHBSP.3.WELEC;UNICEF: Association of South East Asian Nations (ASEAN);2023;96.57183837890625;;
SCHBSP.3.WELEC;UNICEF: Association of South East Asian Nations (ASEAN);2024;96.59117889404297;;
SCHBSP.3.WELEC;UNICEF: Central and Eastern Europe/Commonwealth of Independent States;2015;99.71174621582031;UIS_EST;
SCHBSP.3.WELEC;UNICEF: Central and Eastern Europe/Commonwealth of Independent States;2016;99.7134017944336;UIS_EST;
SCHBSP.3.WELEC;UNICEF: Central and Eastern Europe/Commonwealth of Independent States;2017;99.62616729736328;;
SCHBSP.3.WELEC;UNICEF: Central and Eastern Europe/Commonwealth of Independent States;2018;99.57633972167969;;
SCHBSP.3.WELEC;UNICEF: Central and Eastern Europe/Commonwealth of Independent States;2019;99.48078155517578;;
SCHBSP.3.WELEC;UNICEF: Central and Eastern Europe/Commonwealth of Independent States;2020;99.68589782714844;;
SCHBSP.3.WELEC;UNICEF: Central and Eastern Europe/Commonwealth of Independent States;2021;99.68218994140625;;
SCHBSP.3.WELEC;UNICEF: Central and Eastern Europe/Commonwealth of Independent States;2022;99.42138671875;UIS_EST;
SCHBSP.3.WELEC;UNICEF: Central and Eastern Europe/Commonwealth of Independent States;2023;99.37349700927734;UIS_EST;
SCHBSP.3.WELEC;UNICEF: Central and Eastern Europe/Commonwealth of Independent States;2024;99.44331359863281;UIS_EST;
SCHBSP.3.WELEC;UNICEF: East Asia and Pacific;2016;97.24067687988281;UIS_EST;
SCHBSP.3.WELEC;UNICEF: East Asia and Pacific;2017;96.65039825439453;;
SCHBSP.3.WELEC;UNICEF: East Asia and Pacific;2018;96.80619812011719;;
SCHBSP.3.WELEC;UNICEF: East Asia and Pacific;2019;97.23863220214844;UIS_EST;
SCHBSP.3.WELEC;UNICEF: East Asia and Pacific;2020;97.52745056152344;UIS_EST;
SCHBSP.3.WELEC;UNICEF: East Asia and Pacific;2021;96.81970977783203;UIS_EST;
SCHBSP.3.WELEC;UNICEF: East Asia and Pacific;2022;97.53936767578125;UIS_EST;
SCHBSP.3.WELEC;UNICEF: East Asia and Pacific;2023;97.5907211303711;UIS_EST;
SCHBSP.3.WELEC;UNICEF: East Asia and Pacific;2024;97.6244125366211;;
SCHBSP.3.WELEC;UNICEF: East Asia and the Pacific Programme Countries;2016;97.03925323486328;UIS_EST;
SCHBSP.3.WELEC;UNICEF: East Asia and the Pacific Programme Countries;2017;96.33061218261719;;
SCHBSP.3.WELEC;UNICEF: East Asia and the Pacific Programme Countries;2018;96.5013427734375;;
SCHBSP.3.WELEC;UNICEF: East Asia and the Pacific Programme Countries;2019;96.99478912353516;UIS_EST;
SCHBSP.3.WELEC;UNICEF: East Asia and the Pacific Programme Countries;2020;97.3042221069336;UIS_EST;
SCHBSP.3.WELEC;UNICEF: East Asia and the Pacific Programme Countries;2021;96.45088958740234;UIS_EST;
SCHBSP.3.WELEC;UNICEF: East Asia and the Pacific Programme Countries;2022;97.27174377441406;UIS_EST;
SCHBSP.3.WELEC;UNICEF: East Asia and the Pacific Programme Countries;2023;97.3030776977539;;
SCHBSP.3.WELEC;UNICEF: East Asia and the Pacific Programme Countries;2024;97.33759307861328;;
SCHBSP.3.WELEC;UNICEF: Eastern Europe and Central Asia;2015;99.71174621582031;UIS_EST;
SCHBSP.3.WELEC;UNICEF: Eastern Europe and Central Asia;2016;99.7134017944336;UIS_EST;
SCHBSP.3.WELEC;UNICEF: Eastern Europe and Central Asia;2017;99.62616729736328;;
SCHBSP.3.WELEC;UNICEF: Eastern Europe and Central Asia;2018;99.57633972167969;;
SCHBSP.3.WELEC;UNICEF: Eastern Europe and Central Asia;2019;99.48078155517578;;
SCHBSP.3.WELEC;UNICEF: Eastern Europe and Central Asia;2020;99.68589782714844;;
SCHBSP.3.WELEC;UNICEF: Eastern Europe and Central Asia;2021;99.68218994140625;;
SCHBSP.3.WELEC;UNICEF: Eastern Europe and Central Asia;2022;99.42138671875;UIS_EST;
SCHBSP.3.WELEC;UNICEF: Eastern Europe and Central Asia;2023;99.37349700927734;UIS_EST;
SCHBSP.3.WELEC;UNICEF: Eastern Europe and Central Asia;2024;99.44331359863281;UIS_EST;
SCHBSP.3.WELEC;UNICEF: Eastern and Southern Africa;2015;74.1199722290039;UIS_EST;
SCHBSP.3.WELEC;UNICEF: Eastern and Southern Africa;2016;78.3607406616211;UIS_EST;
SCHBSP.3.WELEC;UNICEF: Eastern and Southern Africa;2017;78.30874633789062;UIS_EST;
SCHBSP.3.WELEC;UNICEF: Eastern and Southern Africa;2019;75.90535736083984;UIS_EST;
SCHBSP.3.WELEC;UNICEF: Eastern and Southern Africa;2022;78.42176055908203;UIS_EST;
SCHBSP.3.WELEC;UNICEF: Economic Community of Central African States (ECCAS);2014;23.23308944702148;UIS_EST;
SCHBSP.3.WELEC;UNICEF: Economic Community of Central African States (ECCAS);2015;23.71756935119629;;
SCHBSP.3.WELEC;UNICEF: Economic Community of Central African States (ECCAS);2016;23.21968078613281;UIS_EST;
SCHBSP.3.WELEC;UNICEF: Economic Community of Central African States (ECCAS);2017;22.00271034240723;UIS_EST;
SCHBSP.3.WELEC;UNICEF: Economic Community of Central African States (ECCAS);2018;21.34519958496094;UIS_EST;
SCHBSP.3.WELEC;UNICEF: Economic Community of Central African States (ECCAS);2019;21.60685920715332;UIS_EST;
SCHBSP.3.WELEC;UNICEF: Economic Community of Central African States (ECCAS);2020;21.78500938415527;UIS_EST;
SCHBSP.3.WELEC;UNICEF: Economic Community of Central African States (ECCAS);2021;20.31203079223633;;
SCHBSP.3.WELEC;UNICEF: Economic Community of Central African States (ECCAS);2022;22.04360961914063;UIS_EST;
SCHBSP.3.WELEC;UNICEF: Economic Community of Central African States (ECCAS);2023;23.67421913146973;;
SCHBSP.3.WELEC;UNICEF: Economic Community of Central African States (ECCAS);2024;23.37535095214844;UIS_EST;
SCHBSP.3.WELEC;UNICEF: Europe and Central Asia;2006;99.88255310058594;UIS_EST;
SCHBSP.3.WELEC;UNICEF: Europe and Central Asia;2007;99.8830795288086;UIS_EST;
SCHBSP.3.WELEC;UNICEF: Europe and Central Asia;2008;99.88323211669922;UIS_EST;
SCHBSP.3.WELEC;UNICEF: Europe and Central Asia;2009;99.88256072998047;UIS_EST;
SCHBSP.3.WELEC;UNICEF: Europe and Central Asia;2010;99.88166809082031;UIS_EST;
SCHBSP.3.WELEC;UNICEF: Europe and Central Asia;2011;99.87944793701172;UIS_EST;
SCHBSP.3.WELEC;UNICEF: Europe and Central Asia;2012;99.87873840332031;UIS_EST;
SCHBSP.3.WELEC;UNICEF: Europe and Central Asia;2013;99.87822723388672;UIS_EST;
SCHBSP.3.WELEC;UNICEF: Europe and Central Asia;2014;99.87747955322266;UIS_EST;
SCHBSP.3.WELEC;UNICEF: Europe and Central Asia;2015;99.87600708007812;UIS_EST;
SCHBSP.3.WELEC;UNICEF: Europe and Central Asia;2016;99.87564849853516;;
SCHBSP.3.WELEC;UNICEF: Europe and Central Asia;2017;99.76454162597656;;
SCHBSP.3.WELEC;UNICEF: Europe and Central Asia;2018;99.6224594116211;;
SCHBSP.3.WELEC;UNICEF: Europe and Central Asia;2019;99.41618347167969;;
SCHBSP.3.WELEC;UNICEF: Europe and Central Asia;2020;99.50608825683594;;
SCHBSP.3.WELEC;UNICEF: Europe and Central Asia;2021;99.50235748291016;UIS_EST;
SCHBSP.3.WELEC;UNICEF: Europe and Central Asia;2022;99.38633728027344;UIS_EST;
SCHBSP.3.WELEC;UNICEF: Europe and Central Asia;2023;99.36517333984375;UIS_EST;
SCHBSP.3.WELEC;UNICEF: Europe and Central Asia Programme Countries;2015;99.74436950683594;UIS_EST;
SCHBSP.3.WELEC;UNICEF: Europe and Central Asia Programme Countries;2016;99.74588775634766;;
SCHBSP.3.WELEC;UNICEF: Europe and Central Asia Programme Countries;2017;99.68769836425781;;
SCHBSP.3.WELEC;UNICEF: Europe and Central Asia Programme Countries;2018;99.6614990234375;;
SCHBSP.3.WELEC;UNICEF: Europe and Central Asia Programme Countries;2019;99.59303283691406;;
SCHBSP.3.WELEC;UNICEF: Europe and Central Asia Programme Countries;2020;99.76744079589844;;
SCHBSP.3.WELEC;UNICEF: Europe and Central Asia Programme Countries;2021;99.76439666748047;;
SCHBSP.3.WELEC;UNICEF: Europe and Central Asia Programme Countries;2022;99.48966979980469;UIS_EST;
SCHBSP.3.WELEC;UNICEF: Europe and Central Asia Programme Countries;2023;99.44154357910156;UIS_EST;
SCHBSP.3.WELEC;UNICEF: Europe and Central Asia Programme Countries;2024;99.5113525390625;UIS_EST;
SCHBSP.3.WELEC;UNICEF: Gulf Area;2015;100;UIS_EST;
SCHBSP.3.WELEC;UNICEF: Gulf Area;2017;100;;
SCHBSP.3.WELEC;UNICEF: Gulf Area;2018;100;;
SCHBSP.3.WELEC;UNICEF: Gulf Area;2019;100;;
SCHBSP.3.WELEC;UNICEF: Gulf Area;2020;100;;
SCHBSP.3.WELEC;UNICEF: Gulf Area;2021;100;;
SCHBSP.3.WELEC;UNICEF: Gulf Area;2022;100;;
SCHBSP.3.WELEC;UNICEF: Gulf Area;2023;100;UIS_EST;
SCHBSP.3.WELEC;UNICEF: Gulf Area;2024;99.80951690673828;;
SCHBSP.3.WELEC;UNICEF: Latin America and Caribbean;2009;91.59835052490234;UIS_EST;
SCHBSP.3.WELEC;UNICEF: Latin America and Caribbean;2010;91.84459686279297;UIS_EST;
SCHBSP.3.WELEC;UNICEF: Latin America and Caribbean;2011;91.4446792602539;UIS_EST;
SCHBSP.3.WELEC;UNICEF: Latin America and Caribbean;2012;90.89192199707031;UIS_EST;
SCHBSP.3.WELEC;UNICEF: Latin America and Caribbean;2013;90.60104370117188;UIS_EST;
SCHBSP.3.WELEC;UNICEF: Latin America and Caribbean;2014;90.32742309570312;UIS_EST;
SCHBSP.3.WELEC;UNICEF: Latin America and Caribbean;2015;90.08326721191406;UIS_EST;
SCHBSP.3.WELEC;UNICEF: Latin America and Caribbean;2016;89.89913940429688;UIS_EST;
SCHBSP.3.WELEC;UNICEF: Latin America and Caribbean;2017;89.66018676757812;UIS_EST;
SCHBSP.3.WELEC;UNICEF: Latin America and Caribbean;2018;89.3296890258789;UIS_EST;
SCHBSP.3.WELEC;UNICEF: Latin America and Caribbean;2019;89.61891174316406;UIS_EST;
SCHBSP.3.WELEC;UNICEF: Latin America and Caribbean;2020;88.78822326660156;UIS_EST;
SCHBSP.3.WELEC;UNICEF: Latin America and Caribbean;2021;87.70707702636719;UIS_EST;
SCHBSP.3.WELEC;UNICEF: Latin America and Caribbean;2022;87.1573715209961;UIS_EST;
SCHBSP.3.WELEC;UNICEF: Latin America and Caribbean;2023;89.3106689453125;UIS_EST;
SCHBSP.3.WELEC;UNICEF: Middle East and North Africa;2011;98.91512298583984;UIS_EST;
SCHBSP.3.WELEC;UNICEF: Middle East and North Africa;2012;98.69357299804688;UIS_EST;
SCHBSP.3.WELEC;UNICEF: Middle East and North Africa;2013;98.54743957519531;UIS_EST;
SCHBSP.3.WELEC;UNICEF: Middle East and North Africa;2015;98.25332641601562;UIS_EST;
SCHBSP.3.WELEC;UNICEF: Middle East and North Africa;2016;98.16587829589844;UIS_EST;
SCHBSP.3.WELEC;UNICEF: Middle East and North Africa;2017;97.5764389038086;UIS_EST;
SCHBSP.3.WELEC;UNICEF: Middle East and North Africa;2018;96.72350311279297;UIS_EST;
SCHBSP.3.WELEC;UNICEF: Middle East and North Africa;2019;95.66361999511719;UIS_EST;
SCHBSP.3.WELEC;UNICEF: Middle East and North Africa;2020;94.81253051757812;UIS_EST;
SCHBSP.3.WELEC;UNICEF: Middle East and North Africa;2021;93.88230895996094;UIS_EST;
SCHBSP.3.WELEC;UNICEF: Middle East and North Africa;2022;93.68131256103516;UIS_EST;
SCHBSP.3.WELEC;UNICEF: Middle East and North Africa;2023;91.44727325439453;UIS_EST;
SCHBSP.3.WELEC;UNICEF: Middle East and North Africa;2024;92.2531509399414;UIS_EST;
SCHBSP.3.WELEC;UNICEF: Middle East and North Africa Programme Countries;2011;97.178466796875;UIS_EST;
SCHBSP.3.WELEC;UNICEF: Middle East and North Africa Programme Countries;2012;96.82414245605469;UIS_EST;
SCHBSP.3.WELEC;UNICEF: Middle East and North Africa Programme Countries;2013;96.68244934082031;UIS_EST;
SCHBSP.3.WELEC;UNICEF: Middle East and North Africa Programme Countries;2015;96.19644927978516;UIS_EST;
SCHBSP.3.WELEC;UNICEF: Middle East and North Africa Programme Countries;2016;98.24288940429688;UIS_EST;
SCHBSP.3.WELEC;UNICEF: Middle East and North Africa Programme Countries;2017;97.68370819091797;UIS_EST;
SCHBSP.3.WELEC;UNICEF: Middle East and North Africa Programme Countries;2018;96.8709487915039;UIS_EST;
SCHBSP.3.WELEC;UNICEF: Middle East and North Africa Programme Countries;2019;95.87088775634766;UIS_EST;
SCHBSP.3.WELEC;UNICEF: Middle East and North Africa Programme Countries;2020;95.05075073242188;UIS_EST;
SCHBSP.3.WELEC;UNICEF: Middle East and North Africa Programme Countries;2021;94.1626968383789;UIS_EST;
SCHBSP.3.WELEC;UNICEF: Middle East and North Africa Programme Countries;2022;93.97872924804688;UIS_EST;
SCHBSP.3.WELEC;UNICEF: Middle East and North Africa Programme Countries;2023;91.81060028076172;UIS_EST;
SCHBSP.3.WELEC;UNICEF: Middle East and North Africa Programme Countries;2024;92.58621978759766;UIS_EST;
SCHBSP.3.WELEC;UNICEF: North America;2014;100;UIS_EST;
SCHBSP.3.WELEC;UNICEF: North America;2015;100;;
SCHBSP.3.WELEC;UNICEF: North America;2016;100;UIS_EST;
SCHBSP.3.WELEC;UNICEF: North America;2017;100;UIS_EST;
SCHBSP.3.WELEC;UNICEF: North America;2019;100;;
SCHBSP.3.WELEC;UNICEF: North America;2020;100;UIS_EST;
SCHBSP.3.WELEC;UNICEF: South Asia;2011;74.35002899169922;UIS_EST;
SCHBSP.3.WELEC;UNICEF: South Asia;2012;73.35002899169922;;
SCHBSP.3.WELEC;UNICEF: South Asia;2013;75.58506774902344;UIS_EST;
SCHBSP.3.WELEC;UNICEF: South Asia;2014;77.51235961914062;UIS_EST;
SCHBSP.3.WELEC;UNICEF: South Asia;2015;79.21302032470703;UIS_EST;
SCHBSP.3.WELEC;UNICEF: South Asia;2016;80.74185943603516;;
SCHBSP.3.WELEC;UNICEF: South Asia;2017;82.7830810546875;;
SCHBSP.3.WELEC;UNICEF: South Asia;2018;83.13153076171875;;
SCHBSP.3.WELEC;UNICEF: South Asia;2019;84.92935180664062;;
SCHBSP.3.WELEC;UNICEF: South Asia;2020;87.35894775390625;;
SCHBSP.3.WELEC;UNICEF: South Asia;2021;85.73194885253906;;
SCHBSP.3.WELEC;UNICEF: South Asia;2022;88.03766632080078;;
SCHBSP.3.WELEC;UNICEF: South Asia;2023;86.57425689697266;;
SCHBSP.3.WELEC;UNICEF: South Asia;2024;85.37122344970703;;
SCHBSP.3.WELEC;UNICEF: Sub-Saharan Africa;2014;57.37228012084961;UIS_EST;
SCHBSP.3.WELEC;UNICEF: Sub-Saharan Africa;2015;58.43888092041016;UIS_EST;
SCHBSP.3.WELEC;UNICEF: Sub-Saharan Africa;2016;59.83121109008789;UIS_EST;
SCHBSP.3.WELEC;UNICEF: Sub-Saharan Africa;2017;59.13780975341797;UIS_EST;
SCHBSP.3.WELEC;UNICEF: Sub-Saharan Africa;2018;57.62054824829102;UIS_EST;
SCHBSP.3.WELEC;UNICEF: Sub-Saharan Africa;2019;56.46440887451172;UIS_EST;
SCHBSP.3.WELEC;UNICEF: Sub-Saharan Africa;2020;55.48886871337891;UIS_EST;
SCHBSP.3.WELEC;UNICEF: Sub-Saharan Africa;2021;54.57271957397461;UIS_EST;
SCHBSP.3.WELEC;UNICEF: Sub-Saharan Africa;2022;55.03858184814453;UIS_EST;
SCHBSP.3.WELEC;UNICEF: Sub-Saharan Africa;2023;55.98289108276367;UIS_EST;
SCHBSP.3.WELEC;UNICEF: Sub-Saharan Africa;2024;55.18730926513672;UIS_EST;
SCHBSP.3.WELEC;UNICEF: West and Central Africa;2014;46.63574981689453;UIS_EST;
SCHBSP.3.WELEC;UNICEF: West and Central Africa;2015;47.25325012207031;UIS_EST;
SCHBSP.3.WELEC;UNICEF: West and Central Africa;2016;46.974609375;UIS_EST;
SCHBSP.3.WELEC;UNICEF: West and Central Africa;2017;46.27854919433594;UIS_EST;
SCHBSP.3.WELEC;UNICEF: West and Central Africa;2018;45.44598007202148;UIS_EST;
SCHBSP.3.WELEC;UNICEF: West and Central Africa;2019;43.70537948608398;UIS_EST;
SCHBSP.3.WELEC;UNICEF: West and Central Africa;2020;42.64133071899414;UIS_EST;
SCHBSP.3.WELEC;UNICEF: West and Central Africa;2021;41.65858840942383;UIS_EST;
SCHBSP.3.WELEC;UNICEF: West and Central Africa;2022;42.87102890014648;UIS_EST;
SCHBSP.3.WELEC;UNICEF: West and Central Africa;2023;44.44989013671875;UIS_EST;
SCHBSP.3.WELEC;UNICEF: West and Central Africa;2024;42.46849060058594;UIS_EST;
SCHBSP.3.WELEC;UNICEF: Western Balkans;2016;95.93372344970703;UIS_EST;
SCHBSP.3.WELEC;UNICEF: Western Europe;2000;100;UIS_EST;
SCHBSP.3.WELEC;UNICEF: Western Europe;2001;100;UIS_EST;
SCHBSP.3.WELEC;UNICEF: Western Europe;2002;100;UIS_EST;
SCHBSP.3.WELEC;UNICEF: Western Europe;2003;100;UIS_EST;
SCHBSP.3.WELEC;UNICEF: Western Europe;2004;100;UIS_EST;
SCHBSP.3.WELEC;UNICEF: Western Europe;2006;100;UIS_EST;
SCHBSP.3.WELEC;UNICEF: Western Europe;2007;100;;
SCHBSP.3.WELEC;UNICEF: Western Europe;2008;100;;
SCHBSP.3.WELEC;UNICEF: Western Europe;2009;100;;
SCHBSP.3.WELEC;UNICEF: Western Europe;2010;100;;
SCHBSP.3.WELEC;UNICEF: Western Europe;2012;100;;
SCHBSP.3.WELEC;UNICEF: Western Europe;2014;100;;
SCHBSP.3.WELEC;UNICEF: Western Europe;2015;100;;
SCHBSP.3.WELEC;UNICEF: Western Europe;2017;99.86976623535156;UIS_EST;
SCHBSP.3.WELEC;UNICEF: Western Europe;2018;99.65782165527344;UIS_EST;
SCHBSP.3.WELEC;UNICEF: Western Europe;2019;99.36653137207031;UIS_EST;
SCHBSP.3.WELEC;UNICEF: Western Europe;2020;99.36669921875;UIS_EST;
SCHBSP.3.WELEC;UNICEF: Western Europe;2021;99.36553955078125;UIS_EST;
SCHBSP.3.WELEC;UNICEF: Western Europe;2022;99.35832214355469;UIS_EST;
SCHBSP.3.WELEC;UNICEF: World;2011;85.57121276855469;UIS_EST;
SCHBSP.3.WELEC;UNICEF: World;2012;84.98831176757812;UIS_EST;
SCHBSP.3.WELEC;UNICEF: World;2013;85.32745361328125;UIS_EST;
SCHBSP.3.WELEC;UNICEF: World;2014;85.65509796142578;UIS_EST;
SCHBSP.3.WELEC;UNICEF: World;2015;85.9443130493164;UIS_EST;
SCHBSP.3.WELEC;UNICEF: World;2016;86.3641128540039;UIS_EST;
SCHBSP.3.WELEC;UNICEF: World;2017;86.85928344726562;;
SCHBSP.3.WELEC;UNICEF: World;2018;86.57449340820312;UIS_EST;
SCHBSP.3.WELEC;UNICEF: World;2019;86.90477752685547;;
SCHBSP.3.WELEC;UNICEF: World;2020;87.55721282958984;UIS_EST;
SCHBSP.3.WELEC;UNICEF: World;2021;86.25816345214844;UIS_EST;
SCHBSP.3.WELEC;UNICEF: World;2022;87.01165008544922;UIS_EST;
SCHBSP.3.WELEC;UNICEF: World;2023;86.65000915527344;UIS_EST;
SCHBSP.3.WELEC;UNICEF: World;2024;86.3007583618164;UIS_EST;
SCHBSP.3.WELEC;URY;2009;100;;
SCHBSP.3.WELEC;URY;2015;100;;
SCHBSP.3.WELEC;URY;2016;100;;
SCHBSP.3.WELEC;URY;2017;100;;
SCHBSP.3.WELEC;URY;2018;100;;
SCHBSP.3.WELEC;URY;2019;100;;
SCHBSP.3.WELEC;URY;2020;100;;
SCHBSP.3.WELEC;URY;2022;100;;
SCHBSP.3.WELEC;URY;2023;100;;
SCHBSP.3.WELEC;USA;2015;100;;
SCHBSP.3.WELEC;USA;2019;100;;
SCHBSP.3.WELEC;UZB;2017;100;;
SCHBSP.3.WELEC;UZB;2018;99.92886901737629;;
SCHBSP.3.WELEC;UZB;2019;99.20177831666162;;
SCHBSP.3.WELEC;UZB;2020;99.79375368296995;;
SCHBSP.3.WELEC;UZB;2021;99.73599849141995;;
SCHBSP.3.WELEC;UZB;2022;99.8133806102454;;
SCHBSP.3.WELEC;UZB;2023;99.66191520467837;;
SCHBSP.3.WELEC;UZB;2024;100;;
SCHBSP.3.WELEC;UZB;2025;100;;
SCHBSP.3.WELEC;VCT;2010;100;;
SCHBSP.3.WELEC;VCT;2016;100;;
SCHBSP.3.WELEC;VCT;2017;100;;
SCHBSP.3.WELEC;VCT;2018;96.29630279541016;;
SCHBSP.3.WELEC;VEN;2010;67.228271484375;;
SCHBSP.3.WELEC;VEN;2022;1.118899941444397;;
SCHBSP.3.WELEC;VEN;2024;50.02149963378906;;
SCHBSP.3.WELEC;VGB;2010;100;;
SCHBSP.3.WELEC;VGB;2016;100;;
SCHBSP.3.WELEC;VGB;2017;100;;
SCHBSP.3.WELEC;VGB;2018;100;;
SCHBSP.3.WELEC;VGB;2019;87.5;;
SCHBSP.3.WELEC;VGB;2020;87.5;;
SCHBSP.3.WELEC;VGB;2021;100;;
SCHBSP.3.WELEC;VGB;2022;100;;
SCHBSP.3.WELEC;VGB;2023;100;;
SCHBSP.3.WELEC;VGB;2024;100;;
SCHBSP.3.WELEC;VNM;2020;93.037088873338;;
SCHBSP.3.WELEC;VNM;2021;90.07238883143744;;
SCHBSP.3.WELEC;VNM;2022;88.87376658727459;;
SCHBSP.3.WELEC;VNM;2023;92.98067141403867;;
SCHBSP.3.WELEC;VNM;2024;93.2727884291961;;
SCHBSP.3.WELEC;WB: Africa Eastern and Southern;2014;49.78144073486328;UIS_EST;
SCHBSP.3.WELEC;WB: Africa Eastern and Southern;2015;51.25740814208984;UIS_EST;
SCHBSP.3.WELEC;WB: Africa Eastern and Southern;2016;53.14260864257813;UIS_EST;
SCHBSP.3.WELEC;WB: Africa Eastern and Southern;2017;52.26662826538086;UIS_EST;
SCHBSP.3.WELEC;WB: Africa Eastern and Southern;2018;50.31655120849609;UIS_EST;
SCHBSP.3.WELEC;WB: Africa Eastern and Southern;2019;49.37369155883789;UIS_EST;
SCHBSP.3.WELEC;WB: Africa Eastern and Southern;2020;47.77729034423828;UIS_EST;
SCHBSP.3.WELEC;WB: Africa Eastern and Southern;2021;45.55200958251953;UIS_EST;
SCHBSP.3.WELEC;WB: Africa Eastern and Southern;2022;45.72246932983398;UIS_EST;
SCHBSP.3.WELEC;WB: Africa Eastern and Southern;2023;46.17520141601563;UIS_EST;
SCHBSP.3.WELEC;WB: Africa Eastern and Southern;2024;46.33113861083984;UIS_EST;
SCHBSP.3.WELEC;WB: Africa Western and Central;2021;71.82244873046875;UIS_EST;
SCHBSP.3.WELEC;WB: Arab World;2014;93.27155303955078;UIS_EST;
SCHBSP.3.WELEC;WB: Arab World;2015;92.90084838867188;UIS_EST;
SCHBSP.3.WELEC;WB: Arab World;2016;96.5033187866211;;
SCHBSP.3.WELEC;WB: Arab World;2017;95.67041015625;UIS_EST;
SCHBSP.3.WELEC;WB: Arab World;2018;94.55908203125;UIS_EST;
SCHBSP.3.WELEC;WB: Arab World;2019;93.27262878417969;UIS_EST;
SCHBSP.3.WELEC;WB: Arab World;2020;92.0212631225586;UIS_EST;
SCHBSP.3.WELEC;WB: Arab World;2021;89.51033020019531;;
SCHBSP.3.WELEC;WB: Arab World;2022;87.85148620605469;UIS_EST;
SCHBSP.3.WELEC;WB: Arab World;2023;84.94976806640625;UIS_EST;
SCHBSP.3.WELEC;WB: Arab World;2024;88.81275177001953;;
SCHBSP.3.WELEC;WB: Caribbean small states;2008;100;UIS_EST;
SCHBSP.3.WELEC;WB: Caribbean small states;2009;100;UIS_EST;
SCHBSP.3.WELEC;WB: Caribbean small states;2010;100;UIS_EST;
SCHBSP.3.WELEC;WB: Caribbean small states;2011;100;UIS_EST;
SCHBSP.3.WELEC;WB: Caribbean small states;2014;100;UIS_EST;
SCHBSP.3.WELEC;WB: Caribbean small states;2015;100;UIS_EST;
SCHBSP.3.WELEC;WB: Caribbean small states;2016;100;UIS_EST;
SCHBSP.3.WELEC;WB: Caribbean small states;2017;100;UIS_EST;
SCHBSP.3.WELEC;WB: Caribbean small states;2018;99.89910888671875;UIS_EST;
SCHBSP.3.WELEC;WB: Caribbean small states;2019;99.90337371826172;UIS_EST;
SCHBSP.3.WELEC;WB: Caribbean small states;2020;99.89077758789062;UIS_EST;
SCHBSP.3.WELEC;WB: Caribbean small states;2021;99.88693237304688;UIS_EST;
SCHBSP.3.WELEC;WB: Caribbean small states;2022;99.89000701904297;UIS_EST;
SCHBSP.3.WELEC;WB: Caribbean small states;2023;99.89035034179688;UIS_EST;
SCHBSP.3.WELEC;WB: Caribbean small states;2024;99.89035034179688;UIS_EST;
SCHBSP.3.WELEC;WB: Central Europe and the Baltics;2000;99.79863739013672;;
SCHBSP.3.WELEC;WB: Central Europe and the Baltics;2001;99.80191802978516;;
SCHBSP.3.WELEC;WB: Central Europe and the Baltics;2002;99.80378723144531;;
SCHBSP.3.WELEC;WB: Central Europe and the Baltics;2003;99.80840301513672;;
SCHBSP.3.WELEC;WB: Central Europe and the Baltics;2004;99.80785369873047;;
SCHBSP.3.WELEC;WB: Central Europe and the Baltics;2005;99.8050308227539;;
SCHBSP.3.WELEC;WB: Central Europe and the Baltics;2006;99.80024719238281;;
SCHBSP.3.WELEC;WB: Central Europe and the Baltics;2007;99.79342651367188;;
SCHBSP.3.WELEC;WB: Central Europe and the Baltics;2008;99.79097747802734;;
SCHBSP.3.WELEC;WB: Central Europe and the Baltics;2009;99.78871154785156;UIS_EST;
SCHBSP.3.WELEC;WB: Central Europe and the Baltics;2010;99.7854232788086;UIS_EST;
SCHBSP.3.WELEC;WB: Central Europe and the Baltics;2011;99.78511810302734;UIS_EST;
SCHBSP.3.WELEC;WB: Central Europe and the Baltics;2012;99.78562927246094;;
SCHBSP.3.WELEC;WB: Central Europe and the Baltics;2013;99.78350830078125;;
SCHBSP.3.WELEC;WB: Central Europe and the Baltics;2014;99.77285766601562;;
SCHBSP.3.WELEC;WB: Central Europe and the Baltics;2015;99.77021789550781;;
SCHBSP.3.WELEC;WB: Central Europe and the Baltics;2016;99.7593002319336;;
SCHBSP.3.WELEC;WB: Central Europe and the Baltics;2017;99.0422134399414;;
SCHBSP.3.WELEC;WB: Central Europe and the Baltics;2018;98.0164794921875;UIS_EST;
SCHBSP.3.WELEC;WB: Central Europe and the Baltics;2019;96.66507720947266;;
SCHBSP.3.WELEC;WB: Central Europe and the Baltics;2020;96.87042236328125;UIS_EST;
SCHBSP.3.WELEC;WB: Central Europe and the Baltics;2021;96.84459686279297;UIS_EST;
SCHBSP.3.WELEC;WB: Central Europe and the Baltics;2022;96.80570220947266;UIS_EST;
SCHBSP.3.WELEC;WB: Early-demographic dividend;2011;83.35550689697266;UIS_EST;
SCHBSP.3.WELEC;WB: Early-demographic dividend;2012;82.48650360107422;UIS_EST;
SCHBSP.3.WELEC;WB: Early-demographic dividend;2013;83.21939086914062;UIS_EST;
SCHBSP.3.WELEC;WB: Early-demographic dividend;2014;83.92269897460938;UIS_EST;
SCHBSP.3.WELEC;WB: Early-demographic dividend;2015;84.52194213867188;UIS_EST;
SCHBSP.3.WELEC;WB: Early-demographic dividend;2016;85.2173080444336;;
SCHBSP.3.WELEC;WB: Early-demographic dividend;2017;86.22982025146484;;
SCHBSP.3.WELEC;WB: Early-demographic dividend;2018;86.20494842529297;;
SCHBSP.3.WELEC;WB: Early-demographic dividend;2019;87.2863998413086;;
SCHBSP.3.WELEC;WB: Early-demographic dividend;2020;88.74774169921875;;
SCHBSP.3.WELEC;WB: Early-demographic dividend;2021;87.38957214355469;;
SCHBSP.3.WELEC;WB: Early-demographic dividend;2022;88.71884155273438;;
SCHBSP.3.WELEC;WB: Early-demographic dividend;2023;88.11827850341797;;
SCHBSP.3.WELEC;WB: Early-demographic dividend;2024;87.5169677734375;;
SCHBSP.3.WELEC;WB: East Asia & Pacific;2016;97.25652313232422;UIS_EST;
SCHBSP.3.WELEC;WB: East Asia & Pacific;2017;96.6689682006836;;
SCHBSP.3.WELEC;WB: East Asia & Pacific;2018;96.82380676269531;;
SCHBSP.3.WELEC;WB: East Asia & Pacific;2019;97.25385284423828;UIS_EST;
SCHBSP.3.WELEC;WB: East Asia & Pacific;2020;97.5408706665039;UIS_EST;
SCHBSP.3.WELEC;WB: East Asia & Pacific;2021;96.83721160888672;UIS_EST;
SCHBSP.3.WELEC;WB: East Asia & Pacific;2022;97.55294799804688;UIS_EST;
SCHBSP.3.WELEC;WB: East Asia & Pacific;2023;97.60426330566406;UIS_EST;
SCHBSP.3.WELEC;WB: East Asia & Pacific;2024;97.63818359375;;
SCHBSP.3.WELEC;WB: East Asia & Pacific (IDA & IBRD);2016;97.15558624267578;UIS_EST;
SCHBSP.3.WELEC;WB: East Asia & Pacific (IDA & IBRD);2017;96.40267181396484;;
SCHBSP.3.WELEC;WB: East Asia & Pacific (IDA & IBRD);2018;96.56472778320312;;
SCHBSP.3.WELEC;WB: East Asia & Pacific (IDA & IBRD);2019;97.06546783447266;UIS_EST;
SCHBSP.3.WELEC;WB: East Asia & Pacific (IDA & IBRD);2020;97.36102294921875;UIS_EST;
SCHBSP.3.WELEC;WB: East Asia & Pacific (IDA & IBRD);2021;96.46875;UIS_EST;
SCHBSP.3.WELEC;WB: East Asia & Pacific (IDA & IBRD);2022;97.29924774169922;UIS_EST;
SCHBSP.3.WELEC;WB: East Asia & Pacific (IDA & IBRD);2023;97.31078338623047;;
SCHBSP.3.WELEC;WB: East Asia & Pacific (IDA & IBRD);2024;97.34678649902344;;
SCHBSP.3.WELEC;WB: East Asia & Pacific (excluding high income);2016;97.03671264648438;UIS_EST;
SCHBSP.3.WELEC;WB: East Asia & Pacific (excluding high income);2017;96.32801055908203;;
SCHBSP.3.WELEC;WB: East Asia & Pacific (excluding high income);2018;96.4987564086914;;
SCHBSP.3.WELEC;WB: East Asia & Pacific (excluding high income);2019;96.99195861816406;UIS_EST;
SCHBSP.3.WELEC;WB: East Asia & Pacific (excluding high income);2020;97.30143737792969;UIS_EST;
SCHBSP.3.WELEC;WB: East Asia & Pacific (excluding high income);2021;96.44745635986328;UIS_EST;
SCHBSP.3.WELEC;WB: East Asia & Pacific (excluding high income);2022;97.26908111572266;UIS_EST;
SCHBSP.3.WELEC;WB: East Asia & Pacific (excluding high income);2023;97.30040740966797;;
SCHBSP.3.WELEC;WB: East Asia & Pacific (excluding high income);2024;97.33489990234375;;
SCHBSP.3.WELEC;WB: Euro area;2000;99.98967742919922;UIS_EST;
SCHBSP.3.WELEC;WB: Euro area;2001;99.98946380615234;UIS_EST;
SCHBSP.3.WELEC;WB: Euro area;2002;99.98925018310547;UIS_EST;
SCHBSP.3.WELEC;WB: Euro area;2003;99.98918151855469;UIS_EST;
SCHBSP.3.WELEC;WB: Euro area;2004;99.98899841308594;UIS_EST;
SCHBSP.3.WELEC;WB: Euro area;2005;99.98905181884766;UIS_EST;
SCHBSP.3.WELEC;WB: Euro area;2006;99.9890365600586;UIS_EST;
SCHBSP.3.WELEC;WB: Euro area;2007;99.98912811279297;;
SCHBSP.3.WELEC;WB: Euro area;2008;99.98927307128906;;
SCHBSP.3.WELEC;WB: Euro area;2009;99.9893569946289;;
SCHBSP.3.WELEC;WB: Euro area;2010;99.98937225341797;;
SCHBSP.3.WELEC;WB: Euro area;2011;99.9891586303711;;
SCHBSP.3.WELEC;WB: Euro area;2012;99.98924255371094;;
SCHBSP.3.WELEC;WB: Euro area;2013;99.9892578125;;
SCHBSP.3.WELEC;WB: Euro area;2014;99.98930358886719;;
SCHBSP.3.WELEC;WB: Euro area;2015;99.98938751220703;;
SCHBSP.3.WELEC;WB: Euro area;2016;99.98938751220703;;
SCHBSP.3.WELEC;WB: Euro area;2017;99.98219299316406;;
SCHBSP.3.WELEC;WB: Euro area;2018;99.97638702392578;;
SCHBSP.3.WELEC;WB: Euro area;2019;99.96920013427734;;
SCHBSP.3.WELEC;WB: Euro area;2020;99.97830200195312;;
SCHBSP.3.WELEC;WB: Euro area;2021;99.978271484375;;
SCHBSP.3.WELEC;WB: Euro area;2022;99.97669219970703;UIS_EST;
SCHBSP.3.WELEC;WB: Euro area;2023;99.97544860839844;UIS_EST;
SCHBSP.3.WELEC;WB: Europe & Central Asia;2006;99.87946319580078;UIS_EST;
SCHBSP.3.WELEC;WB: Europe & Central Asia;2007;99.87998962402344;UIS_EST;
SCHBSP.3.WELEC;WB: Europe & Central Asia;2008;99.88011932373047;UIS_EST;
SCHBSP.3.WELEC;WB: Europe & Central Asia;2009;99.87940216064453;UIS_EST;
SCHBSP.3.WELEC;WB: Europe & Central Asia;2010;99.87846374511719;UIS_EST;
SCHBSP.3.WELEC;WB: Europe & Central Asia;2011;99.87615203857422;UIS_EST;
SCHBSP.3.WELEC;WB: Europe & Central Asia;2012;99.87535095214844;UIS_EST;
SCHBSP.3.WELEC;WB: Europe & Central Asia;2013;99.87480926513672;UIS_EST;
SCHBSP.3.WELEC;WB: Europe & Central Asia;2014;99.87397766113281;UIS_EST;
SCHBSP.3.WELEC;WB: Europe & Central Asia;2015;99.8723373413086;UIS_EST;
SCHBSP.3.WELEC;WB: Europe & Central Asia;2016;99.87193298339844;;
SCHBSP.3.WELEC;WB: Europe & Central Asia;2017;99.75747680664062;;
SCHBSP.3.WELEC;WB: Europe & Central Asia;2018;99.61116027832031;;
SCHBSP.3.WELEC;WB: Europe & Central Asia;2019;99.39871215820312;;
SCHBSP.3.WELEC;WB: Europe & Central Asia;2020;99.49136352539062;;
SCHBSP.3.WELEC;WB: Europe & Central Asia;2021;99.48735809326172;;
SCHBSP.3.WELEC;WB: Europe & Central Asia;2022;99.36820220947266;UIS_EST;
SCHBSP.3.WELEC;WB: Europe & Central Asia;2023;99.34673309326172;UIS_EST;
SCHBSP.3.WELEC;WB: Europe & Central Asia;2024;99.38079833984375;UIS_EST;
SCHBSP.3.WELEC;WB: Europe & Central Asia (IDA & IBRD);2015;99.7491226196289;UIS_EST;
SCHBSP.3.WELEC;WB: Europe & Central Asia (IDA & IBRD);2016;99.7477798461914;;
SCHBSP.3.WELEC;WB: Europe & Central Asia (IDA & IBRD);2017;99.6703872680664;;
SCHBSP.3.WELEC;WB: Europe & Central Asia (IDA & IBRD);2018;99.62438201904297;;
SCHBSP.3.WELEC;WB: Europe & Central Asia (IDA & IBRD);2019;99.53836822509766;;
SCHBSP.3.WELEC;WB: Europe & Central Asia (IDA & IBRD);2020;99.720458984375;;
SCHBSP.3.WELEC;WB: Europe & Central Asia (IDA & IBRD);2021;99.71742248535156;;
SCHBSP.3.WELEC;WB: Europe & Central Asia (IDA & IBRD);2022;99.48339080810547;UIS_EST;
SCHBSP.3.WELEC;WB: Europe & Central Asia (IDA & IBRD);2023;99.4383773803711;UIS_EST;
SCHBSP.3.WELEC;WB: Europe & Central Asia (IDA & IBRD);2024;99.49851989746094;UIS_EST;
SCHBSP.3.WELEC;WB: Europe & Central Asia (excluding high income);2015;99.80269622802734;UIS_EST;
SCHBSP.3.WELEC;WB: Europe & Central Asia (excluding high income);2016;99.804443359375;;
SCHBSP.3.WELEC;WB: Europe & Central Asia (excluding high income);2017;99.80011749267578;;
SCHBSP.3.WELEC;WB: Europe & Central Asia (excluding high income);2018;99.81877136230469;;
SCHBSP.3.WELEC;WB: Europe & Central Asia (excluding high income);2019;99.80374145507812;;
SCHBSP.3.WELEC;WB: Europe & Central Asia (excluding high income);2020;99.9216079711914;;
SCHBSP.3.WELEC;WB: Europe & Central Asia (excluding high income);2021;99.92051696777344;;
SCHBSP.3.WELEC;WB: Europe & Central Asia (excluding high income);2022;99.61682891845703;UIS_EST;
SCHBSP.3.WELEC;WB: Europe & Central Asia (excluding high income);2023;99.56491088867188;UIS_EST;
SCHBSP.3.WELEC;WB: Europe & Central Asia (excluding high income);2024;99.63278198242188;UIS_EST;
SCHBSP.3.WELEC;WB: European Union;2000;99.93418884277344;UIS_EST;
SCHBSP.3.WELEC;WB: European Union;2001;99.93353271484375;UIS_EST;
SCHBSP.3.WELEC;WB: European Union;2002;99.93380737304688;UIS_EST;
SCHBSP.3.WELEC;WB: European Union;2003;99.93357849121094;UIS_EST;
SCHBSP.3.WELEC;WB: European Union;2004;99.93305206298828;UIS_EST;
SCHBSP.3.WELEC;WB: European Union;2005;99.93334197998047;UIS_EST;
SCHBSP.3.WELEC;WB: European Union;2006;99.93338775634766;UIS_EST;
SCHBSP.3.WELEC;WB: European Union;2007;99.9339828491211;;
SCHBSP.3.WELEC;WB: European Union;2008;99.93460845947266;;
SCHBSP.3.WELEC;WB: European Union;2009;99.93508911132812;;
SCHBSP.3.WELEC;WB: European Union;2010;99.93527221679688;;
SCHBSP.3.WELEC;WB: European Union;2011;99.93485260009766;;
SCHBSP.3.WELEC;WB: European Union;2012;99.93563079833984;;
SCHBSP.3.WELEC;WB: European Union;2013;99.93540954589844;;
SCHBSP.3.WELEC;WB: European Union;2014;99.93569946289062;;
SCHBSP.3.WELEC;WB: European Union;2015;99.93907165527344;;
SCHBSP.3.WELEC;WB: European Union;2016;99.93795776367188;;
SCHBSP.3.WELEC;WB: European Union;2017;99.7500991821289;;
SCHBSP.3.WELEC;WB: European Union;2018;99.4788589477539;;
SCHBSP.3.WELEC;WB: European Union;2019;99.11064910888672;;
SCHBSP.3.WELEC;WB: European Union;2020;99.16478729248047;;
SCHBSP.3.WELEC;WB: European Union;2021;99.1635513305664;;
SCHBSP.3.WELEC;WB: European Union;2022;99.14824676513672;UIS_EST;
SCHBSP.3.WELEC;WB: FY23 IDA & IBRD countries classified as fragile situations;2014;57.21020889282227;UIS_EST;
SCHBSP.3.WELEC;WB: FY23 IDA & IBRD countries classified as fragile situations;2015;57.11058044433594;UIS_EST;
SCHBSP.3.WELEC;WB: FY23 IDA & IBRD countries classified as fragile situations;2016;57.37617111206055;UIS_EST;
SCHBSP.3.WELEC;WB: FY23 IDA & IBRD countries classified as fragile situations;2017;56.96503829956055;UIS_EST;
SCHBSP.3.WELEC;WB: FY23 IDA & IBRD countries classified as fragile situations;2018;56.22402954101563;UIS_EST;
SCHBSP.3.WELEC;WB: FY23 IDA & IBRD countries classified as fragile situations;2019;54.6963005065918;UIS_EST;
SCHBSP.3.WELEC;WB: FY23 IDA & IBRD countries classified as fragile situations;2020;53.56621932983398;UIS_EST;
SCHBSP.3.WELEC;WB: FY23 IDA & IBRD countries classified as fragile situations;2021;51.41139984130859;UIS_EST;
SCHBSP.3.WELEC;WB: FY23 IDA & IBRD countries classified as fragile situations;2022;50.85811996459961;UIS_EST;
SCHBSP.3.WELEC;WB: FY23 IDA & IBRD countries classified as fragile situations;2023;53.54397964477539;UIS_EST;
SCHBSP.3.WELEC;WB: FY23 IDA & IBRD countries classified as fragile situations;2024;53.43161010742188;UIS_EST;
SCHBSP.3.WELEC;WB: FY23 IDA countries classified as fragile situations;2014;49.68490982055664;UIS_EST;
SCHBSP.3.WELEC;WB: FY23 IDA countries classified as fragile situations;2015;50.36296081542969;UIS_EST;
SCHBSP.3.WELEC;WB: FY23 IDA countries classified as fragile situations;2016;51.38832092285156;UIS_EST;
SCHBSP.3.WELEC;WB: FY23 IDA countries classified as fragile situations;2017;51.60828018188477;UIS_EST;
SCHBSP.3.WELEC;WB: FY23 IDA countries classified as fragile situations;2018;51.40948104858398;UIS_EST;
SCHBSP.3.WELEC;WB: FY23 IDA countries classified as fragile situations;2019;50.28361892700195;UIS_EST;
SCHBSP.3.WELEC;WB: FY23 IDA countries classified as fragile situations;2020;49.56575012207031;UIS_EST;
SCHBSP.3.WELEC;WB: FY23 IDA countries classified as fragile situations;2021;47.69033050537109;UIS_EST;
SCHBSP.3.WELEC;WB: FY23 IDA countries classified as fragile situations;2022;48.07358169555664;UIS_EST;
SCHBSP.3.WELEC;WB: FY23 IDA countries classified as fragile situations;2023;48.9622802734375;UIS_EST;
SCHBSP.3.WELEC;WB: FY23 IDA countries classified as fragile situations;2024;48.89073181152344;UIS_EST;
SCHBSP.3.WELEC;WB: Fragile and conflict affected situations;2014;57.66345977783203;UIS_EST;
SCHBSP.3.WELEC;WB: Fragile and conflict affected situations;2015;57.56710052490234;UIS_EST;
SCHBSP.3.WELEC;WB: Fragile and conflict affected situations;2016;57.83335113525391;UIS_EST;
SCHBSP.3.WELEC;WB: Fragile and conflict affected situations;2017;57.38262176513672;UIS_EST;
SCHBSP.3.WELEC;WB: Fragile and conflict affected situations;2018;56.73542022705078;UIS_EST;
SCHBSP.3.WELEC;WB: Fragile and conflict affected situations;2019;55.20526123046875;UIS_EST;
SCHBSP.3.WELEC;WB: Fragile and conflict affected situations;2020;54.07585144042969;UIS_EST;
SCHBSP.3.WELEC;WB: Fragile and conflict affected situations;2021;51.91947174072266;UIS_EST;
SCHBSP.3.WELEC;WB: Fragile and conflict affected situations;2022;51.37023162841797;UIS_EST;
SCHBSP.3.WELEC;WB: Fragile and conflict affected situations;2023;54.0343017578125;UIS_EST;
SCHBSP.3.WELEC;WB: Fragile and conflict affected situations;2024;53.83609008789063;UIS_EST;
SCHBSP.3.WELEC;WB: Global Partnership for Education (July 2019);2014;57.60210037231445;UIS_EST;
SCHBSP.3.WELEC;WB: Global Partnership for Education (July 2019);2015;58.93156051635742;UIS_EST;
SCHBSP.3.WELEC;WB: Global Partnership for Education (July 2019);2016;60.42333984375;UIS_EST;
SCHBSP.3.WELEC;WB: Global Partnership for Education (July 2019);2017;61.36888122558594;UIS_EST;
SCHBSP.3.WELEC;WB: Global Partnership for Education (July 2019);2018;61.01982116699219;UIS_EST;
SCHBSP.3.WELEC;WB: Global Partnership for Education (July 2019);2019;60.94184112548828;UIS_EST;
SCHBSP.3.WELEC;WB: Global Partnership for Education (July 2019);2020;60.328369140625;UIS_EST;
SCHBSP.3.WELEC;WB: Global Partnership for Education (July 2019);2021;59.43825912475586;UIS_EST;
SCHBSP.3.WELEC;WB: Global Partnership for Education (July 2019);2022;59.95750045776367;UIS_EST;
SCHBSP.3.WELEC;WB: Global Partnership for Education (July 2019);2023;60.01422119140625;UIS_EST;
SCHBSP.3.WELEC;WB: Global Partnership for Education (July 2019);2024;59.33250045776367;UIS_EST;
SCHBSP.3.WELEC;WB: Heavily Indebted Poor Countries (HIPC);2014;48.8215217590332;UIS_EST;
SCHBSP.3.WELEC;WB: Heavily Indebted Poor Countries (HIPC);2015;50.0783805847168;UIS_EST;
SCHBSP.3.WELEC;WB: Heavily Indebted Poor Countries (HIPC);2016;51.61909866333008;UIS_EST;
SCHBSP.3.WELEC;WB: Heavily Indebted Poor Countries (HIPC);2017;50.99319076538086;UIS_EST;
SCHBSP.3.WELEC;WB: Heavily Indebted Poor Countries (HIPC);2018;49.76620864868164;UIS_EST;
SCHBSP.3.WELEC;WB: Heavily Indebted Poor Countries (HIPC);2019;48.59460830688477;UIS_EST;
SCHBSP.3.WELEC;WB: Heavily Indebted Poor Countries (HIPC);2020;47.49777984619141;UIS_EST;
SCHBSP.3.WELEC;WB: Heavily Indebted Poor Countries (HIPC);2021;46.57450103759766;;
SCHBSP.3.WELEC;WB: Heavily Indebted Poor Countries (HIPC);2022;46.94184875488281;UIS_EST;
SCHBSP.3.WELEC;WB: Heavily Indebted Poor Countries (HIPC);2023;48.11278915405273;UIS_EST;
SCHBSP.3.WELEC;WB: Heavily Indebted Poor Countries (HIPC);2024;47.0959587097168;UIS_EST;
SCHBSP.3.WELEC;WB: High income (July 2025);2002;99.01226806640625;UIS_EST;
SCHBSP.3.WELEC;WB: High income (July 2025);2003;99.0043716430664;UIS_EST;
SCHBSP.3.WELEC;WB: High income (July 2025);2004;98.98245239257812;UIS_EST;
SCHBSP.3.WELEC;WB: High income (July 2025);2005;98.9761734008789;UIS_EST;
SCHBSP.3.WELEC;WB: High income (July 2025);2006;98.96533966064453;UIS_EST;
SCHBSP.3.WELEC;WB: High income (July 2025);2007;98.97518920898438;UIS_EST;
SCHBSP.3.WELEC;WB: High income (July 2025);2008;98.94609832763672;UIS_EST;
SCHBSP.3.WELEC;WB: High income (July 2025);2009;98.91673278808594;UIS_EST;
SCHBSP.3.WELEC;WB: High income (July 2025);2010;98.92803955078125;UIS_EST;
SCHBSP.3.WELEC;WB: High income (July 2025);2011;98.83631134033203;UIS_EST;
SCHBSP.3.WELEC;WB: High income (July 2025);2012;98.7740707397461;UIS_EST;
SCHBSP.3.WELEC;WB: High income (July 2025);2013;98.74392700195312;UIS_EST;
SCHBSP.3.WELEC;WB: High income (July 2025);2014;98.70142364501953;UIS_EST;
SCHBSP.3.WELEC;WB: High income (July 2025);2015;98.6626205444336;;
SCHBSP.3.WELEC;WB: High income (July 2025);2016;98.63511657714844;UIS_EST;
SCHBSP.3.WELEC;WB: High income (July 2025);2017;98.42082977294922;UIS_EST;
SCHBSP.3.WELEC;WB: High income (July 2025);2018;98.3729476928711;UIS_EST;
SCHBSP.3.WELEC;WB: High income (July 2025);2019;98.32695007324219;;
SCHBSP.3.WELEC;WB: High income (July 2025);2020;98.3517074584961;UIS_EST;
SCHBSP.3.WELEC;WB: High income (July 2025);2021;98.31864929199219;UIS_EST;
SCHBSP.3.WELEC;WB: High income (July 2025);2022;98.30258178710938;UIS_EST;
SCHBSP.3.WELEC;WB: IBRD only;2011;92.92878723144531;UIS_EST;
SCHBSP.3.WELEC;WB: IBRD only;2012;92.6883316040039;UIS_EST;
SCHBSP.3.WELEC;WB: IBRD only;2013;92.4979476928711;UIS_EST;
SCHBSP.3.WELEC;WB: IBRD only;2014;92.36347961425781;UIS_EST;
SCHBSP.3.WELEC;WB: IBRD only;2015;92.2690200805664;UIS_EST;
SCHBSP.3.WELEC;WB: IBRD only;2016;92.2991714477539;;
SCHBSP.3.WELEC;WB: IBRD only;2017;92.54425811767578;;
SCHBSP.3.WELEC;WB: IBRD only;2018;92.37825012207031;;
SCHBSP.3.WELEC;WB: IBRD only;2019;93.35281372070312;;
SCHBSP.3.WELEC;WB: IBRD only;2020;94.7149887084961;;
SCHBSP.3.WELEC;WB: IBRD only;2021;93.32875061035156;;
SCHBSP.3.WELEC;WB: IBRD only;2022;94.86949157714844;;
SCHBSP.3.WELEC;WB: IBRD only;2023;94.92342376708984;;
SCHBSP.3.WELEC;WB: IBRD only;2024;95.0232925415039;;
SCHBSP.3.WELEC;WB: IDA & IBRD total;2011;82.56680297851562;UIS_EST;
SCHBSP.3.WELEC;WB: IDA & IBRD total;2012;81.84644317626953;UIS_EST;
SCHBSP.3.WELEC;WB: IDA & IBRD total;2013;82.392822265625;UIS_EST;
SCHBSP.3.WELEC;WB: IDA & IBRD total;2014;82.90383911132812;UIS_EST;
SCHBSP.3.WELEC;WB: IDA & IBRD total;2015;83.34452056884766;UIS_EST;
SCHBSP.3.WELEC;WB: IDA & IBRD total;2016;83.9305191040039;;
SCHBSP.3.WELEC;WB: IDA & IBRD total;2017;84.54911041259766;;
SCHBSP.3.WELEC;WB: IDA & IBRD total;2018;84.25953674316406;;
SCHBSP.3.WELEC;WB: IDA & IBRD total;2019;84.70291137695312;;
SCHBSP.3.WELEC;WB: IDA & IBRD total;2020;85.48197174072266;;
SCHBSP.3.WELEC;WB: IDA & IBRD total;2021;84.00025177001953;;
SCHBSP.3.WELEC;WB: IDA & IBRD total;2022;84.91705322265625;UIS_EST;
SCHBSP.3.WELEC;WB: IDA & IBRD total;2023;84.54998779296875;UIS_EST;
SCHBSP.3.WELEC;WB: IDA & IBRD total;2024;84.16380310058594;;
SCHBSP.3.WELEC;WB: IDA blend;2023;53.14439010620117;UIS_EST;
SCHBSP.3.WELEC;WB: IDA blend;2024;52.05760955810547;;
SCHBSP.3.WELEC;WB: IDA only;2011;58.51380920410156;UIS_EST;
SCHBSP.3.WELEC;WB: IDA only;2012;58.21839141845703;UIS_EST;
SCHBSP.3.WELEC;WB: IDA only;2013;60.537109375;UIS_EST;
SCHBSP.3.WELEC;WB: IDA only;2014;62.7946891784668;UIS_EST;
SCHBSP.3.WELEC;WB: IDA only;2015;65.01506805419922;UIS_EST;
SCHBSP.3.WELEC;WB: IDA only;2016;67.44181060791016;UIS_EST;
SCHBSP.3.WELEC;WB: IDA only;2017;67.51573181152344;UIS_EST;
SCHBSP.3.WELEC;WB: IDA only;2018;67.28395080566406;UIS_EST;
SCHBSP.3.WELEC;WB: IDA only;2019;66.9782485961914;UIS_EST;
SCHBSP.3.WELEC;WB: IDA only;2020;66.25041198730469;UIS_EST;
SCHBSP.3.WELEC;WB: IDA only;2021;64.67990112304688;UIS_EST;
SCHBSP.3.WELEC;WB: IDA only;2022;64.53237915039062;UIS_EST;
SCHBSP.3.WELEC;WB: IDA only;2023;64.73310852050781;UIS_EST;
SCHBSP.3.WELEC;WB: IDA only;2024;64.78450775146484;UIS_EST;
SCHBSP.3.WELEC;WB: IDA total;2014;58.20513916015625;UIS_EST;
SCHBSP.3.WELEC;WB: IDA total;2015;59.49897003173828;UIS_EST;
SCHBSP.3.WELEC;WB: IDA total;2016;60.95751953125;UIS_EST;
SCHBSP.3.WELEC;WB: IDA total;2017;61.93886184692383;UIS_EST;
SCHBSP.3.WELEC;WB: IDA total;2018;61.64590072631836;UIS_EST;
SCHBSP.3.WELEC;WB: IDA total;2019;61.55455017089844;UIS_EST;
SCHBSP.3.WELEC;WB: IDA total;2020;60.91312026977539;UIS_EST;
SCHBSP.3.WELEC;WB: IDA total;2021;60.01432037353516;UIS_EST;
SCHBSP.3.WELEC;WB: IDA total;2022;60.49760055541992;UIS_EST;
SCHBSP.3.WELEC;WB: IDA total;2023;60.43082046508789;UIS_EST;
SCHBSP.3.WELEC;WB: IDA total;2024;59.77516174316406;UIS_EST;
SCHBSP.3.WELEC;WB: Late-demographic dividend;2010;98.18728637695312;UIS_EST;
SCHBSP.3.WELEC;WB: Late-demographic dividend;2011;98.08122253417969;UIS_EST;
SCHBSP.3.WELEC;WB: Late-demographic dividend;2012;98.00411224365234;UIS_EST;
SCHBSP.3.WELEC;WB: Late-demographic dividend;2013;97.98123931884766;UIS_EST;
SCHBSP.3.WELEC;WB: Late-demographic dividend;2014;97.94052124023438;UIS_EST;
SCHBSP.3.WELEC;WB: Late-demographic dividend;2015;97.90538024902344;UIS_EST;
SCHBSP.3.WELEC;WB: Late-demographic dividend;2016;97.88157653808594;UIS_EST;
SCHBSP.3.WELEC;WB: Late-demographic dividend;2017;97.96930694580078;;
SCHBSP.3.WELEC;WB: Late-demographic dividend;2018;98.00405883789062;UIS_EST;
SCHBSP.3.WELEC;WB: Late-demographic dividend;2019;98.01497650146484;UIS_EST;
SCHBSP.3.WELEC;WB: Late-demographic dividend;2020;97.96066284179688;UIS_EST;
SCHBSP.3.WELEC;WB: Late-demographic dividend;2021;97.32890319824219;UIS_EST;
SCHBSP.3.WELEC;WB: Late-demographic dividend;2022;97.9145278930664;UIS_EST;
SCHBSP.3.WELEC;WB: Late-demographic dividend;2023;98.0666732788086;UIS_EST;
SCHBSP.3.WELEC;WB: Late-demographic dividend;2024;98.0854263305664;UIS_EST;
SCHBSP.3.WELEC;WB: Latin America & Caribbean;2009;91.29386138916016;UIS_EST;
SCHBSP.3.WELEC;WB: Latin America & Caribbean;2010;91.57350158691406;UIS_EST;
SCHBSP.3.WELEC;WB: Latin America & Caribbean;2011;91.15653228759766;UIS_EST;
SCHBSP.3.WELEC;WB: Latin America & Caribbean;2012;90.58615112304688;UIS_EST;
SCHBSP.3.WELEC;WB: Latin America & Caribbean;2013;90.30477142333984;UIS_EST;
SCHBSP.3.WELEC;WB: Latin America & Caribbean;2014;90.0416030883789;UIS_EST;
SCHBSP.3.WELEC;WB: Latin America & Caribbean;2015;89.80574035644531;UIS_EST;
SCHBSP.3.WELEC;WB: Latin America & Caribbean;2016;89.62574005126953;UIS_EST;
SCHBSP.3.WELEC;WB: Latin America & Caribbean;2017;89.39202117919922;UIS_EST;
SCHBSP.3.WELEC;WB: Latin America & Caribbean;2018;89.06910705566406;UIS_EST;
SCHBSP.3.WELEC;WB: Latin America & Caribbean;2019;89.36199188232422;UIS_EST;
SCHBSP.3.WELEC;WB: Latin America & Caribbean;2020;88.5383529663086;UIS_EST;
SCHBSP.3.WELEC;WB: Latin America & Caribbean;2021;87.46661376953125;UIS_EST;
SCHBSP.3.WELEC;WB: Latin America & Caribbean;2022;86.92269134521484;UIS_EST;
SCHBSP.3.WELEC;WB: Latin America & Caribbean;2023;89.07711791992188;UIS_EST;
SCHBSP.3.WELEC;WB: Latin America & Caribbean (IDA & IBRD);2009;91.5303726196289;UIS_EST;
SCHBSP.3.WELEC;WB: Latin America & Caribbean (IDA & IBRD);2010;91.78553009033203;UIS_EST;
SCHBSP.3.WELEC;WB: Latin America & Caribbean (IDA & IBRD);2011;91.38961791992188;UIS_EST;
SCHBSP.3.WELEC;WB: Latin America & Caribbean (IDA & IBRD);2012;90.83273315429688;UIS_EST;
SCHBSP.3.WELEC;WB: Latin America & Caribbean (IDA & IBRD);2013;90.53524017333984;UIS_EST;
SCHBSP.3.WELEC;WB: Latin America & Caribbean (IDA & IBRD);2014;90.25569915771484;UIS_EST;
SCHBSP.3.WELEC;WB: Latin America & Caribbean (IDA & IBRD);2015;90.00540924072266;UIS_EST;
SCHBSP.3.WELEC;WB: Latin America & Caribbean (IDA & IBRD);2016;89.81446075439453;UIS_EST;
SCHBSP.3.WELEC;WB: Latin America & Caribbean (IDA & IBRD);2017;89.57537841796875;;
SCHBSP.3.WELEC;WB: Latin America & Caribbean (IDA & IBRD);2018;89.2430191040039;UIS_EST;
SCHBSP.3.WELEC;WB: Latin America & Caribbean (IDA & IBRD);2019;89.53626251220703;UIS_EST;
SCHBSP.3.WELEC;WB: Latin America & Caribbean (IDA & IBRD);2020;88.69645690917969;UIS_EST;
SCHBSP.3.WELEC;WB: Latin America & Caribbean (IDA & IBRD);2021;87.60643005371094;UIS_EST;
SCHBSP.3.WELEC;WB: Latin America & Caribbean (IDA & IBRD);2022;87.05252838134766;UIS_EST;
SCHBSP.3.WELEC;WB: Latin America & Caribbean (IDA & IBRD);2023;89.22821044921875;UIS_EST;
SCHBSP.3.WELEC;WB: Latin America & Caribbean (excluding high income);2009;93.24394989013672;UIS_EST;
SCHBSP.3.WELEC;WB: Latin America & Caribbean (excluding high income);2010;93.27635192871094;UIS_EST;
SCHBSP.3.WELEC;WB: Latin America & Caribbean (excluding high income);2011;93.090087890625;UIS_EST;
SCHBSP.3.WELEC;WB: Latin America & Caribbean (excluding high income);2012;93.11360931396484;UIS_EST;
SCHBSP.3.WELEC;WB: Latin America & Caribbean (excluding high income);2013;92.99613189697266;UIS_EST;
SCHBSP.3.WELEC;WB: Latin America & Caribbean (excluding high income);2014;92.85823059082031;UIS_EST;
SCHBSP.3.WELEC;WB: Latin America & Caribbean (excluding high income);2015;92.73988342285156;UIS_EST;
SCHBSP.3.WELEC;WB: Latin America & Caribbean (excluding high income);2016;92.6946792602539;;
SCHBSP.3.WELEC;WB: Latin America & Caribbean (excluding high income);2017;92.6208267211914;;
SCHBSP.3.WELEC;WB: Latin America & Caribbean (excluding high income);2018;92.54029083251953;UIS_EST;
SCHBSP.3.WELEC;WB: Latin America & Caribbean (excluding high income);2019;93.15763854980469;UIS_EST;
SCHBSP.3.WELEC;WB: Latin America & Caribbean (excluding high income);2020;92.6189193725586;UIS_EST;
SCHBSP.3.WELEC;WB: Latin America & Caribbean (excluding high income);2021;91.8008804321289;UIS_EST;
SCHBSP.3.WELEC;WB: Latin America & Caribbean (excluding high income);2022;91.59703826904297;UIS_EST;
SCHBSP.3.WELEC;WB: Latin America & Caribbean (excluding high income);2023;91.25328826904297;UIS_EST;
SCHBSP.3.WELEC;WB: Least developed countries: UN classification;2011;52.21585083007813;UIS_EST;
SCHBSP.3.WELEC;WB: Least developed countries: UN classification;2012;51.85319137573242;UIS_EST;
SCHBSP.3.WELEC;WB: Least developed countries: UN classification;2013;54.79177856445313;UIS_EST;
SCHBSP.3.WELEC;WB: Least developed countries: UN classification;2014;57.61660003662109;UIS_EST;
SCHBSP.3.WELEC;WB: Least developed countries: UN classification;2015;60.39786911010742;UIS_EST;
SCHBSP.3.WELEC;WB: Least developed countries: UN classification;2016;63.38521957397461;UIS_EST;
SCHBSP.3.WELEC;WB: Least developed countries: UN classification;2017;63.49253845214844;UIS_EST;
SCHBSP.3.WELEC;WB: Least developed countries: UN classification;2018;63.18613815307617;UIS_EST;
SCHBSP.3.WELEC;WB: Least developed countries: UN classification;2019;63.19356155395508;UIS_EST;
SCHBSP.3.WELEC;WB: Least developed countries: UN classification;2020;62.51462936401367;UIS_EST;
SCHBSP.3.WELEC;WB: Least developed countries: UN classification;2021;60.90435028076172;UIS_EST;
SCHBSP.3.WELEC;WB: Least developed countries: UN classification;2022;61.02756118774414;UIS_EST;
SCHBSP.3.WELEC;WB: Least developed countries: UN classification;2023;61.37474822998047;UIS_EST;
SCHBSP.3.WELEC;WB: Least developed countries: UN classification;2024;61.55361938476563;UIS_EST;
SCHBSP.3.WELEC;WB: Low & middle income (July 2025);2011;82.4126968383789;UIS_EST;
SCHBSP.3.WELEC;WB: Low & middle income (July 2025);2012;81.77159118652344;UIS_EST;
SCHBSP.3.WELEC;WB: Low & middle income (July 2025);2013;82.39187622070312;UIS_EST;
SCHBSP.3.WELEC;WB: Low & middle income (July 2025);2014;82.99314880371094;UIS_EST;
SCHBSP.3.WELEC;WB: Low & middle income (July 2025);2015;83.5038833618164;UIS_EST;
SCHBSP.3.WELEC;WB: Low & middle income (July 2025);2016;84.14344024658203;;
SCHBSP.3.WELEC;WB: Low & middle income (July 2025);2017;84.8079605102539;;
SCHBSP.3.WELEC;WB: Low & middle income (July 2025);2018;84.56745910644531;;
SCHBSP.3.WELEC;WB: Low & middle income (July 2025);2019;85.0673828125;;
SCHBSP.3.WELEC;WB: Low & middle income (July 2025);2020;85.9201431274414;;
SCHBSP.3.WELEC;WB: Low & middle income (July 2025);2021;84.4604721069336;;
SCHBSP.3.WELEC;WB: Low & middle income (July 2025);2022;85.45787048339844;UIS_EST;
SCHBSP.3.WELEC;WB: Low & middle income (July 2025);2023;84.69773864746094;UIS_EST;
SCHBSP.3.WELEC;WB: Low & middle income (July 2025);2024;84.27806854248047;;
SCHBSP.3.WELEC;WB: Low income (July 2025);2014;44.49029159545898;UIS_EST;
SCHBSP.3.WELEC;WB: Low income (July 2025);2015;45.15184020996094;UIS_EST;
SCHBSP.3.WELEC;WB: Low income (July 2025);2016;46.18191909790039;UIS_EST;
SCHBSP.3.WELEC;WB: Low income (July 2025);2017;45.88328170776367;UIS_EST;
SCHBSP.3.WELEC;WB: Low income (July 2025);2018;44.91997909545898;UIS_EST;
SCHBSP.3.WELEC;WB: Low income (July 2025);2019;44.34484100341797;UIS_EST;
SCHBSP.3.WELEC;WB: Low income (July 2025);2020;43.80165100097656;UIS_EST;
SCHBSP.3.WELEC;WB: Low income (July 2025);2021;41.40269088745117;;
SCHBSP.3.WELEC;WB: Low income (July 2025);2022;41.83827972412109;UIS_EST;
SCHBSP.3.WELEC;WB: Low income (July 2025);2023;42.92541885375977;;
SCHBSP.3.WELEC;WB: Low income (July 2025);2024;43.35116958618164;UIS_EST;
SCHBSP.3.WELEC;WB: Lower middle income (July 2025);2011;77.62348175048828;UIS_EST;
SCHBSP.3.WELEC;WB: Lower middle income (July 2025);2012;76.8211669921875;UIS_EST;
SCHBSP.3.WELEC;WB: Lower middle income (July 2025);2013;78.42073059082031;UIS_EST;
SCHBSP.3.WELEC;WB: Lower middle income (July 2025);2014;79.8581314086914;UIS_EST;
SCHBSP.3.WELEC;WB: Lower middle income (July 2025);2015;81.16763305664062;UIS_EST;
SCHBSP.3.WELEC;WB: Lower middle income (July 2025);2016;82.38883972167969;;
SCHBSP.3.WELEC;WB: Lower middle income (July 2025);2017;83.58708953857422;;
SCHBSP.3.WELEC;WB: Lower middle income (July 2025);2018;83.59152221679688;;
SCHBSP.3.WELEC;WB: Lower middle income (July 2025);2019;84.89691925048828;;
SCHBSP.3.WELEC;WB: Lower middle income (July 2025);2020;86.73764038085938;;
SCHBSP.3.WELEC;WB: Lower middle income (July 2025);2021;85.43329620361328;;
SCHBSP.3.WELEC;WB: Lower middle income (July 2025);2022;87.29026794433594;;
SCHBSP.3.WELEC;WB: Lower middle income (July 2025);2023;86.05497741699219;;
SCHBSP.3.WELEC;WB: Lower middle income (July 2025);2024;85.38584899902344;;
SCHBSP.3.WELEC;WB: Middle East & North Africa (IDA & IBRD);2011;70.172607421875;UIS_EST;
SCHBSP.3.WELEC;WB: Middle East & North Africa (IDA & IBRD);2012;65.67333221435547;UIS_EST;
SCHBSP.3.WELEC;WB: Middle East & North Africa (IDA & IBRD);2013;64.98916625976562;UIS_EST;
SCHBSP.3.WELEC;WB: Middle East & North Africa (IDA & IBRD);2023;55.91590881347656;UIS_EST;
SCHBSP.3.WELEC;WB: Middle East & North Africa (IDA & IBRD);2024;53.91667175292969;;
SCHBSP.3.WELEC;WB: Middle East & North Africa (excluding high income);2011;70.47695922851562;UIS_EST;
SCHBSP.3.WELEC;WB: Middle East & North Africa (excluding high income);2012;66.02352905273438;UIS_EST;
SCHBSP.3.WELEC;WB: Middle East & North Africa (excluding high income);2023;56.44585037231445;UIS_EST;
SCHBSP.3.WELEC;WB: Middle East & North Africa (excluding high income);2024;54.33826065063477;;
SCHBSP.3.WELEC;WB: Middle East & North Africa, Afghanistan, Pakistan;2011;73.94986724853516;UIS_EST;
SCHBSP.3.WELEC;WB: Middle East & North Africa, Afghanistan, Pakistan;2012;70.17793273925781;UIS_EST;
SCHBSP.3.WELEC;WB: Middle East & North Africa, Afghanistan, Pakistan;2019;66.92326354980469;UIS_EST;
SCHBSP.3.WELEC;WB: Middle East & North Africa, Afghanistan, Pakistan;2020;66.05548095703125;UIS_EST;
SCHBSP.3.WELEC;WB: Middle East & North Africa, Afghanistan, Pakistan;2023;61.52938079833984;UIS_EST;
SCHBSP.3.WELEC;WB: Middle East & North Africa, Afghanistan, Pakistan;2024;59.37347030639648;;
SCHBSP.3.WELEC;WB: Middle income (July 2025);2011;86.25144958496094;UIS_EST;
SCHBSP.3.WELEC;WB: Middle income (July 2025);2012;85.63435363769531;UIS_EST;
SCHBSP.3.WELEC;WB: Middle income (July 2025);2013;86.13126373291016;UIS_EST;
SCHBSP.3.WELEC;WB: Middle income (July 2025);2014;86.63007354736328;UIS_EST;
SCHBSP.3.WELEC;WB: Middle income (July 2025);2015;87.0770492553711;UIS_EST;
SCHBSP.3.WELEC;WB: Middle income (July 2025);2016;87.612548828125;;
SCHBSP.3.WELEC;WB: Middle income (July 2025);2017;88.37178802490234;;
SCHBSP.3.WELEC;WB: Middle income (July 2025);2018;88.2513198852539;;
SCHBSP.3.WELEC;WB: Middle income (July 2025);2019;89.01545715332031;;
SCHBSP.3.WELEC;WB: Middle income (July 2025);2020;90.14215850830078;;
SCHBSP.3.WELEC;WB: Middle income (July 2025);2021;89.04695129394531;;
SCHBSP.3.WELEC;WB: Middle income (July 2025);2022;90.26510620117188;UIS_EST;
SCHBSP.3.WELEC;WB: Middle income (July 2025);2023;89.34175872802734;UIS_EST;
SCHBSP.3.WELEC;WB: Middle income (July 2025);2024;88.84278106689453;;
SCHBSP.3.WELEC;WB: North America;2014;100;UIS_EST;
SCHBSP.3.WELEC;WB: North America;2015;100;;
SCHBSP.3.WELEC;WB: North America;2016;100;UIS_EST;
SCHBSP.3.WELEC;WB: North America;2017;100;UIS_EST;
SCHBSP.3.WELEC;WB: North America;2019;100;;
SCHBSP.3.WELEC;WB: North America;2020;100;UIS_EST;
SCHBSP.3.WELEC;WB: OECD members;2006;98.28372955322266;UIS_EST;
SCHBSP.3.WELEC;WB: OECD members;2007;98.26557159423828;UIS_EST;
SCHBSP.3.WELEC;WB: OECD members;2008;98.20968627929688;UIS_EST;
SCHBSP.3.WELEC;WB: OECD members;2009;98.18392181396484;UIS_EST;
SCHBSP.3.WELEC;WB: OECD members;2010;98.1180191040039;UIS_EST;
SCHBSP.3.WELEC;WB: OECD members;2011;98.035888671875;UIS_EST;
SCHBSP.3.WELEC;WB: OECD members;2012;97.97576141357422;UIS_EST;
SCHBSP.3.WELEC;WB: OECD members;2013;97.90396118164062;UIS_EST;
SCHBSP.3.WELEC;WB: OECD members;2014;97.78305053710938;UIS_EST;
SCHBSP.3.WELEC;WB: OECD members;2015;97.66667175292969;;
SCHBSP.3.WELEC;WB: OECD members;2016;97.65003967285156;UIS_EST;
SCHBSP.3.WELEC;WB: OECD members;2017;97.5747299194336;UIS_EST;
SCHBSP.3.WELEC;WB: OECD members;2018;97.42455291748047;UIS_EST;
SCHBSP.3.WELEC;WB: OECD members;2019;97.28327941894531;;
SCHBSP.3.WELEC;WB: OECD members;2020;97.12191009521484;UIS_EST;
SCHBSP.3.WELEC;WB: OECD members;2021;96.9797592163086;UIS_EST;
SCHBSP.3.WELEC;WB: OECD members;2022;97.04239654541016;UIS_EST;
SCHBSP.3.WELEC;WB: Pacific island small states;2015;89.8536376953125;UIS_EST;
SCHBSP.3.WELEC;WB: Pacific island small states;2016;88.97952270507812;;
SCHBSP.3.WELEC;WB: Pacific island small states;2017;92.99030303955078;UIS_EST;
SCHBSP.3.WELEC;WB: Pacific island small states;2018;90.99475860595703;UIS_EST;
SCHBSP.3.WELEC;WB: Pacific island small states;2019;91.15709686279297;UIS_EST;
SCHBSP.3.WELEC;WB: Pacific island small states;2020;90.42279815673828;UIS_EST;
SCHBSP.3.WELEC;WB: Pacific island small states;2021;87.71687316894531;UIS_EST;
SCHBSP.3.WELEC;WB: Pacific island small states;2022;85.26107788085938;UIS_EST;
SCHBSP.3.WELEC;WB: Pacific island small states;2023;82.79956817626953;;
SCHBSP.3.WELEC;WB: Pacific island small states;2024;82.5630874633789;UIS_EST;
SCHBSP.3.WELEC;WB: Post-demographic dividend;2006;99.69750213623047;UIS_EST;
SCHBSP.3.WELEC;WB: Post-demographic dividend;2007;99.7009506225586;UIS_EST;
SCHBSP.3.WELEC;WB: Post-demographic dividend;2008;99.70220184326172;UIS_EST;
SCHBSP.3.WELEC;WB: Post-demographic dividend;2009;99.70231628417969;UIS_EST;
SCHBSP.3.WELEC;WB: Post-demographic dividend;2010;99.70218658447266;UIS_EST;
SCHBSP.3.WELEC;WB: Post-demographic dividend;2011;99.69679260253906;UIS_EST;
SCHBSP.3.WELEC;WB: Post-demographic dividend;2012;99.69312286376953;UIS_EST;
SCHBSP.3.WELEC;WB: Post-demographic dividend;2013;99.70185852050781;UIS_EST;
SCHBSP.3.WELEC;WB: Post-demographic dividend;2014;99.71116638183594;UIS_EST;
SCHBSP.3.WELEC;WB: Post-demographic dividend;2015;99.72113800048828;;
SCHBSP.3.WELEC;WB: Post-demographic dividend;2016;99.72846221923828;UIS_EST;
SCHBSP.3.WELEC;WB: Post-demographic dividend;2017;99.64511108398438;UIS_EST;
SCHBSP.3.WELEC;WB: Post-demographic dividend;2018;99.52999877929688;UIS_EST;
SCHBSP.3.WELEC;WB: Post-demographic dividend;2019;99.37297821044922;;
SCHBSP.3.WELEC;WB: Post-demographic dividend;2020;99.41448974609375;UIS_EST;
SCHBSP.3.WELEC;WB: Post-demographic dividend;2021;99.41487884521484;UIS_EST;
SCHBSP.3.WELEC;WB: Post-demographic dividend;2022;99.35237121582031;UIS_EST;
SCHBSP.3.WELEC;WB: Pre-demographic dividend;2014;53.60530853271484;UIS_EST;
SCHBSP.3.WELEC;WB: Pre-demographic dividend;2015;54.79378128051758;UIS_EST;
SCHBSP.3.WELEC;WB: Pre-demographic dividend;2016;56.26858901977539;UIS_EST;
SCHBSP.3.WELEC;WB: Pre-demographic dividend;2017;55.59128952026367;UIS_EST;
SCHBSP.3.WELEC;WB: Pre-demographic dividend;2018;54.21232986450195;UIS_EST;
SCHBSP.3.WELEC;WB: Pre-demographic dividend;2019;52.74052810668945;UIS_EST;
SCHBSP.3.WELEC;WB: Pre-demographic dividend;2020;51.70626068115234;UIS_EST;
SCHBSP.3.WELEC;WB: Pre-demographic dividend;2021;50.76910018920898;UIS_EST;
SCHBSP.3.WELEC;WB: Pre-demographic dividend;2022;51.54899978637695;UIS_EST;
SCHBSP.3.WELEC;WB: Pre-demographic dividend;2023;52.73197937011719;UIS_EST;
SCHBSP.3.WELEC;WB: Pre-demographic dividend;2024;51.76134872436523;UIS_EST;
SCHBSP.3.WELEC;WB: South Asia;2011;82.79029083251953;UIS_EST;
SCHBSP.3.WELEC;WB: South Asia;2012;83.23687744140625;;
SCHBSP.3.WELEC;WB: South Asia;2013;84.98030853271484;UIS_EST;
SCHBSP.3.WELEC;WB: South Asia;2014;86.49073791503906;UIS_EST;
SCHBSP.3.WELEC;WB: South Asia;2015;87.83654022216797;UIS_EST;
SCHBSP.3.WELEC;WB: South Asia;2016;89.06165313720703;;
SCHBSP.3.WELEC;WB: South Asia;2017;90.10665893554688;;
SCHBSP.3.WELEC;WB: South Asia;2018;90.39881134033203;;
SCHBSP.3.WELEC;WB: South Asia;2019;92.2764663696289;;
SCHBSP.3.WELEC;WB: South Asia;2020;95.25708770751953;;
SCHBSP.3.WELEC;WB: South Asia;2021;93.54974365234375;;
SCHBSP.3.WELEC;WB: South Asia;2022;96.42046356201172;;
SCHBSP.3.WELEC;WB: South Asia;2023;96.13603973388672;;
SCHBSP.3.WELEC;WB: South Asia;2024;95.92427062988281;;
SCHBSP.3.WELEC;WB: South Asia (IDA & IBRD);2011;82.79029083251953;UIS_EST;
SCHBSP.3.WELEC;WB: South Asia (IDA & IBRD);2012;83.23687744140625;;
SCHBSP.3.WELEC;WB: South Asia (IDA & IBRD);2013;84.98030853271484;UIS_EST;
SCHBSP.3.WELEC;WB: South Asia (IDA & IBRD);2014;86.49073791503906;UIS_EST;
SCHBSP.3.WELEC;WB: South Asia (IDA & IBRD);2015;87.83654022216797;UIS_EST;
SCHBSP.3.WELEC;WB: South Asia (IDA & IBRD);2016;89.06165313720703;;
SCHBSP.3.WELEC;WB: South Asia (IDA & IBRD);2017;90.10665893554688;;
SCHBSP.3.WELEC;WB: South Asia (IDA & IBRD);2018;90.39881134033203;;
SCHBSP.3.WELEC;WB: South Asia (IDA & IBRD);2019;92.2764663696289;;
SCHBSP.3.WELEC;WB: South Asia (IDA & IBRD);2020;95.25708770751953;;
SCHBSP.3.WELEC;WB: South Asia (IDA & IBRD);2021;93.54974365234375;;
SCHBSP.3.WELEC;WB: South Asia (IDA & IBRD);2022;96.42046356201172;;
SCHBSP.3.WELEC;WB: South Asia (IDA & IBRD);2023;96.13603973388672;;
SCHBSP.3.WELEC;WB: South Asia (IDA & IBRD);2024;95.92427062988281;;
SCHBSP.3.WELEC;WB: Sub-Saharan Africa;2014;57.35969924926758;UIS_EST;
SCHBSP.3.WELEC;WB: Sub-Saharan Africa;2015;58.42596054077148;UIS_EST;
SCHBSP.3.WELEC;WB: Sub-Saharan Africa;2016;59.81808853149414;UIS_EST;
SCHBSP.3.WELEC;WB: Sub-Saharan Africa;2017;59.12382888793945;UIS_EST;
SCHBSP.3.WELEC;WB: Sub-Saharan Africa;2018;57.60842132568359;UIS_EST;
SCHBSP.3.WELEC;WB: Sub-Saharan Africa;2019;56.4465217590332;UIS_EST;
SCHBSP.3.WELEC;WB: Sub-Saharan Africa;2020;55.47183990478516;UIS_EST;
SCHBSP.3.WELEC;WB: Sub-Saharan Africa;2021;54.5538215637207;UIS_EST;
SCHBSP.3.WELEC;WB: Sub-Saharan Africa;2022;55.02090835571289;UIS_EST;
SCHBSP.3.WELEC;WB: Sub-Saharan Africa;2023;55.9676399230957;UIS_EST;
SCHBSP.3.WELEC;WB: Sub-Saharan Africa;2024;55.17121124267578;UIS_EST;
SCHBSP.3.WELEC;WB: Sub-Saharan Africa (IDA & IBRD);2014;57.35969924926758;UIS_EST;
SCHBSP.3.WELEC;WB: Sub-Saharan Africa (IDA & IBRD);2015;58.42596054077148;UIS_EST;
SCHBSP.3.WELEC;WB: Sub-Saharan Africa (IDA & IBRD);2016;59.81808853149414;UIS_EST;
SCHBSP.3.WELEC;WB: Sub-Saharan Africa (IDA & IBRD);2017;59.12382888793945;UIS_EST;
SCHBSP.3.WELEC;WB: Sub-Saharan Africa (IDA & IBRD);2018;57.60842132568359;UIS_EST;
SCHBSP.3.WELEC;WB: Sub-Saharan Africa (IDA & IBRD);2019;56.4465217590332;UIS_EST;
SCHBSP.3.WELEC;WB: Sub-Saharan Africa (IDA & IBRD);2020;55.47183990478516;UIS_EST;
SCHBSP.3.WELEC;WB: Sub-Saharan Africa (IDA & IBRD);2021;54.5538215637207;UIS_EST;
SCHBSP.3.WELEC;WB: Sub-Saharan Africa (IDA & IBRD);2022;55.02090835571289;UIS_EST;
SCHBSP.3.WELEC;WB: Sub-Saharan Africa (IDA & IBRD);2023;55.9676399230957;UIS_EST;
SCHBSP.3.WELEC;WB: Sub-Saharan Africa (IDA & IBRD);2024;55.17121124267578;UIS_EST;
SCHBSP.3.WELEC;WB: Sub-Saharan Africa (excluding high income);2014;57.35374069213867;UIS_EST;
SCHBSP.3.WELEC;WB: Sub-Saharan Africa (excluding high income);2015;58.42023086547852;UIS_EST;
SCHBSP.3.WELEC;WB: Sub-Saharan Africa (excluding high income);2016;59.8126106262207;UIS_EST;
SCHBSP.3.WELEC;WB: Sub-Saharan Africa (excluding high income);2017;59.11801147460938;UIS_EST;
SCHBSP.3.WELEC;WB: Sub-Saharan Africa (excluding high income);2018;57.60176086425781;UIS_EST;
SCHBSP.3.WELEC;WB: Sub-Saharan Africa (excluding high income);2019;56.44041061401367;UIS_EST;
SCHBSP.3.WELEC;WB: Sub-Saharan Africa (excluding high income);2020;55.4657096862793;UIS_EST;
SCHBSP.3.WELEC;WB: Sub-Saharan Africa (excluding high income);2021;54.54795837402344;UIS_EST;
SCHBSP.3.WELEC;WB: Sub-Saharan Africa (excluding high income);2022;55.01536178588867;UIS_EST;
SCHBSP.3.WELEC;WB: Sub-Saharan Africa (excluding high income);2023;55.96240997314453;UIS_EST;
SCHBSP.3.WELEC;WB: Sub-Saharan Africa (excluding high income);2024;55.16571044921875;UIS_EST;
SCHBSP.3.WELEC;WB: Upper middle income (July 2025);2011;96.60619354248047;UIS_EST;
SCHBSP.3.WELEC;WB: Upper middle income (July 2025);2012;96.53704071044922;UIS_EST;
SCHBSP.3.WELEC;WB: Upper middle income (July 2025);2015;96.3311767578125;UIS_EST;
SCHBSP.3.WELEC;WB: Upper middle income (July 2025);2016;96.36321258544922;UIS_EST;
SCHBSP.3.WELEC;WB: Upper middle income (July 2025);2017;96.4130630493164;;
SCHBSP.3.WELEC;WB: Upper middle income (July 2025);2018;96.47727966308594;UIS_EST;
SCHBSP.3.WELEC;WB: Upper middle income (July 2025);2019;96.54704284667969;UIS_EST;
SCHBSP.3.WELEC;WB: Upper middle income (July 2025);2020;96.46257781982422;UIS_EST;
SCHBSP.3.WELEC;WB: Upper middle income (July 2025);2021;95.93525695800781;UIS_EST;
SCHBSP.3.WELEC;WB: Upper middle income (July 2025);2022;96.05117797851562;UIS_EST;
SCHBSP.3.WELEC;WB: Upper middle income (July 2025);2023;95.88471984863281;UIS_EST;
SCHBSP.3.WELEC;WB: Upper middle income (July 2025);2024;96.2231216430664;UIS_EST;
SCHBSP.3.WELEC;WB: World;2011;85.54606628417969;UIS_EST;
SCHBSP.3.WELEC;WB: World;2012;84.95977783203125;UIS_EST;
SCHBSP.3.WELEC;WB: World;2013;85.29947662353516;UIS_EST;
SCHBSP.3.WELEC;WB: World;2014;85.62767791748047;UIS_EST;
SCHBSP.3.WELEC;WB: World;2015;85.91739654541016;UIS_EST;
SCHBSP.3.WELEC;WB: World;2016;86.33756256103516;UIS_EST;
SCHBSP.3.WELEC;WB: World;2017;86.83271789550781;;
SCHBSP.3.WELEC;WB: World;2018;86.5491714477539;UIS_EST;
SCHBSP.3.WELEC;WB: World;2019;86.87954711914062;;
SCHBSP.3.WELEC;WB: World;2020;87.53135681152344;UIS_EST;
SCHBSP.3.WELEC;WB: World;2021;86.23497772216797;UIS_EST;
SCHBSP.3.WELEC;WB: World;2022;86.98789978027344;UIS_EST;
SCHBSP.3.WELEC;WB: World;2023;86.62757110595703;UIS_EST;
SCHBSP.3.WELEC;WB: World;2024;86.27897644042969;UIS_EST;
SCHBSP.3.WELEC;WSM;2016;100;;
SCHBSP.3.WELEC;WSM;2017;100;;
SCHBSP.3.WELEC;WSM;2018;100;;
SCHBSP.3.WELEC;WSM;2019;100;;
SCHBSP.3.WELEC;WSM;2020;100;;
SCHBSP.3.WELEC;WSM;2021;100;;
SCHBSP.3.WELEC;WSM;2022;100;;
SCHBSP.3.WELEC;WSM;2023;100;;
SCHBSP.3.WELEC;WSM;2024;100;;
SCHBSP.3.WELEC;YEM;2016;60.87258148193359;;
SCHBSP.3.WELEC;ZMB;2016;50.52878965922444;;
SCHBSP.3.WELEC;ZMB;2024;65.94167078596145;;
SCHBSP.3.WELEC;ZWE;2013;95.54973821989529;;
SCHBSP.3.WELEC;ZWE;2014;95.75530586766541;;
SCHBSP.3.WELEC;ZWE;2015;95.11698880976603;;
SCHBSP.3.WELEC;ZWE;2016;97.33333333333334;;
SCHBSP.3.WELEC;ZWE;2017;94.2713567839196;;
SCHBSP.3.WELEC;ZWE;2018;96.55502392344498;;
SCHBSP.3.WELEC;ZWE;2019;95.85585585585585;;
SCHBSP.3.WELEC;ZWE;2020;95.47920433996383;;
SCHBSP.3.WELEC;ZWE;2021;95.54973821989529;;
SCHBSP.3.WELEC;ZWE;2022;96.05609114811568;;
SCHBSP.3.WELEC;ZWE;2023;97.85407725321889;;
SCHBSP.3.WELEC;ZWE;2024;97.87735849056604;;